// Klein bottle mesh generated for LDraw/View3D-12
// Figure-8 immersion, normalised so the model fits inside the unit cube [0,1]^3.
// The U seam is stitched with the Klein-bottle twist: (2*pi, v) == (0, -v).
*Mesh klein_bottle A035B4FF
{
	*Verts
	{
		0.809654 0.500000 0.500000
		0.829772 0.500000 0.539892
		0.849546 0.500000 0.577065
		0.868637 0.500000 0.608987
		0.886719 0.500000 0.633481
		0.903482 0.500000 0.648879
		0.918641 0.500000 0.654131
		0.931934 0.500000 0.648879
		0.943135 0.500000 0.633481
		0.952052 0.500000 0.608987
		0.958533 0.500000 0.577065
		0.962466 0.500000 0.539892
		0.963784 0.500000 0.500000
		0.962466 0.500000 0.460108
		0.958533 0.500000 0.422935
		0.952052 0.500000 0.391013
		0.943135 0.500000 0.366519
		0.931934 0.500000 0.351121
		0.918641 0.500000 0.345869
		0.903482 0.500000 0.351121
		0.886719 0.500000 0.366519
		0.868637 0.500000 0.391013
		0.849546 0.500000 0.422935
		0.829772 0.500000 0.460108
		0.809654 0.500000 0.500000
		0.789536 0.500000 0.539892
		0.769762 0.500000 0.577065
		0.750670 0.500000 0.608987
		0.732588 0.500000 0.633481
		0.715825 0.500000 0.648879
		0.700667 0.500000 0.654131
		0.687373 0.500000 0.648879
		0.676172 0.500000 0.633481
		0.667255 0.500000 0.608987
		0.660775 0.500000 0.577065
		0.656841 0.500000 0.539892
		0.655523 0.500000 0.500000
		0.656841 0.500000 0.460108
		0.660775 0.500000 0.422935
		0.667255 0.500000 0.391013
		0.676172 0.500000 0.366519
		0.687373 0.500000 0.351121
		0.700667 0.500000 0.345869
		0.715825 0.500000 0.351121
		0.732588 0.500000 0.366519
		0.750670 0.500000 0.391013
		0.769762 0.500000 0.422935
		0.789536 0.500000 0.460108
		0.808994 0.520161 0.500000
		0.827755 0.521391 0.540529
		0.846263 0.522604 0.578329
		0.864261 0.523784 0.610858
		0.881495 0.524913 0.635931
		0.897711 0.525976 0.651869
		0.912657 0.526956 0.657614
		0.926086 0.527836 0.652800
		0.937760 0.528601 0.637777
		0.947453 0.529236 0.613588
		0.954958 0.529728 0.581895
		0.960095 0.530065 0.544870
		0.962712 0.530237 0.505043
		0.962699 0.530236 0.465129
		0.959990 0.530058 0.427847
		0.954569 0.529703 0.395731
		0.946476 0.529172 0.370958
		0.935807 0.528473 0.355202
		0.922721 0.527615 0.349518
		0.907432 0.526613 0.354271
		0.890211 0.525485 0.369112
		0.871377 0.524250 0.393001
		0.851295 0.522934 0.424281
		0.830360 0.521562 0.460788
		0.808994 0.520161 0.500000
		0.787627 0.518761 0.539212
		0.766692 0.517389 0.575719
		0.746610 0.516072 0.606999
		0.727776 0.514838 0.630888
		0.710555 0.513709 0.645729
		0.695266 0.512707 0.650482
		0.682180 0.511849 0.644798
		0.671512 0.511150 0.629042
		0.663418 0.510620 0.604269
		0.657997 0.510264 0.572153
		0.655288 0.510087 0.534871
		0.655275 0.510086 0.494957
		0.657893 0.510258 0.455130
		0.663029 0.510594 0.418105
		0.670535 0.511086 0.386412
		0.680228 0.511721 0.362223
		0.691901 0.512487 0.347200
		0.705330 0.513367 0.342386
		0.720277 0.514346 0.348131
		0.736492 0.515409 0.364069
		0.753726 0.516539 0.389142
		0.771724 0.517719 0.421671
		0.790232 0.518932 0.459471
		0.807016 0.540236 0.500000
		0.824333 0.542516 0.541122
		0.841485 0.544774 0.579509
		0.858303 0.546988 0.612611
		0.874603 0.549134 0.638236
		0.890190 0.551186 0.654697
		0.904845 0.553116 0.660929
		0.918337 0.554892 0.656558
		0.930417 0.556482 0.641925
		0.940827 0.557853 0.618067
		0.949308 0.558969 0.586638
		0.955610 0.559799 0.549801
		0.959501 0.560311 0.510081
		0.960784 0.560480 0.470188
		0.959303 0.560285 0.432837
		0.954961 0.559714 0.400560
		0.947728 0.558761 0.375535
		0.937645 0.557434 0.359437
		0.924834 0.555747 0.353327
		0.909497 0.553728 0.357577
		0.891914 0.551413 0.371845
		0.872437 0.548849 0.395104
		0.851480 0.546090 0.425709
		0.829506 0.543197 0.461509
		0.807016 0.540236 0.500000
		0.784526 0.537275 0.538491
		0.762553 0.534383 0.574291
		0.741596 0.531623 0.604896
		0.722119 0.529059 0.628155
		0.704536 0.526744 0.642423
		0.689199 0.524725 0.646673
		0.676388 0.523039 0.640563
		0.666305 0.521711 0.624465
		0.659072 0.520759 0.599440
		0.654730 0.520187 0.567163
		0.653249 0.519992 0.529812
		0.654531 0.520161 0.489919
		0.658423 0.520673 0.450199
		0.664724 0.521503 0.413362
		0.673206 0.522620 0.381933
		0.683616 0.523990 0.358075
		0.695696 0.525581 0.343442
		0.709188 0.527357 0.339071
		0.723843 0.529286 0.345303
		0.739429 0.531338 0.361764
		0.755730 0.533484 0.387389
		0.772548 0.535698 0.420491
		0.789700 0.537956 0.458878
		0.803730 0.560139 0.500000
		0.819532 0.563282 0.541672
		0.835259 0.566410 0.580604
		0.850825 0.569506 0.614243
		0.866119 0.572549 0.640392
		0.881001 0.575509 0.657359
		0.895291 0.578351 0.664071
		0.908771 0.581033 0.660148
		0.921184 0.583502 0.645922
		0.932243 0.585702 0.622420
		0.941637 0.587570 0.591287
		0.949050 0.589045 0.554678
		0.954172 0.590063 0.515107
		0.956720 0.590570 0.475278
		0.956454 0.590517 0.437898
		0.953197 0.589870 0.405495
		0.946848 0.588607 0.380245
		0.937396 0.586727 0.363824
		0.924926 0.584246 0.357294
		0.909626 0.581203 0.361035
		0.891783 0.577654 0.374715
		0.871779 0.573675 0.397319
		0.850076 0.569358 0.427216
		0.827202 0.564808 0.462272
		0.803730 0.560139 0.500000
		0.780259 0.555470 0.537728
		0.757385 0.550920 0.572784
		0.735682 0.546603 0.602681
		0.715678 0.542624 0.625285
		0.697835 0.539075 0.638965
		0.682535 0.536032 0.642706
		0.670065 0.533551 0.636176
		0.660612 0.531671 0.619755
		0.654264 0.530408 0.594505
		0.651007 0.529760 0.562102
		0.650741 0.529707 0.524722
		0.653289 0.530214 0.484893
		0.658411 0.531233 0.445322
		0.665824 0.532708 0.408713
		0.675218 0.534576 0.377580
		0.686277 0.536776 0.354078
		0.698690 0.539245 0.339852
		0.712170 0.541926 0.335929
		0.726460 0.544769 0.342641
		0.741342 0.547729 0.359608
		0.756636 0.550771 0.385757
		0.772202 0.553867 0.419396
		0.787929 0.556996 0.458328
		0.799150 0.579784 0.500000
		0.813387 0.583599 0.542177
		0.827637 0.587417 0.581613
		0.841895 0.591237 0.615753
		0.856123 0.595050 0.642398
		0.870236 0.598831 0.659852
		0.884090 0.602544 0.667038
		0.897483 0.606132 0.663566
		0.910151 0.609527 0.649762
		0.921778 0.612642 0.626641
		0.932009 0.615384 0.595839
		0.940463 0.617649 0.559497
		0.946755 0.619335 0.520118
		0.950522 0.620344 0.480395
		0.951442 0.620590 0.443027
		0.949260 0.620006 0.410532
		0.943809 0.618545 0.385084
		0.935023 0.616191 0.368356
		0.922955 0.612957 0.361413
		0.907777 0.608890 0.364642
		0.889782 0.604069 0.377720
		0.869377 0.598601 0.399644
		0.847069 0.592624 0.428801
		0.823446 0.586294 0.463075
		0.799150 0.579784 0.500000
		0.774854 0.573274 0.536925
		0.751231 0.566944 0.571199
		0.728923 0.560967 0.600356
		0.708518 0.555499 0.622280
		0.690523 0.550677 0.635358
		0.675345 0.546610 0.638587
		0.663276 0.543377 0.631644
		0.654491 0.541023 0.614916
		0.649039 0.539562 0.589468
		0.646858 0.538977 0.556973
		0.647778 0.539224 0.519605
		0.651545 0.540233 0.479882
		0.657837 0.541919 0.440503
		0.666290 0.544184 0.404161
		0.676521 0.546926 0.373359
		0.688149 0.550041 0.350238
		0.700817 0.553436 0.336434
		0.714210 0.557024 0.332962
		0.728064 0.560737 0.340148
		0.742176 0.564518 0.357602
		0.756405 0.568330 0.384247
		0.770663 0.572151 0.418387
		0.784913 0.575969 0.457823
		0.793294 0.599087 0.500000
		0.805937 0.603379 0.542636
		0.818677 0.607704 0.582534
		0.831590 0.612087 0.617139
		0.844705 0.616539 0.644252
		0.857992 0.621049 0.662175
		0.871344 0.625582 0.669826
		0.884574 0.630073 0.666809
		0.897414 0.634431 0.653442
		0.909523 0.638542 0.630727
		0.920502 0.642269 0.600288
		0.929911 0.645462 0.564252
		0.937296 0.647969 0.525107
		0.942217 0.649640 0.485533
		0.944277 0.650339 0.448216
		0.943146 0.649955 0.415665
		0.938593 0.648410 0.390045
		0.930503 0.645664 0.373029
		0.918894 0.641723 0.365681
		0.903922 0.636640 0.368394
		0.885885 0.630518 0.380855
		0.865213 0.623500 0.402077
		0.842452 0.615774 0.430462
		0.818244 0.607557 0.463918
		0.793294 0.599087 0.500000
		0.768345 0.590618 0.536082
		0.744136 0.582401 0.569538
		0.721376 0.574674 0.597923
		0.700704 0.567657 0.619145
		0.682667 0.561535 0.631606
		0.667695 0.556452 0.634319
		0.656085 0.552511 0.626971
		0.647996 0.549765 0.609955
		0.643443 0.548220 0.584335
		0.642312 0.547836 0.551784
		0.644371 0.548535 0.514467
		0.649293 0.550205 0.474893
		0.656678 0.552712 0.435748
		0.666087 0.555906 0.399712
		0.677065 0.559633 0.369273
		0.689175 0.563744 0.346558
		0.702015 0.568102 0.333191
		0.715244 0.572593 0.330174
		0.728596 0.577125 0.337825
		0.741883 0.581636 0.355748
		0.754998 0.586088 0.382861
		0.767911 0.590471 0.417466
		0.780652 0.594796 0.457364
		0.786189 0.617967 0.500000
		0.797228 0.622539 0.543050
		0.808446 0.627186 0.583367
		0.819991 0.631968 0.618400
		0.831961 0.636926 0.645951
		0.844376 0.642068 0.664323
		0.857164 0.647366 0.672432
		0.870156 0.652747 0.669874
		0.883081 0.658101 0.656957
		0.895576 0.663276 0.634673
		0.907202 0.668092 0.604629
		0.917466 0.672343 0.568938
		0.925851 0.675817 0.530069
		0.931846 0.678300 0.490687
		0.934982 0.679599 0.453460
		0.934863 0.679550 0.420888
		0.931198 0.678032 0.395125
		0.923824 0.674977 0.377837
		0.912725 0.670380 0.370093
		0.898043 0.664298 0.372287
		0.880078 0.656857 0.384118
		0.859279 0.648242 0.404614
		0.836226 0.638693 0.432198
		0.811608 0.628496 0.464799
		0.786189 0.617967 0.500000
		0.760769 0.607437 0.535201
		0.736151 0.597240 0.567802
		0.713098 0.587692 0.595386
		0.692299 0.579076 0.615882
		0.674334 0.571635 0.627713
		0.659652 0.565553 0.629907
		0.648553 0.560956 0.622163
		0.641179 0.557902 0.604875
		0.637514 0.556383 0.579112
		0.637395 0.556334 0.546540
		0.640531 0.557633 0.509313
		0.646526 0.560117 0.469931
		0.654911 0.563590 0.431062
		0.665176 0.567841 0.395371
		0.676801 0.572657 0.365327
		0.689296 0.577832 0.343043
		0.702221 0.583186 0.330126
		0.715213 0.588568 0.327568
		0.728002 0.593865 0.335677
		0.740416 0.599007 0.354049
		0.752386 0.603965 0.381600
		0.763932 0.608747 0.416633
		0.775149 0.613394 0.456950
		0.777863 0.636341 0.500000
		0.787311 0.641000 0.543418
		0.797012 0.645784 0.584111
		0.807186 0.650801 0.619534
		0.817991 0.656129 0.647494
		0.829497 0.661804 0.666296
		0.841667 0.667805 0.674853
		0.854348 0.674059 0.672757
		0.867267 0.680430 0.660305
		0.880044 0.686731 0.638475
		0.892206 0.692728 0.608859
		0.903212 0.698156 0.573550
		0.912488 0.702730 0.534999
		0.919461 0.706169 0.495850
		0.923596 0.708208 0.458755
		0.924436 0.708622 0.426195
		0.921636 0.707242 0.400316
		0.914989 0.703963 0.382777
		0.904447 0.698765 0.374644
		0.890138 0.691708 0.376317
		0.872360 0.682941 0.387505
		0.851578 0.672693 0.407254
		0.828402 0.661263 0.434006
		0.803560 0.649013 0.465718
		0.777863 0.636341 0.500000
		0.752167 0.623669 0.534282
		0.727325 0.611418 0.565994
		0.704149 0.599989 0.592746
		0.683367 0.589740 0.612495
		0.665589 0.580973 0.623683
		0.651279 0.573916 0.625356
		0.640738 0.568718 0.617223
		0.634091 0.565440 0.599684
		0.631290 0.564059 0.573805
		0.632131 0.564473 0.541245
		0.636266 0.566513 0.504150
		0.643239 0.569951 0.465001
		0.652515 0.574526 0.426450
		0.663521 0.579953 0.391141
		0.675683 0.585951 0.361525
		0.688460 0.592252 0.339695
		0.701379 0.598623 0.327243
		0.714060 0.604876 0.325147
		0.726230 0.610878 0.333704
		0.737736 0.616552 0.352506
		0.748541 0.621880 0.380466
		0.758715 0.626898 0.415889
		0.768416 0.631682 0.456582
		0.768354 0.654131 0.500000
		0.776242 0.658685 0.543740
		0.784451 0.663424 0.584764
		0.793266 0.668514 0.620539
		0.802902 0.674077 0.648879
		0.813473 0.680180 0.668091
		0.824976 0.686821 0.677087
		0.837273 0.693921 0.675454
		0.850095 0.701324 0.663480
		0.863044 0.708800 0.642129
		0.875620 0.716061 0.612972
		0.887243 0.722771 0.578083
		0.897287 0.728570 0.539892
		0.905126 0.733096 0.501018
		0.910168 0.736007 0.464093
		0.911902 0.737008 0.431582
		0.909933 0.735871 0.405615
		0.904014 0.732454 0.387842
		0.894071 0.726713 0.379329
		0.880214 0.718713 0.380479
		0.862740 0.708624 0.391013
		0.842124 0.696721 0.409993
		0.818998 0.683370 0.435885
		0.794125 0.669009 0.466674
		0.768354 0.654131 0.500000
		0.742584 0.639252 0.533326
		0.717710 0.624891 0.564115
		0.694585 0.611540 0.590007
		0.673969 0.599637 0.608987
		0.656495 0.589549 0.619521
		0.642638 0.581548 0.620671
		0.632695 0.575808 0.612158
		0.626776 0.572391 0.594385
		0.624807 0.571254 0.568418
		0.626541 0.572255 0.535907
		0.631583 0.575166 0.498982
		0.639421 0.579691 0.460108
		0.649466 0.585491 0.421917
		0.661089 0.592201 0.387028
		0.673665 0.599462 0.357871
		0.686614 0.606938 0.336520
		0.699435 0.614340 0.324546
		0.711733 0.621440 0.322913
		0.723235 0.628081 0.331909
		0.733807 0.634185 0.351121
		0.743443 0.639748 0.379461
		0.752258 0.644837 0.415236
		0.760467 0.649577 0.456260
		0.757702 0.671261 0.500000
		0.764081 0.675523 0.544014
		0.770842 0.680041 0.585327
		0.778328 0.685043 0.621416
		0.786803 0.690706 0.650104
		0.796425 0.697135 0.669705
		0.807218 0.704346 0.679131
		0.819063 0.712261 0.677964
		0.831691 0.720699 0.666481
		0.844698 0.729390 0.645630
		0.857559 0.737983 0.616964
		0.869661 0.746070 0.582533
		0.880339 0.753204 0.544742
		0.888918 0.758937 0.506185
		0.894761 0.762841 0.469470
		0.897309 0.764543 0.437042
		0.896126 0.763753 0.411014
		0.890930 0.760281 0.393028
		0.881621 0.754061 0.384143
		0.868293 0.745155 0.384769
		0.851238 0.733760 0.394637
		0.830939 0.720196 0.412828
		0.808044 0.704898 0.437833
		0.783338 0.688390 0.467666
		0.757702 0.671261 0.500000
		0.732066 0.654132 0.532334
		0.707361 0.637624 0.562167
		0.684466 0.622326 0.587172
		0.664166 0.608762 0.605363
		0.647112 0.597367 0.615231
		0.633783 0.588461 0.615857
		0.624474 0.582241 0.606972
		0.619278 0.578769 0.588986
		0.618095 0.577979 0.562958
		0.620643 0.579681 0.530530
		0.626486 0.583585 0.493815
		0.635065 0.589318 0.455258
		0.645743 0.596452 0.417467
		0.657845 0.604538 0.383036
		0.670706 0.613132 0.354370
		0.683713 0.621823 0.333519
		0.696342 0.630261 0.322036
		0.708186 0.638176 0.320869
		0.718979 0.645387 0.330295
		0.728601 0.651816 0.349896
		0.737077 0.657479 0.378584
		0.744562 0.662481 0.414673
		0.751323 0.666999 0.455986
		0.745952 0.687658 0.500000
		0.750893 0.691449 0.544242
		0.756268 0.695574 0.585798
		0.762470 0.700332 0.622163
		0.769808 0.705963 0.651169
		0.778475 0.712613 0.671138
		0.788523 0.720323 0.680984
		0.799849 0.729014 0.680284
		0.812190 0.738484 0.669303
		0.825136 0.748417 0.648975
		0.838145 0.758400 0.620831
		0.850580 0.767941 0.586895
		0.861743 0.776507 0.549544
		0.870926 0.783553 0.511345
		0.877451 0.788560 0.474880
		0.880722 0.791070 0.442569
		0.880270 0.790723 0.416509
		0.875782 0.787279 0.398328
		0.867135 0.780644 0.389082
		0.854408 0.770878 0.389182
		0.837887 0.758202 0.398375
		0.818057 0.742986 0.415757
		0.795574 0.725734 0.439847
		0.771239 0.707061 0.468692
		0.745952 0.687658 0.500000
		0.720666 0.668255 0.531308
		0.696331 0.649582 0.560153
		0.673848 0.632330 0.584243
		0.654017 0.617113 0.601625
		0.637497 0.604437 0.610818
		0.624770 0.594671 0.610918
		0.616123 0.588036 0.601672
		0.611635 0.584592 0.583491
		0.611182 0.584245 0.557431
		0.614454 0.586756 0.525120
		0.620979 0.591762 0.488655
		0.630162 0.598808 0.450456
		0.641325 0.607375 0.413105
		0.653760 0.616916 0.379169
		0.666769 0.626898 0.351025
		0.679714 0.636832 0.330697
		0.692056 0.646301 0.319716
		0.703382 0.654992 0.319016
		0.713430 0.662702 0.328862
		0.722097 0.669353 0.348831
		0.729434 0.674983 0.377837
		0.735636 0.679742 0.414202
		0.741012 0.683867 0.455758
		0.733155 0.703251 0.500000
		0.736747 0.706400 0.544422
		0.740816 0.709969 0.586178
		0.745795 0.714336 0.622778
		0.752032 0.719805 0.652072
		0.759750 0.726574 0.672388
		0.769025 0.734708 0.682643
		0.779770 0.744131 0.682410
		0.791729 0.754619 0.671945
		0.804490 0.765810 0.652161
		0.817505 0.777223 0.624569
		0.830117 0.788284 0.591163
		0.841610 0.798363 0.554293
		0.851247 0.806814 0.516493
		0.858324 0.813021 0.480317
		0.862218 0.816436 0.448158
		0.862430 0.816622 0.422093
		0.858626 0.813286 0.403737
		0.850663 0.806303 0.394139
		0.838607 0.795729 0.393715
		0.822733 0.781809 0.402220
		0.803523 0.764961 0.418775
		0.781635 0.745767 0.441926
		0.757876 0.724931 0.469751
		0.733155 0.703251 0.500000
		0.708434 0.681571 0.530249
		0.684676 0.660735 0.558074
		0.662788 0.641541 0.581225
		0.643578 0.624693 0.597780
		0.627704 0.610773 0.606285
		0.615647 0.600199 0.605861
		0.607684 0.593216 0.596263
		0.603881 0.589880 0.577907
		0.604093 0.590066 0.551842
		0.607987 0.593481 0.519683
		0.615064 0.599688 0.483507
		0.624701 0.608139 0.445707
		0.636194 0.618218 0.408837
		0.648806 0.629279 0.375431
		0.661820 0.640692 0.347839
		0.674582 0.651883 0.328055
		0.686541 0.662371 0.317590
		0.697286 0.671794 0.317357
		0.706561 0.679928 0.327612
		0.714279 0.686697 0.347928
		0.720515 0.692166 0.377222
		0.725495 0.696533 0.413822
		0.729564 0.700101 0.455578
		0.719366 0.717974 0.500000
		0.721714 0.720322 0.544554
		0.724573 0.723181 0.586465
		0.728407 0.727015 0.623263
		0.733592 0.732199 0.652812
		0.740376 0.738984 0.673453
		0.748858 0.747465 0.684106
		0.758963 0.757571 0.684341
		0.770447 0.769055 0.674402
		0.782900 0.781508 0.655184
		0.795772 0.794380 0.628173
		0.808401 0.807009 0.595334
		0.820057 0.818665 0.558983
		0.829990 0.828598 0.521623
		0.837479 0.836087 0.485774
		0.841884 0.840492 0.453803
		0.842686 0.841294 0.427761
		0.839536 0.838144 0.409248
		0.832273 0.830880 0.399309
		0.820949 0.819557 0.398361
		0.805831 0.804439 0.406171
		0.787390 0.785998 0.421881
		0.766280 0.764888 0.444067
		0.743303 0.741911 0.470843
		0.719366 0.717974 0.500000
		0.695428 0.694036 0.529157
		0.672451 0.671059 0.555933
		0.651342 0.649950 0.578119
		0.632901 0.631509 0.593829
		0.617783 0.616391 0.601639
		0.606459 0.605067 0.600691
		0.599196 0.597804 0.590752
		0.596045 0.594653 0.572239
		0.596848 0.595456 0.546197
		0.601252 0.599860 0.514226
		0.608742 0.607350 0.478377
		0.618675 0.617283 0.441017
		0.630331 0.628939 0.404666
		0.642960 0.641568 0.371827
		0.655831 0.654439 0.344816
		0.668285 0.666893 0.325598
		0.679769 0.678377 0.315659
		0.689874 0.688482 0.315894
		0.698356 0.696964 0.326547
		0.705140 0.703748 0.347188
		0.710325 0.708933 0.376737
		0.714159 0.712767 0.413535
		0.717018 0.715626 0.455446
		0.704643 0.731763 0.500000
		0.705870 0.733163 0.544639
		0.707630 0.735170 0.586660
		0.710410 0.738339 0.623615
		0.714604 0.743122 0.653389
		0.720482 0.749824 0.674332
		0.728156 0.758575 0.685372
		0.737569 0.769308 0.686074
		0.748486 0.781757 0.676672
		0.760507 0.795464 0.658041
		0.773085 0.809807 0.631639
		0.785563 0.824035 0.599403
		0.797210 0.837316 0.563611
		0.807273 0.848791 0.526730
		0.815027 0.857632 0.491247
		0.819821 0.863099 0.459497
		0.821131 0.864592 0.433505
		0.818594 0.861699 0.414857
		0.812039 0.854225 0.404588
		0.801507 0.842215 0.403115
		0.787249 0.825957 0.410222
		0.769724 0.805974 0.425071
		0.749572 0.782995 0.446268
		0.727581 0.757919 0.471967
		0.704643 0.731763 0.500000
		0.681705 0.705608 0.528033
		0.659714 0.680532 0.553732
		0.639562 0.657553 0.574929
		0.622037 0.637569 0.589778
		0.607779 0.621312 0.596885
		0.597247 0.609301 0.595412
		0.590692 0.601827 0.585143
		0.588155 0.598934 0.566495
		0.589465 0.600428 0.540503
		0.594259 0.605895 0.508753
		0.602013 0.614736 0.473270
		0.612076 0.626211 0.436389
		0.623723 0.639492 0.400597
		0.636201 0.653720 0.368361
		0.648779 0.668063 0.341959
		0.660800 0.681770 0.323328
		0.671717 0.694219 0.313926
		0.681130 0.704952 0.314628
		0.688804 0.713703 0.325668
		0.694682 0.720405 0.346611
		0.698876 0.725188 0.376385
		0.701656 0.728357 0.413340
		0.703416 0.730364 0.455361
		0.689050 0.744560 0.500000
		0.689293 0.744877 0.544676
		0.690080 0.745903 0.586762
		0.691909 0.748287 0.623835
		0.695187 0.752558 0.653801
		0.700193 0.759083 0.675025
		0.707055 0.768025 0.686439
		0.715727 0.779327 0.687609
		0.725988 0.792700 0.678753
		0.737452 0.807639 0.660729
		0.749585 0.823452 0.634965
		0.761742 0.839294 0.603365
		0.773202 0.854230 0.568170
		0.783223 0.867290 0.531809
		0.791085 0.877535 0.496730
		0.796141 0.884125 0.465234
		0.797868 0.886375 0.439322
		0.795898 0.883808 0.420558
		0.790054 0.876192 0.409968
		0.780364 0.863563 0.407974
		0.767066 0.846233 0.414370
		0.750598 0.824772 0.428340
		0.731580 0.799987 0.448526
		0.710775 0.772873 0.473120
		0.689050 0.744560 0.500000
		0.667325 0.716248 0.526880
		0.646520 0.689134 0.551474
		0.627501 0.664349 0.571660
		0.611034 0.642888 0.585630
		0.597736 0.625557 0.592026
		0.588046 0.612929 0.590032
		0.582202 0.605313 0.579442
		0.580232 0.602746 0.560678
		0.581958 0.604996 0.534766
		0.587015 0.611586 0.503270
		0.594876 0.621831 0.468191
		0.604897 0.634891 0.431830
		0.616358 0.649827 0.396635
		0.628514 0.665669 0.365035
		0.640648 0.681481 0.339271
		0.652111 0.696421 0.321247
		0.662372 0.709794 0.312391
		0.671044 0.721095 0.313561
		0.677906 0.730038 0.324975
		0.682913 0.736563 0.346199
		0.686191 0.740834 0.376165
		0.688019 0.743217 0.413238
		0.688807 0.744243 0.455324
		0.672653 0.756310 0.500000
		0.672063 0.755427 0.544665
		0.672016 0.755357 0.586771
		0.673010 0.756844 0.623922
		0.675455 0.760503 0.654048
		0.679636 0.766761 0.675530
		0.685687 0.775817 0.687307
		0.693576 0.787624 0.688942
		0.703097 0.801872 0.680642
		0.713881 0.818012 0.663244
		0.725416 0.835276 0.638147
		0.737079 0.852730 0.607217
		0.748172 0.869333 0.572657
		0.757974 0.884002 0.536854
		0.765782 0.895688 0.502215
		0.770967 0.903447 0.471008
		0.773013 0.906509 0.445203
		0.771557 0.904330 0.426343
		0.766419 0.896641 0.415445
		0.757617 0.883467 0.412931
		0.745371 0.865140 0.418608
		0.730096 0.842280 0.431687
		0.712382 0.815768 0.450839
		0.692958 0.786698 0.474302
		0.672653 0.756310 0.500000
		0.652348 0.725922 0.525698
		0.632924 0.696852 0.549161
		0.615210 0.670341 0.568313
		0.599935 0.647481 0.581392
		0.587689 0.629153 0.587069
		0.578887 0.615979 0.584555
		0.573749 0.608290 0.573657
		0.572293 0.606111 0.554797
		0.574339 0.609173 0.528992
		0.579524 0.616933 0.497785
		0.587332 0.628619 0.463146
		0.597134 0.643287 0.427343
		0.608227 0.659890 0.392783
		0.619890 0.677345 0.361853
		0.631425 0.694608 0.336756
		0.642209 0.710748 0.319358
		0.651730 0.724997 0.311058
		0.659619 0.736803 0.312693
		0.665670 0.745860 0.324470
		0.669851 0.752117 0.345952
		0.672296 0.755776 0.376078
		0.673290 0.757264 0.413229
		0.673243 0.757193 0.455335
		0.655523 0.766962 0.500000
		0.654261 0.764777 0.544607
		0.653530 0.763511 0.586687
		0.653817 0.764007 0.623877
		0.655523 0.766962 0.654131
		0.658932 0.772868 0.675847
		0.664183 0.781962 0.687975
		0.671252 0.794206 0.690073
		0.679952 0.809274 0.682339
		0.689936 0.826568 0.665585
		0.700723 0.845251 0.641180
		0.711719 0.864298 0.610954
		0.722263 0.882560 0.577065
		0.731665 0.898845 0.541859
		0.739256 0.911992 0.507699
		0.744430 0.920954 0.476814
		0.746692 0.924872 0.451142
		0.745691 0.923139 0.432207
		0.741248 0.915443 0.421012
		0.733372 0.901800 0.417982
		0.722263 0.882560 0.422935
		0.708310 0.858393 0.435106
		0.692063 0.830252 0.453205
		0.674207 0.799325 0.475512
		0.655523 0.766962 0.500000
		0.636838 0.734600 0.524488
		0.618983 0.703673 0.546795
		0.602736 0.675532 0.564894
		0.588782 0.651364 0.577065
		0.577674 0.632124 0.582018
		0.569797 0.618482 0.578988
		0.565354 0.610786 0.567793
		0.564353 0.609052 0.548858
		0.566616 0.612971 0.523186
		0.571790 0.621933 0.492301
		0.579380 0.635079 0.458141
		0.588782 0.651364 0.422935
		0.599326 0.669627 0.389046
		0.610323 0.688673 0.358820
		0.621109 0.707356 0.334415
		0.631094 0.724651 0.317661
		0.639794 0.739719 0.309927
		0.646863 0.751963 0.312025
		0.652113 0.761057 0.324153
		0.655523 0.766962 0.345869
		0.657229 0.769918 0.376123
		0.657515 0.770414 0.413313
		0.656784 0.769148 0.455393
		0.637733 0.776471 0.500000
		0.635972 0.772901 0.544500
		0.634717 0.770355 0.586510
		0.634432 0.769777 0.623699
		0.635502 0.771948 0.654048
		0.638202 0.777423 0.675976
		0.642669 0.786481 0.688441
		0.648888 0.799093 0.691001
		0.656692 0.814916 0.683840
		0.665762 0.833308 0.667748
		0.675651 0.853363 0.644062
		0.685811 0.873964 0.614572
		0.695623 0.893861 0.581392
		0.704445 0.911750 0.546819
		0.711650 0.926360 0.513174
		0.716671 0.936543 0.482644
		0.719043 0.941352 0.457135
		0.718432 0.940114 0.438144
		0.714666 0.932477 0.426664
		0.707746 0.918444 0.423120
		0.697853 0.898384 0.427343
		0.685341 0.873012 0.438595
		0.670715 0.843353 0.455622
		0.654606 0.810687 0.476747
		0.637733 0.776471 0.500000
		0.620859 0.742256 0.523253
		0.604750 0.709590 0.544378
		0.590124 0.679931 0.561405
		0.577612 0.654558 0.572657
		0.567719 0.634498 0.576880
		0.560799 0.620466 0.573336
		0.557033 0.612829 0.561856
		0.556422 0.611591 0.542865
		0.558794 0.616400 0.517356
		0.563816 0.626582 0.486826
		0.571020 0.641192 0.453181
		0.579842 0.659081 0.418608
		0.589655 0.678979 0.385428
		0.599814 0.699580 0.355938
		0.609704 0.719634 0.332252
		0.618774 0.738027 0.316160
		0.626577 0.753850 0.308999
		0.632797 0.766462 0.311559
		0.637263 0.775519 0.324024
		0.639963 0.780994 0.345952
		0.641034 0.783165 0.376301
		0.640749 0.782588 0.413490
		0.639494 0.780042 0.455500
		0.619359 0.784797 0.500000
		0.617279 0.779775 0.544346
		0.615667 0.775885 0.586240
		0.614955 0.774165 0.623389
		0.615501 0.775483 0.653801
		0.617561 0.780457 0.675917
		0.621268 0.789406 0.688705
		0.626614 0.802313 0.691724
		0.633452 0.818821 0.685144
		0.641497 0.838243 0.669732
		0.650346 0.859606 0.646790
		0.659501 0.881708 0.618067
		0.668401 0.903196 0.585630
		0.676463 0.922659 0.551729
		0.683115 0.938718 0.518635
		0.687840 0.950125 0.488493
		0.690210 0.955847 0.463173
		0.689920 0.955146 0.444147
		0.686807 0.947630 0.432395
		0.680867 0.933290 0.428340
		0.672259 0.912510 0.431830
		0.661298 0.886047 0.442150
		0.648437 0.854997 0.458085
		0.634241 0.820727 0.478008
		0.619359 0.784797 0.500000
		0.604476 0.748867 0.521992
		0.590281 0.714596 0.541915
		0.577419 0.683546 0.557850
		0.566458 0.657083 0.568170
		0.557850 0.636303 0.571660
		0.551911 0.621963 0.567605
		0.548798 0.614447 0.555853
		0.548507 0.613746 0.536827
		0.550878 0.619469 0.511507
		0.555602 0.630875 0.481365
		0.562254 0.646934 0.448271
		0.570316 0.666397 0.414370
		0.579217 0.687885 0.381933
		0.588372 0.709987 0.353210
		0.597220 0.731350 0.330268
		0.605265 0.750773 0.314856
		0.612103 0.767280 0.308276
		0.617449 0.780187 0.311295
		0.621156 0.789136 0.324083
		0.623216 0.794110 0.346199
		0.623762 0.795428 0.376611
		0.623050 0.793709 0.413760
		0.621439 0.789818 0.455654
		0.600479 0.791902 0.500000
		0.598267 0.785384 0.544144
		0.596473 0.780101 0.585879
		0.595485 0.777189 0.622946
		0.595623 0.777596 0.653389
		0.597120 0.782007 0.675669
		0.600098 0.790777 0.688767
		0.604554 0.803906 0.692241
		0.610364 0.821020 0.686250
		0.617280 0.841394 0.671533
		0.624950 0.863989 0.649361
		0.632937 0.887520 0.621436
		0.640751 0.910538 0.589778
		0.647875 0.931526 0.556584
		0.653808 0.949002 0.524076
		0.658091 0.961621 0.494354
		0.660347 0.968267 0.469250
		0.660304 0.968139 0.450210
		0.657814 0.960804 0.438198
		0.652870 0.946240 0.433638
		0.645607 0.924844 0.436389
		0.636296 0.897416 0.445767
		0.625332 0.865114 0.460594
		0.613205 0.829390 0.479292
		0.600479 0.791902 0.500000
		0.587754 0.754414 0.520708
		0.575627 0.718690 0.539406
		0.564662 0.686389 0.554233
		0.555352 0.658961 0.563611
		0.548089 0.637565 0.566362
		0.543145 0.623001 0.561802
		0.540655 0.615666 0.549790
		0.540612 0.615537 0.530750
		0.542868 0.622183 0.505646
		0.547151 0.634802 0.475924
		0.553084 0.652278 0.443416
		0.560208 0.673266 0.410222
		0.568022 0.696284 0.378564
		0.576009 0.719815 0.350639
		0.583679 0.742410 0.328467
		0.590595 0.762784 0.313750
		0.596405 0.779899 0.307759
		0.600861 0.793027 0.311233
		0.603839 0.801798 0.324331
		0.605336 0.806208 0.346611
		0.605474 0.806616 0.377054
		0.604486 0.803704 0.414121
		0.602692 0.798420 0.455856
		0.581176 0.797758 0.500000
		0.579022 0.789718 0.543896
		0.577225 0.783012 0.585425
		0.576115 0.778872 0.622372
		0.575969 0.778325 0.652812
		0.576985 0.782117 0.675233
		0.579270 0.790645 0.688627
		0.582827 0.803920 0.692553
		0.587553 0.821558 0.687156
		0.593243 0.842794 0.673152
		0.599604 0.866531 0.651772
		0.606268 0.891404 0.624675
		0.612824 0.915871 0.593829
		0.618839 0.938318 0.561378
		0.623888 0.957163 0.529492
		0.627587 0.970967 0.500221
		0.629616 0.978537 0.475360
		0.629742 0.979007 0.456326
		0.627840 0.971908 0.444067
		0.623900 0.957204 0.439006
		0.618031 0.935304 0.441017
		0.610459 0.907044 0.449442
		0.601510 0.873644 0.463145
		0.591592 0.836632 0.480599
		0.581176 0.797758 0.500000
		0.570760 0.758884 0.519401
		0.560842 0.721872 0.536855
		0.551893 0.688471 0.550558
		0.544321 0.660212 0.558983
		0.538452 0.638311 0.560994
		0.534512 0.623607 0.555933
		0.532610 0.616508 0.543674
		0.532736 0.616979 0.524640
		0.534765 0.624549 0.499779
		0.538464 0.638353 0.470508
		0.543513 0.657197 0.438622
		0.549528 0.679644 0.406171
		0.556084 0.704112 0.375325
		0.562748 0.728985 0.348228
		0.569109 0.752721 0.326848
		0.574799 0.773958 0.312844
		0.579525 0.791596 0.307447
		0.583082 0.804871 0.311373
		0.585367 0.813398 0.324767
		0.586383 0.817190 0.347188
		0.586237 0.816644 0.377628
		0.585127 0.812504 0.414575
		0.583330 0.805798 0.456104
		0.561531 0.802338 0.500000
		0.559628 0.792770 0.543600
		0.558009 0.784632 0.584880
		0.556937 0.779245 0.621667
		0.556633 0.777714 0.652072
		0.557255 0.780842 0.674609
		0.558891 0.789067 0.688285
		0.561546 0.802413 0.692659
		0.565141 0.820486 0.687862
		0.569517 0.842487 0.674585
		0.574445 0.867262 0.654020
		0.579639 0.893373 0.627780
		0.584775 0.919194 0.597780
		0.589513 0.943015 0.566106
		0.593521 0.963162 0.534875
		0.596494 0.978111 0.506088
		0.598181 0.986591 0.481497
		0.598397 0.987679 0.462489
		0.597043 0.980868 0.449996
		0.594107 0.966108 0.444439
		0.589673 0.943819 0.445707
		0.583915 0.914869 0.453171
		0.577085 0.880533 0.465735
		0.569502 0.842412 0.481926
		0.561531 0.802338 0.500000
		0.553560 0.762265 0.518074
		0.545977 0.724144 0.534265
		0.539147 0.689808 0.546829
		0.533389 0.660858 0.554293
		0.528955 0.638568 0.555561
		0.526019 0.623808 0.550004
		0.524664 0.616998 0.537511
		0.524881 0.618086 0.518503
		0.526568 0.626566 0.493912
		0.529541 0.641514 0.465125
		0.533549 0.661662 0.433894
		0.538287 0.685483 0.402220
		0.543423 0.711304 0.372220
		0.548617 0.737415 0.345980
		0.553545 0.762190 0.325415
		0.557921 0.784191 0.312138
		0.561516 0.802264 0.307341
		0.564171 0.815610 0.311715
		0.565807 0.823834 0.325391
		0.566429 0.826963 0.347928
		0.566124 0.825432 0.378333
		0.565053 0.820044 0.415120
		0.563434 0.811907 0.456400
		0.541628 0.805624 0.500000
		0.540169 0.794543 0.543257
		0.538911 0.784982 0.584243
		0.538037 0.778346 0.620831
		0.537703 0.775812 0.651169
		0.538023 0.778242 0.673799
		0.539059 0.786108 0.687742
		0.540815 0.799450 0.692558
		0.543240 0.817865 0.688367
		0.546223 0.840524 0.675830
		0.549606 0.866222 0.656104
		0.553191 0.893454 0.630748
		0.556754 0.920515 0.601625
		0.560058 0.945609 0.570764
		0.562871 0.966978 0.540222
		0.564982 0.983014 0.511949
		0.566215 0.992380 0.487654
		0.566441 0.994096 0.468692
		0.565588 0.987620 0.455978
		0.563649 0.972888 0.449933
		0.560679 0.950327 0.450456
		0.556796 0.920836 0.456950
		0.552175 0.885738 0.468362
		0.547036 0.846698 0.483272
		0.541628 0.805624 0.500000
		0.536221 0.764551 0.516728
		0.531081 0.725511 0.531638
		0.526460 0.690412 0.543050
		0.522578 0.660922 0.549544
		0.519608 0.638361 0.550067
		0.517668 0.623629 0.544022
		0.516816 0.617153 0.531308
		0.517041 0.618869 0.512346
		0.518274 0.628234 0.488051
		0.520386 0.644271 0.459778
		0.523199 0.665639 0.429236
		0.526503 0.690734 0.398375
		0.530065 0.717795 0.369252
		0.533650 0.745027 0.343896
		0.537034 0.770725 0.324170
		0.540017 0.793384 0.311633
		0.542441 0.811799 0.307442
		0.544198 0.825141 0.312258
		0.545233 0.833006 0.326201
		0.545553 0.835437 0.348831
		0.545220 0.832903 0.379169
		0.544346 0.826267 0.415757
		0.543087 0.816706 0.456743
		0.521553 0.807602 0.500000
		0.520730 0.795042 0.542868
		0.520012 0.784086 0.583517
		0.519496 0.776216 0.619866
		0.519264 0.772677 0.650104
		0.519376 0.774383 0.672802
		0.519865 0.781840 0.686997
		0.520734 0.795104 0.692251
		0.521957 0.813765 0.688670
		0.523478 0.836967 0.676888
		0.525215 0.863462 0.658020
		0.527064 0.891683 0.633577
		0.528911 0.919855 0.605363
		0.530631 0.946106 0.575346
		0.532106 0.968599 0.545525
		0.533223 0.985654 0.517797
		0.533893 0.995867 0.493824
		0.534047 0.998213 0.474928
		0.533647 0.992114 0.462008
		0.532689 0.977492 0.455479
		0.531200 0.954780 0.455258
		0.529242 0.924902 0.460775
		0.526903 0.889223 0.471023
		0.524297 0.849465 0.484637
		0.521553 0.807602 0.500000
		0.518809 0.765738 0.515363
		0.516204 0.725980 0.528977
		0.513865 0.690301 0.539225
		0.511907 0.660423 0.544742
		0.510418 0.637711 0.544521
		0.509460 0.623089 0.537992
		0.509060 0.616990 0.525072
		0.509214 0.619336 0.506176
		0.509883 0.629550 0.482203
		0.511001 0.646604 0.454475
		0.512475 0.669097 0.424654
		0.514196 0.695348 0.394637
		0.516042 0.723520 0.366423
		0.517892 0.751741 0.341980
		0.519629 0.778236 0.323112
		0.521149 0.801438 0.311330
		0.522372 0.820099 0.307749
		0.523242 0.833363 0.313003
		0.523731 0.840820 0.327198
		0.523842 0.842526 0.349896
		0.523610 0.838987 0.380134
		0.523095 0.831117 0.416483
		0.522377 0.820161 0.457132
		0.501392 0.808262 0.500000
		0.501392 0.794279 0.542434
		0.501392 0.781976 0.582701
		0.501392 0.772904 0.618773
		0.501392 0.768370 0.648879
		0.501392 0.769335 0.671620
		0.501392 0.776340 0.686052
		0.501392 0.789453 0.691738
		0.501392 0.808262 0.688771
		0.501392 0.831887 0.677756
		0.501392 0.859041 0.659767
		0.501392 0.888108 0.636262
		0.501392 0.917248 0.608987
		0.501392 0.944524 0.579847
		0.501392 0.968028 0.550780
		0.501392 0.986018 0.523625
		0.501392 0.997032 0.500000
		0.501392 1.000000 0.481192
		0.501392 0.994314 0.468078
		0.501392 0.979882 0.461074
		0.501392 0.957140 0.460108
		0.501392 0.927034 0.464642
		0.501392 0.890963 0.473714
		0.501392 0.850695 0.486018
		0.501392 0.808262 0.500000
		0.501392 0.765828 0.513982
		0.501392 0.725560 0.526286
		0.501392 0.689489 0.535358
		0.501392 0.659383 0.539892
		0.501392 0.636641 0.538926
		0.501392 0.622209 0.531922
		0.501392 0.616523 0.518808
		0.501392 0.619491 0.500000
		0.501392 0.630505 0.476375
		0.501392 0.648495 0.449220
		0.501392 0.671999 0.420153
		0.501392 0.699275 0.391013
		0.501392 0.728415 0.363738
		0.501392 0.757482 0.340233
		0.501392 0.784636 0.322244
		0.501392 0.808262 0.311229
		0.501392 0.827070 0.308262
		0.501392 0.840183 0.313948
		0.501392 0.847188 0.328380
		0.501392 0.848154 0.351121
		0.501392 0.843619 0.381227
		0.501392 0.834547 0.417299
		0.501392 0.822244 0.457566
		0.481231 0.807602 0.500000
		0.482236 0.792271 0.541953
		0.483126 0.778686 0.581797
		0.483796 0.768460 0.617552
		0.484157 0.762956 0.647494
		0.484143 0.763176 0.670255
		0.483716 0.769691 0.684908
		0.482871 0.782584 0.691020
		0.481635 0.801438 0.688670
		0.480067 0.825360 0.678434
		0.478253 0.853029 0.661343
		0.476303 0.882786 0.638802
		0.474340 0.912739 0.612495
		0.472494 0.940893 0.584262
		0.470896 0.965283 0.555980
		0.469662 0.984111 0.529429
		0.468891 0.995867 0.506176
		0.468657 0.999441 0.487475
		0.469001 0.994198 0.474183
		0.469929 0.980034 0.466710
		0.471413 0.957385 0.465001
		0.473391 0.927211 0.468547
		0.475768 0.890940 0.476434
		0.478427 0.850378 0.487414
		0.481231 0.807602 0.500000
		0.484034 0.764825 0.512586
		0.486693 0.724263 0.523566
		0.489070 0.687992 0.531453
		0.491048 0.657819 0.534999
		0.492533 0.635169 0.533290
		0.493461 0.621005 0.525817
		0.493805 0.615762 0.512525
		0.493570 0.619336 0.493824
		0.492800 0.631092 0.470571
		0.491566 0.649920 0.444020
		0.489967 0.674311 0.415738
		0.488122 0.702465 0.387505
		0.486159 0.732417 0.361198
		0.484208 0.762174 0.338657
		0.482395 0.789843 0.321566
		0.480827 0.813765 0.311330
		0.479591 0.832619 0.308980
		0.478746 0.845512 0.315092
		0.478319 0.852027 0.329745
		0.478305 0.852248 0.352506
		0.478665 0.846743 0.382448
		0.479336 0.836517 0.418203
		0.480226 0.822932 0.458047
		0.461156 0.805624 0.500000
		0.463339 0.789040 0.541428
		0.465285 0.774257 0.580805
		0.466775 0.762942 0.616206
		0.467623 0.756504 0.645951
		0.467691 0.755985 0.668707
		0.466902 0.761979 0.683566
		0.465242 0.774584 0.690098
		0.462767 0.793384 0.688367
		0.459596 0.817471 0.678921
		0.455906 0.845502 0.662746
		0.451919 0.875783 0.641193
		0.447891 0.906380 0.615882
		0.444090 0.935254 0.588588
		0.440780 0.960392 0.561120
		0.438205 0.979951 0.535201
		0.436569 0.992380 0.512346
		0.436022 0.996535 0.493772
		0.436651 0.991760 0.480315
		0.438471 0.977936 0.472382
		0.441424 0.955500 0.469931
		0.445384 0.925422 0.472486
		0.450160 0.889147 0.479180
		0.455510 0.848511 0.488823
		0.461156 0.805624 0.500000
		0.466802 0.762737 0.511177
		0.472152 0.722102 0.520820
		0.476927 0.685827 0.527514
		0.480887 0.655748 0.530069
		0.483841 0.633312 0.527618
		0.485661 0.619489 0.519685
		0.486290 0.614714 0.506228
		0.485743 0.618869 0.487654
		0.484106 0.631298 0.464799
		0.481531 0.650856 0.438880
		0.478222 0.675994 0.411412
		0.474421 0.704868 0.384118
		0.470392 0.735466 0.358807
		0.466406 0.765747 0.337254
		0.462715 0.793778 0.321079
		0.459544 0.817865 0.311633
		0.457069 0.836665 0.309902
		0.455410 0.849269 0.316434
		0.454621 0.855263 0.331293
		0.454689 0.854744 0.354049
		0.455537 0.848306 0.383794
		0.457026 0.836992 0.419195
		0.458972 0.822209 0.458572
		0.441253 0.802338 0.500000
		0.444779 0.784612 0.540859
		0.447938 0.768732 0.579727
		0.450389 0.756409 0.614735
		0.451845 0.749089 0.644252
		0.452093 0.747845 0.666978
		0.451009 0.753295 0.682028
		0.448571 0.765548 0.688972
		0.444863 0.784191 0.687862
		0.440065 0.808310 0.679216
		0.434449 0.836544 0.663975
		0.428357 0.867174 0.643433
		0.422177 0.898239 0.619145
		0.416325 0.927663 0.592818
		0.411205 0.953399 0.566195
		0.407193 0.973568 0.540935
		0.404603 0.986591 0.518503
		0.403667 0.991295 0.500076
		0.404521 0.987006 0.486468
		0.407189 0.973593 0.478083
		0.411585 0.951489 0.474893
		0.417517 0.921667 0.476454
		0.424694 0.885587 0.481947
		0.432747 0.845100 0.490244
		0.441253 0.802338 0.500000
		0.449759 0.759576 0.509756
		0.457812 0.719090 0.518053
		0.464989 0.683010 0.523546
		0.470921 0.653188 0.525107
		0.475318 0.631084 0.521917
		0.477986 0.617671 0.513532
		0.478839 0.613382 0.499924
		0.477903 0.618086 0.481497
		0.475313 0.631108 0.459065
		0.471301 0.651278 0.433805
		0.466182 0.677014 0.407182
		0.460329 0.706438 0.380855
		0.454150 0.737503 0.356567
		0.448057 0.768133 0.336025
		0.442441 0.796367 0.320784
		0.437643 0.820486 0.312138
		0.433935 0.839129 0.311028
		0.431498 0.851382 0.317972
		0.430414 0.856831 0.333022
		0.430661 0.855588 0.355748
		0.432117 0.848268 0.385265
		0.434568 0.835945 0.420273
		0.437727 0.820065 0.459141
		0.421608 0.797758 0.500000
		0.426630 0.779018 0.540245
		0.431147 0.762158 0.578563
		0.434694 0.748922 0.613142
		0.436874 0.740784 0.642398
		0.437395 0.738842 0.665071
		0.436085 0.743731 0.680294
		0.432912 0.755572 0.687643
		0.427985 0.773958 0.687156
		0.421551 0.797972 0.679319
		0.413975 0.826245 0.665028
		0.405722 0.857044 0.645519
		0.397323 0.888390 0.622280
		0.389340 0.918184 0.596949
		0.382327 0.944358 0.571199
		0.376793 0.965010 0.546625
		0.373169 0.978537 0.524640
		0.371772 0.983750 0.506380
		0.372788 0.979958 0.492636
		0.376254 0.967020 0.483808
		0.382057 0.945363 0.479882
		0.389936 0.915960 0.480448
		0.399499 0.880272 0.484734
		0.410247 0.840158 0.491676
		0.421608 0.797758 0.500000
		0.432969 0.755358 0.508324
		0.443718 0.715244 0.515266
		0.453280 0.679556 0.519552
		0.461159 0.650153 0.520118
		0.466962 0.628496 0.516192
		0.470428 0.615558 0.507364
		0.471444 0.611766 0.493620
		0.470048 0.616979 0.475360
		0.466423 0.630506 0.453375
		0.460890 0.651157 0.428801
		0.453876 0.677331 0.403051
		0.445893 0.707126 0.377720
		0.437494 0.738471 0.354481
		0.429241 0.769271 0.334972
		0.421665 0.797544 0.320681
		0.415231 0.821558 0.312844
		0.410304 0.839944 0.312357
		0.407132 0.851785 0.319706
		0.405822 0.856674 0.334929
		0.406342 0.854731 0.357602
		0.408523 0.846593 0.386858
		0.412069 0.833357 0.421437
		0.416587 0.816498 0.459755
		0.402305 0.791902 0.500000
		0.408961 0.772293 0.539589
		0.414971 0.754587 0.577315
		0.419737 0.740547 0.611427
		0.422752 0.731667 0.640392
		0.423636 0.729062 0.662987
		0.422170 0.733380 0.678367
		0.418309 0.744754 0.686114
		0.412189 0.762784 0.686250
		0.404119 0.786556 0.679230
		0.394566 0.814701 0.665905
		0.384116 0.845483 0.647449
		0.373446 0.876915 0.625285
		0.363270 0.906893 0.600977
		0.354294 0.933337 0.576127
		0.347167 0.954332 0.552266
		0.342437 0.968267 0.530750
		0.340511 0.973941 0.512676
		0.341627 0.970651 0.498812
		0.345838 0.958248 0.489550
		0.352999 0.937150 0.484893
		0.362785 0.908324 0.484462
		0.374700 0.873223 0.487537
		0.388115 0.833704 0.493117
		0.402305 0.791902 0.500000
		0.416494 0.750100 0.506883
		0.429909 0.710581 0.512463
		0.441824 0.675481 0.515538
		0.451610 0.646654 0.515107
		0.458772 0.625556 0.510450
		0.462982 0.613153 0.501188
		0.464099 0.609863 0.487324
		0.462173 0.615537 0.469250
		0.457442 0.629472 0.447734
		0.450315 0.650468 0.423873
		0.441339 0.676911 0.399023
		0.431163 0.706889 0.374715
		0.420493 0.738321 0.352551
		0.410044 0.769104 0.334095
		0.400490 0.797248 0.320770
		0.392420 0.821020 0.313750
		0.386300 0.839050 0.313886
		0.382439 0.850425 0.321633
		0.380973 0.854743 0.337013
		0.381858 0.852137 0.359608
		0.384872 0.843257 0.388573
		0.389638 0.829217 0.422685
		0.395648 0.811511 0.460411
		0.383425 0.784797 0.500000
		0.391841 0.764479 0.538890
		0.399466 0.746072 0.575984
		0.405564 0.731350 0.609593
		0.409513 0.721815 0.638236
		0.410848 0.718592 0.660729
		0.409297 0.722338 0.676250
		0.404799 0.733195 0.684385
		0.397519 0.750773 0.685144
		0.387829 0.774165 0.678950
		0.376294 0.802013 0.666604
		0.363630 0.832588 0.649221
		0.350656 0.863909 0.628155
		0.338243 0.893876 0.604896
		0.327251 0.920413 0.580973
		0.318472 0.941608 0.557850
		0.312574 0.955847 0.536827
		0.310056 0.961926 0.518960
		0.311211 0.959137 0.504989
		0.316105 0.947323 0.495303
		0.324568 0.926890 0.489919
		0.336207 0.898793 0.488493
		0.350423 0.864472 0.490354
		0.366455 0.825767 0.494565
		0.383425 0.784797 0.500000
		0.400396 0.743826 0.505435
		0.416428 0.705121 0.509646
		0.430644 0.670800 0.511507
		0.442282 0.642703 0.510081
		0.450746 0.622271 0.504697
		0.455640 0.610456 0.495011
		0.456795 0.607667 0.481040
		0.454277 0.613746 0.463173
		0.448379 0.627985 0.442150
		0.439600 0.649180 0.419027
		0.428608 0.675717 0.395104
		0.416195 0.705684 0.371845
		0.403221 0.737005 0.350779
		0.390557 0.767580 0.333396
		0.379022 0.795428 0.321050
		0.369332 0.818821 0.314856
		0.362051 0.836398 0.315615
		0.357554 0.847256 0.323750
		0.356002 0.851002 0.339271
		0.357338 0.847778 0.361764
		0.361287 0.838243 0.390407
		0.367385 0.823521 0.424016
		0.375009 0.805114 0.461110
		0.365051 0.776471 0.500000
		0.375336 0.755617 0.538150
		0.384680 0.736670 0.574572
		0.392210 0.721399 0.607641
		0.397187 0.711308 0.635931
		0.399055 0.707520 0.658298
		0.397487 0.710699 0.673943
		0.392410 0.720994 0.682459
		0.384010 0.738027 0.683840
		0.372728 0.760905 0.678477
		0.359225 0.788287 0.667124
		0.344344 0.818462 0.650834
		0.329053 0.849469 0.630888
		0.314378 0.879228 0.608703
		0.301334 0.905677 0.585733
		0.290858 0.926920 0.563372
		0.283741 0.941352 0.542865
		0.280574 0.947775 0.525222
		0.281706 0.945479 0.511160
		0.287219 0.934300 0.501062
		0.296918 0.914633 0.494957
		0.310341 0.887414 0.492536
		0.326789 0.854060 0.493181
		0.345370 0.816382 0.496019
		0.365051 0.776471 0.500000
		0.384733 0.736560 0.503981
		0.403314 0.698883 0.506819
		0.419762 0.665529 0.507464
		0.433185 0.638310 0.505043
		0.442884 0.618643 0.498938
		0.448397 0.607464 0.488840
		0.449529 0.605168 0.474778
		0.446362 0.611591 0.457135
		0.439244 0.626023 0.436628
		0.428769 0.647266 0.414267
		0.415725 0.673715 0.391297
		0.401050 0.703474 0.369112
		0.385759 0.734481 0.349166
		0.370878 0.764656 0.332876
		0.357375 0.792038 0.321523
		0.346093 0.814916 0.316160
		0.337693 0.831948 0.317541
		0.332616 0.842244 0.326057
		0.331048 0.845423 0.341702
		0.332916 0.841635 0.364069
		0.337893 0.831544 0.392359
		0.345423 0.816273 0.425428
		0.354767 0.797326 0.461850
		0.347261 0.766962 0.500000
		0.359505 0.745755 0.537369
		0.370659 0.726437 0.573080
		0.379708 0.710763 0.605574
		0.385794 0.700222 0.633481
		0.388270 0.695932 0.655698
		0.386755 0.698557 0.671451
		0.381158 0.708252 0.680337
		0.371690 0.724651 0.682339
		0.358854 0.746882 0.677814
		0.343412 0.773630 0.667466
		0.326332 0.803213 0.652285
		0.308729 0.833703 0.633481
		0.291784 0.863051 0.612393
		0.276671 0.889228 0.590400
		0.264469 0.910363 0.568827
		0.256092 0.924872 0.548858
		0.252225 0.931570 0.531458
		0.253274 0.929753 0.517320
		0.259338 0.919251 0.506819
		0.270196 0.900444 0.500000
		0.285323 0.874243 0.496588
		0.303918 0.842035 0.496015
		0.324958 0.805593 0.497477
		0.347261 0.766962 0.500000
		0.369565 0.728332 0.502523
		0.390605 0.691890 0.503985
		0.409200 0.659682 0.503412
		0.424327 0.633481 0.500000
		0.435185 0.614674 0.493181
		0.441249 0.604172 0.482680
		0.442298 0.602354 0.468542
		0.438431 0.609052 0.451142
		0.430054 0.623562 0.431173
		0.417851 0.644697 0.409600
		0.402738 0.670874 0.387607
		0.385794 0.700222 0.366519
		0.368191 0.730712 0.347715
		0.351111 0.760295 0.332534
		0.335668 0.787042 0.322186
		0.322833 0.809274 0.317661
		0.313365 0.825673 0.319663
		0.307767 0.835368 0.328549
		0.306252 0.837992 0.344302
		0.308729 0.833703 0.366519
		0.314814 0.823162 0.394426
		0.323864 0.807488 0.426920
		0.335017 0.788170 0.462631
		0.330131 0.756310 0.500000
		0.344408 0.734943 0.536548
		0.357443 0.715435 0.571510
		0.368084 0.699510 0.603395
		0.375350 0.688636 0.630888
		0.378504 0.683915 0.652931
		0.377107 0.686005 0.668775
		0.371053 0.695067 0.678023
		0.360575 0.710748 0.680642
		0.346238 0.732204 0.676960
		0.328900 0.758152 0.667628
		0.309656 0.786953 0.653573
		0.289765 0.816722 0.635931
		0.270565 0.845458 0.615963
		0.253381 0.871175 0.594971
		0.239438 0.892043 0.574208
		0.229772 0.906509 0.554797
		0.225161 0.913410 0.537660
		0.226069 0.912050 0.523461
		0.232612 0.902258 0.512569
		0.244546 0.884397 0.505043
		0.261283 0.859348 0.500643
		0.281924 0.828457 0.498853
		0.305316 0.793448 0.498938
		0.330131 0.756310 0.500000
		0.354946 0.719172 0.501062
		0.378338 0.684163 0.501147
		0.398979 0.653272 0.499357
		0.415716 0.628224 0.494957
		0.427650 0.610362 0.487431
		0.434193 0.600570 0.476539
		0.435102 0.599211 0.462340
		0.430491 0.606111 0.445203
		0.420825 0.620578 0.425792
		0.406881 0.641445 0.405029
		0.389698 0.667163 0.384037
		0.370497 0.695898 0.364069
		0.350606 0.725668 0.346427
		0.331362 0.754468 0.332372
		0.314024 0.780416 0.323040
		0.299687 0.801872 0.319358
		0.289209 0.817554 0.321977
		0.283155 0.826615 0.331225
		0.281758 0.828705 0.347069
		0.284912 0.823985 0.369112
		0.292178 0.813111 0.396605
		0.302819 0.797186 0.428490
		0.315854 0.777677 0.463452
		0.313734 0.744560 0.500000
		0.330098 0.723235 0.535687
		0.345070 0.703723 0.569863
		0.357358 0.687709 0.601104
		0.365863 0.676625 0.628155
		0.369756 0.671551 0.650000
		0.368542 0.673133 0.665918
		0.362096 0.681535 0.675517
		0.350673 0.696421 0.678753
		0.334899 0.716978 0.675917
		0.315725 0.741966 0.667611
		0.294370 0.769796 0.654697
		0.272235 0.798643 0.638236
		0.250810 0.826565 0.619409
		0.231573 0.851636 0.599440
		0.215889 0.872075 0.579509
		0.204916 0.886375 0.560678
		0.199525 0.893400 0.543822
		0.200237 0.892473 0.529577
		0.207186 0.883417 0.518305
		0.220106 0.866579 0.510081
		0.238348 0.842805 0.504697
		0.260917 0.813393 0.501693
		0.286537 0.780004 0.500400
		0.313734 0.744560 0.500000
		0.340931 0.709116 0.499600
		0.366551 0.675728 0.498307
		0.389120 0.646315 0.495303
		0.407362 0.622542 0.489919
		0.420283 0.605704 0.481695
		0.427231 0.596648 0.470423
		0.427943 0.595720 0.456178
		0.422552 0.602746 0.439322
		0.411580 0.617046 0.420491
		0.395896 0.637485 0.400560
		0.376659 0.662555 0.380591
		0.355234 0.690477 0.361764
		0.333098 0.719325 0.345303
		0.311743 0.747155 0.332389
		0.292570 0.772142 0.324083
		0.276796 0.792700 0.321247
		0.265373 0.807586 0.324483
		0.258926 0.815988 0.334082
		0.257712 0.817569 0.350000
		0.261606 0.812496 0.371845
		0.270111 0.801412 0.398896
		0.282399 0.785397 0.430137
		0.297371 0.765886 0.464313
		0.298141 0.731763 0.500000
		0.316625 0.710687 0.534789
		0.333569 0.691365 0.568142
		0.347545 0.675428 0.598705
		0.357336 0.664265 0.625285
		0.362022 0.658922 0.646909
		0.361051 0.660028 0.662883
		0.354279 0.667750 0.672824
		0.341984 0.681770 0.676672
		0.324847 0.701311 0.674685
		0.303912 0.725183 0.667414
		0.280516 0.751860 0.655655
		0.256200 0.779588 0.640392
		0.232600 0.806498 0.622727
		0.211345 0.830735 0.603803
		0.193937 0.850585 0.584726
		0.181653 0.864592 0.566495
		0.175454 0.871661 0.549937
		0.175917 0.871133 0.535661
		0.183196 0.862833 0.524022
		0.197005 0.847087 0.515107
		0.216636 0.824702 0.508746
		0.241002 0.796918 0.504531
		0.268708 0.765325 0.501861
		0.298141 0.731763 0.500000
		0.327574 0.698202 0.498139
		0.355280 0.666609 0.495469
		0.379646 0.638825 0.491254
		0.399277 0.616440 0.484893
		0.413086 0.600693 0.475978
		0.420365 0.592393 0.464339
		0.420828 0.591865 0.450063
		0.414629 0.598934 0.433505
		0.402345 0.612942 0.415274
		0.384937 0.632792 0.396197
		0.363682 0.657028 0.377273
		0.340083 0.683938 0.359608
		0.315766 0.711666 0.344345
		0.292370 0.738344 0.332586
		0.271435 0.762215 0.325315
		0.254298 0.781757 0.323328
		0.242003 0.795777 0.327176
		0.235231 0.803498 0.337117
		0.234261 0.804605 0.353091
		0.238946 0.799262 0.374715
		0.248737 0.788098 0.401295
		0.262713 0.772161 0.431858
		0.279657 0.752840 0.465211
		0.283418 0.717974 0.500000
		0.304035 0.697357 0.533853
		0.322969 0.678423 0.566347
		0.338657 0.662735 0.596201
		0.349765 0.651627 0.622280
		0.355288 0.646104 0.643660
		0.354617 0.646775 0.659674
		0.347589 0.653803 0.669946
		0.334499 0.666893 0.674402
		0.316085 0.685307 0.673266
		0.293477 0.707915 0.667038
		0.268128 0.733264 0.656446
		0.241711 0.759681 0.642398
		0.216007 0.785385 0.625914
		0.192786 0.808606 0.608055
		0.173686 0.827706 0.589851
		0.160098 0.841294 0.572239
		0.153070 0.848322 0.555999
		0.153236 0.848156 0.541707
		0.160768 0.840624 0.529713
		0.175364 0.826028 0.520118
		0.196258 0.805134 0.512786
		0.222278 0.779114 0.507364
		0.251914 0.749478 0.503321
		0.283418 0.717974 0.500000
		0.314923 0.686469 0.496679
		0.344558 0.656834 0.492636
		0.370578 0.630814 0.487214
		0.391473 0.609919 0.479882
		0.406068 0.595324 0.470287
		0.413601 0.587791 0.458293
		0.413767 0.587625 0.444001
		0.406739 0.594653 0.427761
		0.393150 0.608242 0.410149
		0.374050 0.627342 0.391945
		0.350830 0.650562 0.374086
		0.325126 0.676266 0.357602
		0.298708 0.702684 0.343554
		0.273359 0.728033 0.332962
		0.250752 0.750640 0.326734
		0.232337 0.769055 0.325598
		0.219247 0.782145 0.330054
		0.212219 0.789173 0.340326
		0.211548 0.789844 0.356340
		0.217071 0.784321 0.377720
		0.228180 0.773212 0.403799
		0.243867 0.757525 0.433653
		0.262801 0.738591 0.466147
		0.269629 0.703251 0.500000
		0.292371 0.683307 0.532881
		0.313291 0.664960 0.564481
		0.330697 0.649696 0.593593
		0.343143 0.638780 0.619145
		0.349538 0.633172 0.640258
		0.349219 0.633452 0.656294
		0.342003 0.639780 0.666885
		0.328202 0.651883 0.671945
		0.308605 0.669069 0.671662
		0.284427 0.690273 0.666483
		0.257229 0.714126 0.657070
		0.228809 0.739049 0.644252
		0.201089 0.763359 0.628966
		0.175973 0.785385 0.612190
		0.155228 0.803578 0.594881
		0.140354 0.816622 0.577907
		0.132486 0.823522 0.562000
		0.132311 0.823676 0.547709
		0.140021 0.816914 0.535372
		0.155295 0.803519 0.525107
		0.177319 0.784204 0.516812
		0.204837 0.760072 0.510189
		0.236231 0.732540 0.504777
		0.269629 0.703251 0.500000
		0.303027 0.673962 0.495223
		0.334421 0.646430 0.489811
		0.361938 0.622298 0.483188
		0.383963 0.602983 0.474893
		0.399237 0.589588 0.464628
		0.406947 0.582826 0.452291
		0.406772 0.582980 0.438000
		0.398903 0.589880 0.422093
		0.384030 0.602924 0.405119
		0.363284 0.621117 0.387810
		0.338169 0.643143 0.371034
		0.310448 0.667453 0.355748
		0.282029 0.692376 0.342930
		0.254830 0.716229 0.333517
		0.230652 0.737433 0.328338
		0.211055 0.754619 0.328055
		0.197254 0.766722 0.333115
		0.190038 0.773050 0.343706
		0.189719 0.773330 0.359742
		0.196114 0.767722 0.380855
		0.208561 0.756806 0.406407
		0.225966 0.741542 0.435519
		0.246887 0.723195 0.467119
		0.256832 0.687658 0.500000
		0.281670 0.668599 0.531873
		0.304554 0.651039 0.562547
		0.323667 0.636374 0.590886
		0.337457 0.625792 0.615882
		0.344749 0.620196 0.636705
		0.344829 0.620135 0.652747
		0.337494 0.625764 0.663646
		0.323070 0.636832 0.669303
		0.302394 0.652696 0.669874
		0.276761 0.672366 0.665750
		0.247831 0.694564 0.657525
		0.217526 0.717818 0.645951
		0.187893 0.740556 0.631880
		0.160970 0.761215 0.616206
		0.138642 0.778348 0.599809
		0.122514 0.790723 0.583491
		0.113803 0.797407 0.567935
		0.113248 0.797834 0.553659
		0.121059 0.791840 0.540994
		0.136901 0.779684 0.530069
		0.159914 0.762026 0.520820
		0.188763 0.739889 0.513003
		0.221732 0.714590 0.506228
		0.256832 0.687658 0.500000
		0.291931 0.660725 0.493772
		0.324900 0.635427 0.486997
		0.353750 0.613290 0.479180
		0.376762 0.595632 0.469931
		0.392605 0.583475 0.459006
		0.400416 0.577482 0.446341
		0.399860 0.577908 0.432065
		0.391149 0.584592 0.416509
		0.375022 0.596967 0.400191
		0.352693 0.614100 0.383794
		0.325770 0.634760 0.368120
		0.296137 0.657497 0.354049
		0.265832 0.680751 0.342475
		0.236903 0.702950 0.334250
		0.211269 0.722619 0.330126
		0.190594 0.738484 0.330697
		0.176170 0.749552 0.336354
		0.168834 0.755181 0.347253
		0.168914 0.755119 0.363295
		0.176207 0.749523 0.384118
		0.189997 0.738942 0.409114
		0.209109 0.724276 0.437453
		0.231993 0.706717 0.468127
		0.245082 0.671261 0.500000
		0.271967 0.653297 0.530832
		0.296772 0.636723 0.560545
		0.317563 0.622831 0.588081
		0.332688 0.612725 0.612495
		0.340893 0.607242 0.633006
		0.341413 0.606894 0.649036
		0.334026 0.611830 0.660232
		0.319071 0.621823 0.666481
		0.297430 0.636283 0.667904
		0.270466 0.654300 0.664839
		0.239939 0.674697 0.657812
		0.207880 0.696118 0.647494
		0.176458 0.717114 0.634652
		0.147830 0.736243 0.620097
		0.123995 0.752169 0.604629
		0.106658 0.763753 0.588986
		0.097110 0.770133 0.573798
		0.096140 0.770781 0.559552
		0.103977 0.765544 0.546571
		0.120275 0.754655 0.534999
		0.144128 0.738716 0.524806
		0.174135 0.718666 0.515803
		0.208485 0.695714 0.507672
		0.245082 0.671261 0.500000
		0.281678 0.646808 0.492328
		0.316029 0.623856 0.484197
		0.346036 0.603806 0.475194
		0.369889 0.587867 0.465001
		0.386187 0.576978 0.453429
		0.394024 0.571741 0.440448
		0.393054 0.572389 0.426202
		0.383506 0.578769 0.411014
		0.366169 0.590353 0.395371
		0.342334 0.606279 0.379903
		0.313706 0.625408 0.365348
		0.282283 0.646404 0.352506
		0.250224 0.667825 0.342188
		0.219697 0.688222 0.335161
		0.192734 0.706239 0.332096
		0.171093 0.720699 0.333519
		0.156138 0.730692 0.339768
		0.148751 0.735628 0.350964
		0.149271 0.735280 0.366994
		0.157476 0.729797 0.387505
		0.172601 0.719691 0.411919
		0.193392 0.705799 0.439455
		0.218197 0.689225 0.469168
		0.234430 0.654131 0.500000
		0.263291 0.637468 0.529757
		0.289955 0.622073 0.558479
		0.312378 0.609127 0.585181
		0.328815 0.599637 0.608987
		0.337938 0.594370 0.629164
		0.338934 0.593795 0.645165
		0.331561 0.598052 0.656646
		0.316170 0.606938 0.663480
		0.293681 0.619922 0.665754
		0.265526 0.636177 0.663752
		0.233548 0.654640 0.657930
		0.199882 0.674077 0.648879
		0.166807 0.693172 0.637280
		0.136593 0.710617 0.623860
		0.111343 0.725195 0.609338
		0.092852 0.735871 0.594385
		0.082482 0.741858 0.579581
		0.081068 0.742674 0.565381
		0.088859 0.738176 0.552099
		0.105497 0.728570 0.539892
		0.130040 0.714400 0.528766
		0.161022 0.696513 0.518587
		0.196550 0.676001 0.509108
		0.234430 0.654131 0.500000
		0.272309 0.632261 0.490892
		0.307838 0.611749 0.481413
		0.338820 0.593861 0.471234
		0.363363 0.579691 0.460108
		0.380000 0.570085 0.447901
		0.387791 0.565587 0.434619
		0.386378 0.566404 0.420419
		0.376008 0.572391 0.405615
		0.357517 0.583066 0.390662
		0.332266 0.597645 0.376140
		0.302052 0.615089 0.362720
		0.268977 0.634185 0.351121
		0.235311 0.653622 0.342070
		0.203334 0.672084 0.336248
		0.175178 0.688340 0.334246
		0.152689 0.701324 0.336520
		0.137298 0.710210 0.343354
		0.129926 0.714466 0.354835
		0.130921 0.713891 0.370836
		0.140044 0.708624 0.391013
		0.156481 0.699134 0.414819
		0.178905 0.686188 0.441521
		0.205569 0.670794 0.470243
		0.224921 0.636341 0.500000
		0.255667 0.621178 0.528651
		0.284109 0.607152 0.556350
		0.308102 0.595320 0.582191
		0.325814 0.586586 0.605363
		0.335849 0.581637 0.625185
		0.337349 0.580897 0.641139
		0.330055 0.584494 0.652893
		0.314324 0.592252 0.660305
		0.291114 0.603698 0.663427
		0.261912 0.618098 0.662489
		0.228643 0.634505 0.657879
		0.193531 0.651820 0.650104
		0.158956 0.668871 0.639762
		0.127288 0.684488 0.627490
		0.100726 0.697587 0.613930
		0.081148 0.707242 0.599684
		0.069980 0.712749 0.585279
		0.068100 0.713676 0.571140
		0.075774 0.709891 0.557571
		0.092637 0.701576 0.544742
		0.117714 0.689209 0.532694
		0.149484 0.673542 0.521350
		0.185980 0.655544 0.510534
		0.224921 0.636341 0.500000
		0.263861 0.617137 0.489466
		0.300357 0.599139 0.478650
		0.332127 0.583472 0.467306
		0.357204 0.571106 0.455258
		0.374067 0.562790 0.442429
		0.381741 0.559005 0.428860
		0.379861 0.559932 0.414721
		0.368694 0.565440 0.400316
		0.349115 0.575095 0.386070
		0.322553 0.588193 0.372510
		0.290886 0.603810 0.360238
		0.256311 0.620861 0.349896
		0.221199 0.638176 0.342121
		0.187929 0.654583 0.337511
		0.158727 0.668984 0.336573
		0.135517 0.680430 0.339695
		0.119787 0.688187 0.347107
		0.112492 0.691784 0.358861
		0.113992 0.691044 0.374815
		0.124027 0.686096 0.394637
		0.141739 0.677361 0.417809
		0.165733 0.665529 0.443650
		0.194174 0.651503 0.471349
		0.216595 0.617967 0.500000
		0.249117 0.604496 0.527514
		0.279236 0.592020 0.554160
		0.304720 0.581464 0.579112
		0.323656 0.573621 0.601625
		0.334587 0.569093 0.621071
		0.336614 0.568253 0.636962
		0.329459 0.571217 0.648975
		0.313488 0.577832 0.656957
		0.289686 0.587692 0.660924
		0.259593 0.600157 0.661053
		0.225200 0.614403 0.657658
		0.188815 0.629474 0.651169
		0.152905 0.644348 0.642093
		0.119930 0.658007 0.630984
		0.092174 0.669504 0.618400
		0.071586 0.678032 0.604875
		0.059652 0.682975 0.590886
		0.057290 0.683953 0.576823
		0.064781 0.680850 0.562981
		0.081754 0.673820 0.549544
		0.107208 0.663276 0.536588
		0.139574 0.649870 0.524091
		0.176822 0.634441 0.511949
		0.216595 0.617967 0.500000
		0.256369 0.601492 0.488051
		0.293617 0.586063 0.475909
		0.325983 0.572657 0.463412
		0.351437 0.562114 0.450456
		0.368410 0.555083 0.437019
		0.375901 0.551980 0.423177
		0.373539 0.552959 0.409114
		0.361605 0.557902 0.395125
		0.341017 0.566429 0.381600
		0.313260 0.577927 0.369016
		0.280286 0.591585 0.357907
		0.244376 0.606460 0.348831
		0.207991 0.621531 0.342342
		0.173598 0.635777 0.338947
		0.143505 0.648242 0.339076
		0.119703 0.658101 0.343043
		0.103732 0.664716 0.351025
		0.096577 0.667680 0.363038
		0.098604 0.666840 0.378929
		0.109535 0.662313 0.398375
		0.128471 0.654469 0.420888
		0.153955 0.643913 0.445840
		0.184074 0.631437 0.472486
		0.209490 0.599087 0.500000
		0.243657 0.587489 0.526348
		0.275337 0.576735 0.551913
		0.302216 0.567611 0.575949
		0.322312 0.560790 0.597780
		0.334112 0.556784 0.616827
		0.336680 0.555912 0.632638
		0.329723 0.558274 0.644899
		0.313609 0.563744 0.653442
		0.289349 0.571979 0.658250
		0.258526 0.582442 0.659444
		0.223189 0.594437 0.657269
		0.185715 0.607158 0.652072
		0.148648 0.619740 0.644273
		0.114524 0.631324 0.634337
		0.085700 0.641108 0.622743
		0.064191 0.648410 0.609955
		0.051533 0.652707 0.596395
		0.048677 0.653676 0.582424
		0.055922 0.651217 0.568324
		0.072893 0.645456 0.554293
		0.098567 0.636741 0.540442
		0.131336 0.625617 0.526806
		0.169116 0.612792 0.513351
		0.209490 0.599087 0.500000
		0.249863 0.585382 0.486649
		0.287644 0.572558 0.473194
		0.320413 0.561434 0.459558
		0.346086 0.552719 0.445707
		0.363058 0.546958 0.431676
		0.370303 0.544499 0.417576
		0.367447 0.545468 0.403605
		0.354789 0.549765 0.390045
		0.333279 0.557067 0.377257
		0.304455 0.566851 0.365663
		0.270332 0.578434 0.355727
		0.233265 0.591017 0.347928
		0.195791 0.603738 0.342731
		0.160454 0.615733 0.340556
		0.129630 0.626196 0.341750
		0.105370 0.634431 0.346558
		0.089257 0.639901 0.355101
		0.082300 0.642263 0.367362
		0.084868 0.641391 0.383173
		0.096668 0.637385 0.402220
		0.116764 0.630564 0.424051
		0.143642 0.621440 0.448087
		0.175323 0.610686 0.473652
		0.203634 0.579784 0.500000
		0.239301 0.570227 0.525153
		0.272407 0.561356 0.549610
		0.300570 0.553810 0.572704
		0.321748 0.548136 0.593829
		0.334380 0.544751 0.612459
		0.337499 0.543915 0.628173
		0.330793 0.545712 0.640667
		0.314635 0.550041 0.649762
		0.290054 0.556628 0.655406
		0.258666 0.565038 0.657664
		0.222571 0.574710 0.656712
		0.184202 0.584991 0.652812
		0.146165 0.595183 0.646298
		0.111061 0.604589 0.637546
		0.081308 0.612561 0.626954
		0.058975 0.618545 0.614916
		0.045642 0.622118 0.601801
		0.042288 0.623017 0.587936
		0.049229 0.621157 0.573594
		0.066088 0.616639 0.558983
		0.091825 0.609743 0.544253
		0.124802 0.600907 0.529492
		0.162895 0.590700 0.514739
		0.203634 0.579784 0.500000
		0.244374 0.568868 0.485261
		0.282466 0.558661 0.470508
		0.315443 0.549825 0.455747
		0.341180 0.542929 0.441017
		0.358040 0.538411 0.426406
		0.364980 0.536551 0.412064
		0.361627 0.537450 0.398199
		0.348293 0.541023 0.385084
		0.325960 0.547007 0.373046
		0.296207 0.554979 0.362454
		0.261104 0.564385 0.353702
		0.223067 0.574577 0.347188
		0.184698 0.584858 0.343288
		0.148602 0.594530 0.342336
		0.117215 0.602940 0.344594
		0.092633 0.609527 0.350238
		0.076475 0.613856 0.359333
		0.069770 0.615653 0.371827
		0.072888 0.614817 0.387541
		0.085521 0.611432 0.406171
		0.106698 0.605758 0.427296
		0.134861 0.598212 0.450390
		0.167968 0.589341 0.474847
		0.199054 0.560139 0.500000
		0.236057 0.552778 0.523931
		0.270439 0.545939 0.547254
		0.299761 0.540107 0.569382
		0.321931 0.535697 0.589778
		0.335349 0.533028 0.607970
		0.339018 0.532298 0.623570
		0.332614 0.533572 0.636284
		0.316508 0.536776 0.645922
		0.291742 0.541702 0.652395
		0.259962 0.548023 0.655716
		0.223300 0.555316 0.655986
		0.184236 0.563086 0.653389
		0.145426 0.570806 0.648166
		0.109521 0.577948 0.640608
		0.078986 0.584022 0.631030
		0.055936 0.588607 0.619755
		0.041983 0.591382 0.607099
		0.038135 0.592148 0.593355
		0.044718 0.590838 0.578784
		0.061359 0.587528 0.563611
		0.087005 0.582427 0.548017
		0.119998 0.575864 0.532146
		0.158183 0.568269 0.516111
		0.199054 0.560139 0.500000
		0.239925 0.552009 0.483889
		0.278109 0.544414 0.467854
		0.311102 0.537851 0.451983
		0.336748 0.532750 0.436389
		0.353389 0.529440 0.421216
		0.359972 0.528130 0.406645
		0.356124 0.528896 0.392901
		0.342172 0.531671 0.380245
		0.319121 0.536256 0.368970
		0.288587 0.542330 0.359392
		0.252681 0.549472 0.351834
		0.213871 0.557192 0.346611
		0.174807 0.564962 0.344014
		0.138145 0.572254 0.344284
		0.106365 0.578576 0.347605
		0.081600 0.583502 0.354078
		0.065494 0.586706 0.363716
		0.059090 0.587979 0.376430
		0.062759 0.587250 0.392030
		0.076176 0.584581 0.410222
		0.098346 0.580171 0.430618
		0.127668 0.574338 0.452746
		0.162051 0.567499 0.476069
		0.195768 0.540236 0.500000
		0.233929 0.535212 0.522684
		0.269423 0.530539 0.544847
		0.299766 0.526545 0.565985
		0.322826 0.523509 0.585630
		0.336973 0.521646 0.603365
		0.341186 0.521092 0.618834
		0.335128 0.521889 0.631756
		0.319168 0.523990 0.641925
		0.294357 0.527257 0.649221
		0.262356 0.531470 0.653600
		0.225325 0.536345 0.655094
		0.185773 0.541552 0.653801
		0.146393 0.546737 0.649876
		0.109871 0.551545 0.643520
		0.078711 0.555647 0.634965
		0.055056 0.558761 0.624465
		0.040549 0.560671 0.612281
		0.036216 0.561242 0.598673
		0.042394 0.560428 0.583891
		0.058715 0.558280 0.568170
		0.084120 0.554935 0.551729
		0.116938 0.550614 0.534766
		0.154997 0.545604 0.517466
		0.195768 0.540236 0.500000
		0.236538 0.534869 0.482534
		0.274597 0.529858 0.465234
		0.307416 0.525537 0.448271
		0.332821 0.522193 0.431830
		0.349141 0.520044 0.416109
		0.355320 0.519231 0.401327
		0.350986 0.519801 0.387719
		0.336479 0.521711 0.375535
		0.312824 0.524825 0.365035
		0.281664 0.528928 0.356480
		0.245143 0.533736 0.350124
		0.205762 0.538920 0.346199
		0.166211 0.544127 0.344906
		0.129179 0.549003 0.346400
		0.097178 0.553216 0.350779
		0.072367 0.556482 0.358075
		0.056408 0.558583 0.368244
		0.050350 0.559381 0.381166
		0.054563 0.558826 0.396635
		0.068709 0.556964 0.414370
		0.091769 0.553928 0.434015
		0.122112 0.549933 0.455153
		0.157606 0.545260 0.477316
		0.193790 0.520161 0.500000
		0.232919 0.517597 0.521413
		0.269347 0.515209 0.542392
		0.300560 0.513163 0.562518
		0.324398 0.511601 0.581392
		0.339208 0.510630 0.598650
		0.343951 0.510319 0.613972
		0.338279 0.510691 0.627086
		0.322557 0.511721 0.637777
		0.297837 0.513342 0.645888
		0.265789 0.515442 0.651321
		0.228587 0.517881 0.654036
		0.188758 0.520491 0.654048
		0.149016 0.523096 0.651425
		0.112071 0.525517 0.646278
		0.080446 0.527590 0.638756
		0.056308 0.529172 0.629042
		0.041318 0.530155 0.617344
		0.036514 0.530470 0.603886
		0.042246 0.530094 0.588907
		0.058150 0.529052 0.572657
		0.083169 0.527412 0.555386
		0.115629 0.525284 0.537349
		0.153348 0.522812 0.518802
		0.193790 0.520161 0.500000
		0.234233 0.517511 0.481198
		0.271952 0.515038 0.462651
		0.304412 0.512911 0.444614
		0.329431 0.511271 0.427343
		0.345335 0.510229 0.411093
		0.351067 0.509853 0.396114
		0.346263 0.510168 0.382656
		0.331273 0.511150 0.370958
		0.307135 0.512732 0.361244
		0.275510 0.514805 0.353722
		0.238565 0.517227 0.348575
		0.198823 0.519831 0.345952
		0.158994 0.522442 0.345964
		0.121792 0.524880 0.348679
		0.089744 0.526981 0.354112
		0.065024 0.528601 0.362223
		0.049302 0.529632 0.372914
		0.043630 0.530003 0.386028
		0.048373 0.529692 0.401350
		0.063183 0.528722 0.418608
		0.087021 0.527159 0.437482
		0.118234 0.525114 0.457608
		0.154662 0.522726 0.478587
		0.193130 0.500000 0.500000
		0.233022 0.500000 0.520118
		0.270196 0.500000 0.539892
		0.302117 0.500000 0.558983
		0.326612 0.500000 0.577065
		0.342009 0.500000 0.593829
		0.347261 0.500000 0.608987
		0.342009 0.500000 0.622280
		0.326612 0.500000 0.633481
		0.302117 0.500000 0.642398
		0.270196 0.500000 0.648879
		0.233022 0.500000 0.652812
		0.193130 0.500000 0.654131
		0.153238 0.500000 0.652812
		0.116065 0.500000 0.648879
		0.084144 0.500000 0.642398
		0.059649 0.500000 0.633481
		0.044252 0.500000 0.622280
		0.039000 0.500000 0.608987
		0.044252 0.500000 0.593829
		0.059649 0.500000 0.577065
		0.084144 0.500000 0.558983
		0.116065 0.500000 0.539892
		0.153238 0.500000 0.520118
		0.193130 0.500000 0.500000
		0.233022 0.500000 0.479882
		0.270196 0.500000 0.460108
		0.302117 0.500000 0.441017
		0.326612 0.500000 0.422935
		0.342009 0.500000 0.406171
		0.347261 0.500000 0.391013
		0.342009 0.500000 0.377720
		0.326612 0.500000 0.366519
		0.302117 0.500000 0.357602
		0.270196 0.500000 0.351121
		0.233022 0.500000 0.347188
		0.193130 0.500000 0.345869
		0.153238 0.500000 0.347188
		0.116065 0.500000 0.351121
		0.084144 0.500000 0.357602
		0.059649 0.500000 0.366519
		0.044252 0.500000 0.377720
		0.039000 0.500000 0.391013
		0.044252 0.500000 0.406171
		0.059649 0.500000 0.422935
		0.084144 0.500000 0.441017
		0.116065 0.500000 0.460108
		0.153238 0.500000 0.479882
		0.193790 0.479839 0.500000
		0.234233 0.482489 0.518802
		0.271952 0.484962 0.537349
		0.304412 0.487089 0.555386
		0.329431 0.488729 0.572657
		0.345335 0.489771 0.588907
		0.351067 0.490147 0.603886
		0.346263 0.489832 0.617344
		0.331273 0.488850 0.629042
		0.307135 0.487268 0.638756
		0.275510 0.485195 0.646278
		0.238565 0.482773 0.651425
		0.198823 0.480169 0.654048
		0.158994 0.477558 0.654036
		0.121792 0.475120 0.651321
		0.089744 0.473019 0.645888
		0.065024 0.471399 0.637777
		0.049302 0.470368 0.627086
		0.043630 0.469997 0.613972
		0.048373 0.470308 0.598650
		0.063183 0.471278 0.581392
		0.087021 0.472841 0.562518
		0.118234 0.474886 0.542392
		0.154662 0.477274 0.521413
		0.193790 0.479839 0.500000
		0.232919 0.482403 0.478587
		0.269347 0.484791 0.457608
		0.300560 0.486837 0.437482
		0.324398 0.488399 0.418608
		0.339208 0.489370 0.401350
		0.343951 0.489681 0.386028
		0.338279 0.489309 0.372914
		0.322557 0.488279 0.362223
		0.297837 0.486658 0.354112
		0.265789 0.484558 0.348679
		0.228587 0.482119 0.345964
		0.188758 0.479509 0.345952
		0.149016 0.476904 0.348575
		0.112071 0.474483 0.353722
		0.080446 0.472410 0.361244
		0.056308 0.470828 0.370958
		0.041318 0.469845 0.382656
		0.036514 0.469530 0.396114
		0.042246 0.469906 0.411093
		0.058150 0.470948 0.427343
		0.083169 0.472588 0.444614
		0.115629 0.474716 0.462651
		0.153348 0.477188 0.481198
		0.195768 0.459764 0.500000
		0.236538 0.465131 0.517466
		0.274597 0.470142 0.534766
		0.307416 0.474463 0.551729
		0.332821 0.477807 0.568170
		0.349141 0.479956 0.583891
		0.355320 0.480769 0.598673
		0.350986 0.480199 0.612281
		0.336479 0.478289 0.624465
		0.312824 0.475175 0.634965
		0.281664 0.471072 0.643520
		0.245143 0.466264 0.649876
		0.205762 0.461080 0.653801
		0.166211 0.455873 0.655094
		0.129179 0.450997 0.653600
		0.097178 0.446784 0.649221
		0.072367 0.443518 0.641925
		0.056408 0.441417 0.631756
		0.050350 0.440619 0.618834
		0.054563 0.441174 0.603365
		0.068709 0.443036 0.585630
		0.091769 0.446072 0.565985
		0.122112 0.450067 0.544847
		0.157606 0.454740 0.522684
		0.195768 0.459764 0.500000
		0.233929 0.464788 0.477316
		0.269423 0.469461 0.455153
		0.299766 0.473455 0.434015
		0.322826 0.476491 0.414370
		0.336973 0.478354 0.396635
		0.341186 0.478908 0.381166
		0.335128 0.478111 0.368244
		0.319168 0.476010 0.358075
		0.294357 0.472743 0.350779
		0.262356 0.468530 0.346400
		0.225325 0.463655 0.344906
		0.185773 0.458448 0.346199
		0.146393 0.453263 0.350124
		0.109871 0.448455 0.356480
		0.078711 0.444353 0.365035
		0.055056 0.441239 0.375535
		0.040549 0.439329 0.387719
		0.036216 0.438758 0.401327
		0.042394 0.439572 0.416109
		0.058715 0.441720 0.431830
		0.084120 0.445065 0.448271
		0.116938 0.449386 0.465234
		0.154997 0.454396 0.482534
		0.199054 0.439861 0.500000
		0.239925 0.447991 0.516111
		0.278109 0.455586 0.532146
		0.311102 0.462149 0.548017
		0.336748 0.467250 0.563611
		0.353389 0.470560 0.578784
		0.359972 0.471870 0.593355
		0.356124 0.471104 0.607099
		0.342172 0.468329 0.619755
		0.319121 0.463744 0.631030
		0.288587 0.457670 0.640608
		0.252681 0.450528 0.648166
		0.213871 0.442808 0.653389
		0.174807 0.435038 0.655986
		0.138145 0.427746 0.655716
		0.106365 0.421424 0.652395
		0.081600 0.416498 0.645922
		0.065494 0.413294 0.636284
		0.059090 0.412021 0.623570
		0.062759 0.412750 0.607970
		0.076176 0.415419 0.589778
		0.098346 0.419829 0.569382
		0.127668 0.425662 0.547254
		0.162051 0.432501 0.523931
		0.199054 0.439861 0.500000
		0.236057 0.447222 0.476069
		0.270439 0.454061 0.452746
		0.299761 0.459893 0.430618
		0.321931 0.464303 0.410222
		0.335349 0.466972 0.392030
		0.339018 0.467702 0.376430
		0.332614 0.466428 0.363716
		0.316508 0.463224 0.354078
		0.291742 0.458298 0.347605
		0.259962 0.451977 0.344284
		0.223300 0.444684 0.344014
		0.184236 0.436914 0.346611
		0.145426 0.429194 0.351834
		0.109521 0.422052 0.359392
		0.078986 0.415978 0.368970
		0.055936 0.411393 0.380245
		0.041983 0.408618 0.392901
		0.038135 0.407852 0.406645
		0.044718 0.409162 0.421216
		0.061359 0.412472 0.436389
		0.087005 0.417573 0.451983
		0.119998 0.424136 0.467854
		0.158183 0.431731 0.483889
		0.203634 0.420216 0.500000
		0.244374 0.431132 0.514739
		0.282466 0.441339 0.529492
		0.315443 0.450175 0.544253
		0.341180 0.457071 0.558983
		0.358040 0.461589 0.573594
		0.364980 0.463449 0.587936
		0.361627 0.462550 0.601801
		0.348293 0.458977 0.614916
		0.325960 0.452993 0.626954
		0.296207 0.445021 0.637546
		0.261104 0.435615 0.646298
		0.223067 0.425423 0.652812
		0.184698 0.415142 0.656712
		0.148602 0.405470 0.657664
		0.117215 0.397060 0.655406
		0.092633 0.390473 0.649762
		0.076475 0.386144 0.640667
		0.069770 0.384347 0.628173
		0.072888 0.385183 0.612459
		0.085521 0.388568 0.593829
		0.106698 0.394242 0.572704
		0.134861 0.401788 0.549610
		0.167968 0.410659 0.525153
		0.203634 0.420216 0.500000
		0.239301 0.429773 0.474847
		0.272407 0.438644 0.450390
		0.300570 0.446190 0.427296
		0.321748 0.451864 0.406171
		0.334380 0.455249 0.387541
		0.337499 0.456085 0.371827
		0.330793 0.454288 0.359333
		0.314635 0.449959 0.350238
		0.290054 0.443372 0.344594
		0.258666 0.434962 0.342336
		0.222571 0.425290 0.343288
		0.184202 0.415009 0.347188
		0.146165 0.404817 0.353702
		0.111061 0.395411 0.362454
		0.081308 0.387439 0.373046
		0.058975 0.381455 0.385084
		0.045642 0.377882 0.398199
		0.042288 0.376983 0.412064
		0.049229 0.378843 0.426406
		0.066088 0.383361 0.441017
		0.091825 0.390257 0.455747
		0.124802 0.399093 0.470508
		0.162895 0.409300 0.485261
		0.209490 0.400913 0.500000
		0.249863 0.414618 0.513351
		0.287644 0.427442 0.526806
		0.320413 0.438566 0.540442
		0.346086 0.447281 0.554293
		0.363058 0.453042 0.568324
		0.370303 0.455501 0.582424
		0.367447 0.454532 0.596395
		0.354789 0.450235 0.609955
		0.333279 0.442933 0.622743
		0.304455 0.433149 0.634337
		0.270332 0.421566 0.644273
		0.233265 0.408983 0.652072
		0.195791 0.396262 0.657269
		0.160454 0.384267 0.659444
		0.129630 0.373804 0.658250
		0.105370 0.365569 0.653442
		0.089257 0.360099 0.644899
		0.082300 0.357737 0.632638
		0.084868 0.358609 0.616827
		0.096668 0.362615 0.597780
		0.116764 0.369436 0.575949
		0.143642 0.378560 0.551913
		0.175323 0.389314 0.526348
		0.209490 0.400913 0.500000
		0.243657 0.412511 0.473652
		0.275337 0.423265 0.448087
		0.302216 0.432389 0.424051
		0.322312 0.439210 0.402220
		0.334112 0.443216 0.383173
		0.336680 0.444088 0.367362
		0.329723 0.441726 0.355101
		0.313609 0.436256 0.346558
		0.289349 0.428021 0.341750
		0.258526 0.417558 0.340556
		0.223189 0.405563 0.342731
		0.185715 0.392842 0.347928
		0.148648 0.380260 0.355727
		0.114524 0.368676 0.365663
		0.085700 0.358892 0.377257
		0.064191 0.351590 0.390045
		0.051533 0.347293 0.403605
		0.048677 0.346324 0.417576
		0.055922 0.348783 0.431676
		0.072893 0.354544 0.445707
		0.098567 0.363259 0.459558
		0.131336 0.374383 0.473194
		0.169116 0.387208 0.486649
		0.216595 0.382033 0.500000
		0.256369 0.398508 0.511949
		0.293617 0.413937 0.524091
		0.325983 0.427343 0.536588
		0.351437 0.437886 0.549544
		0.368410 0.444917 0.562981
		0.375901 0.448020 0.576823
		0.373539 0.447041 0.590886
		0.361605 0.442098 0.604875
		0.341017 0.433571 0.618400
		0.313260 0.422073 0.630984
		0.280286 0.408415 0.642093
		0.244376 0.393540 0.651169
		0.207991 0.378469 0.657658
		0.173598 0.364223 0.661053
		0.143505 0.351758 0.660924
		0.119703 0.341899 0.656957
		0.103732 0.335284 0.648975
		0.096577 0.332320 0.636962
		0.098604 0.333160 0.621071
		0.109535 0.337687 0.601625
		0.128471 0.345531 0.579112
		0.153955 0.356087 0.554160
		0.184074 0.368563 0.527514
		0.216595 0.382033 0.500000
		0.249117 0.395504 0.472486
		0.279236 0.407980 0.445840
		0.304720 0.418536 0.420888
		0.323656 0.426379 0.398375
		0.334587 0.430907 0.378929
		0.336614 0.431747 0.363038
		0.329459 0.428783 0.351025
		0.313488 0.422168 0.343043
		0.289686 0.412308 0.339076
		0.259593 0.399843 0.338947
		0.225200 0.385597 0.342342
		0.188815 0.370526 0.348831
		0.152905 0.355652 0.357907
		0.119930 0.341993 0.369016
		0.092174 0.330496 0.381600
		0.071586 0.321968 0.395125
		0.059652 0.317025 0.409114
		0.057290 0.316047 0.423177
		0.064781 0.319150 0.437019
		0.081754 0.326180 0.450456
		0.107208 0.336724 0.463412
		0.139574 0.350130 0.475909
		0.176822 0.365559 0.488051
		0.224921 0.363659 0.500000
		0.263861 0.382863 0.510534
		0.300357 0.400861 0.521350
		0.332127 0.416528 0.532694
		0.357204 0.428894 0.544742
		0.374067 0.437210 0.557571
		0.381741 0.440995 0.571140
		0.379861 0.440068 0.585279
		0.368694 0.434560 0.599684
		0.349115 0.424905 0.613930
		0.322553 0.411807 0.627490
		0.290886 0.396190 0.639762
		0.256311 0.379139 0.650104
		0.221199 0.361824 0.657879
		0.187929 0.345417 0.662489
		0.158727 0.331016 0.663427
		0.135517 0.319570 0.660305
		0.119787 0.311813 0.652893
		0.112492 0.308216 0.641139
		0.113992 0.308956 0.625185
		0.124027 0.313904 0.605363
		0.141739 0.322639 0.582191
		0.165733 0.334471 0.556350
		0.194174 0.348497 0.528651
		0.224921 0.363659 0.500000
		0.255667 0.378822 0.471349
		0.284109 0.392848 0.443650
		0.308102 0.404680 0.417809
		0.325814 0.413414 0.394637
		0.335849 0.418363 0.374815
		0.337349 0.419103 0.358861
		0.330055 0.415506 0.347107
		0.314324 0.407748 0.339695
		0.291114 0.396302 0.336573
		0.261912 0.381902 0.337511
		0.228643 0.365495 0.342121
		0.193531 0.348180 0.349896
		0.158956 0.331129 0.360238
		0.127288 0.315512 0.372510
		0.100726 0.302413 0.386070
		0.081148 0.292758 0.400316
		0.069980 0.287251 0.414721
		0.068100 0.286324 0.428860
		0.075774 0.290109 0.442429
		0.092637 0.298424 0.455258
		0.117714 0.310791 0.467306
		0.149484 0.326458 0.478650
		0.185980 0.344456 0.489466
		0.234430 0.345869 0.500000
		0.272309 0.367739 0.509108
		0.307838 0.388251 0.518587
		0.338820 0.406139 0.528766
		0.363363 0.420309 0.539892
		0.380000 0.429915 0.552099
		0.387791 0.434413 0.565381
		0.386378 0.433596 0.579581
		0.376008 0.427609 0.594385
		0.357517 0.416934 0.609338
		0.332266 0.402355 0.623860
		0.302052 0.384911 0.637280
		0.268977 0.365815 0.648879
		0.235311 0.346378 0.657930
		0.203334 0.327916 0.663752
		0.175178 0.311660 0.665754
		0.152689 0.298676 0.663480
		0.137298 0.289790 0.656646
		0.129926 0.285534 0.645165
		0.130921 0.286109 0.629164
		0.140044 0.291376 0.608987
		0.156481 0.300866 0.585181
		0.178905 0.313812 0.558479
		0.205569 0.329206 0.529757
		0.234430 0.345869 0.500000
		0.263291 0.362532 0.470243
		0.289955 0.377927 0.441521
		0.312378 0.390873 0.414819
		0.328815 0.400363 0.391013
		0.337938 0.405630 0.370836
		0.338934 0.406205 0.354835
		0.331561 0.401948 0.343354
		0.316170 0.393062 0.336520
		0.293681 0.380078 0.334246
		0.265526 0.363823 0.336248
		0.233548 0.345360 0.342070
		0.199882 0.325923 0.351121
		0.166807 0.306828 0.362720
		0.136593 0.289383 0.376140
		0.111343 0.274805 0.390662
		0.092852 0.264129 0.405615
		0.082482 0.258142 0.420419
		0.081068 0.257326 0.434619
		0.088859 0.261824 0.447901
		0.105497 0.271430 0.460108
		0.130040 0.285600 0.471234
		0.161022 0.303487 0.481413
		0.196550 0.323999 0.490892
		0.245082 0.328739 0.500000
		0.281678 0.353192 0.507672
		0.316029 0.376144 0.515803
		0.346036 0.396194 0.524806
		0.369889 0.412133 0.534999
		0.386187 0.423022 0.546571
		0.394024 0.428259 0.559552
		0.393054 0.427611 0.573798
		0.383506 0.421231 0.588986
		0.366169 0.409647 0.604629
		0.342334 0.393721 0.620097
		0.313706 0.374592 0.634652
		0.282283 0.353596 0.647494
		0.250224 0.332175 0.657812
		0.219697 0.311778 0.664839
		0.192734 0.293761 0.667904
		0.171093 0.279301 0.666481
		0.156138 0.269308 0.660232
		0.148751 0.264372 0.649036
		0.149271 0.264720 0.633006
		0.157476 0.270203 0.612495
		0.172601 0.280309 0.588081
		0.193392 0.294201 0.560545
		0.218197 0.310775 0.530832
		0.245082 0.328739 0.500000
		0.271967 0.346703 0.469168
		0.296772 0.363277 0.439455
		0.317563 0.377169 0.411919
		0.332688 0.387275 0.387505
		0.340893 0.392758 0.366994
		0.341413 0.393106 0.350964
		0.334026 0.388170 0.339768
		0.319071 0.378177 0.333519
		0.297430 0.363717 0.332096
		0.270466 0.345700 0.335161
		0.239939 0.325303 0.342188
		0.207880 0.303882 0.352506
		0.176458 0.282886 0.365348
		0.147830 0.263757 0.379903
		0.123995 0.247831 0.395371
		0.106658 0.236247 0.411014
		0.097110 0.229867 0.426202
		0.096140 0.229219 0.440448
		0.103977 0.234456 0.453429
		0.120275 0.245345 0.465001
		0.144128 0.261284 0.475194
		0.174135 0.281334 0.484197
		0.208485 0.304286 0.492328
		0.256832 0.312342 0.500000
		0.291931 0.339275 0.506228
		0.324900 0.364573 0.513003
		0.353750 0.386710 0.520820
		0.376762 0.404368 0.530069
		0.392605 0.416525 0.540994
		0.400416 0.422518 0.553659
		0.399860 0.422092 0.567935
		0.391149 0.415408 0.583491
		0.375022 0.403033 0.599809
		0.352693 0.385900 0.616206
		0.325770 0.365240 0.631880
		0.296137 0.342503 0.645951
		0.265832 0.319249 0.657525
		0.236903 0.297050 0.665750
		0.211269 0.277381 0.669874
		0.190594 0.261516 0.669303
		0.176170 0.250448 0.663646
		0.168834 0.244819 0.652747
		0.168914 0.244881 0.636705
		0.176207 0.250477 0.615882
		0.189997 0.261058 0.590886
		0.209109 0.275724 0.562547
		0.231993 0.293283 0.531873
		0.256832 0.312342 0.500000
		0.281670 0.331401 0.468127
		0.304554 0.348961 0.437453
		0.323667 0.363626 0.409114
		0.337457 0.374208 0.384118
		0.344749 0.379804 0.363295
		0.344829 0.379865 0.347253
		0.337494 0.374236 0.336354
		0.323070 0.363168 0.330697
		0.302394 0.347304 0.330126
		0.276761 0.327634 0.334250
		0.247831 0.305436 0.342475
		0.217526 0.282182 0.354049
		0.187893 0.259444 0.368120
		0.160970 0.238785 0.383794
		0.138642 0.221652 0.400191
		0.122514 0.209277 0.416509
		0.113803 0.202593 0.432065
		0.113248 0.202166 0.446341
		0.121059 0.208160 0.459006
		0.136901 0.220316 0.469931
		0.159914 0.237974 0.479180
		0.188763 0.260111 0.486997
		0.221732 0.285410 0.493772
		0.269629 0.296749 0.500000
		0.303027 0.326038 0.504777
		0.334421 0.353570 0.510189
		0.361938 0.377702 0.516812
		0.383963 0.397017 0.525107
		0.399237 0.410412 0.535372
		0.406947 0.417174 0.547709
		0.406772 0.417020 0.562000
		0.398903 0.410120 0.577907
		0.384030 0.397076 0.594881
		0.363284 0.378883 0.612190
		0.338169 0.356857 0.628966
		0.310448 0.332547 0.644252
		0.282029 0.307624 0.657070
		0.254830 0.283771 0.666483
		0.230652 0.262567 0.671662
		0.211055 0.245381 0.671945
		0.197254 0.233278 0.666885
		0.190038 0.226950 0.656294
		0.189719 0.226670 0.640258
		0.196114 0.232278 0.619145
		0.208561 0.243194 0.593593
		0.225966 0.258458 0.564481
		0.246887 0.276805 0.532881
		0.269629 0.296749 0.500000
		0.292371 0.316693 0.467119
		0.313291 0.335040 0.435519
		0.330697 0.350304 0.406407
		0.343143 0.361220 0.380855
		0.349538 0.366828 0.359742
		0.349219 0.366548 0.343706
		0.342003 0.360220 0.333115
		0.328202 0.348117 0.328055
		0.308605 0.330931 0.328338
		0.284427 0.309727 0.333517
		0.257229 0.285874 0.342930
		0.228809 0.260951 0.355748
		0.201089 0.236641 0.371034
		0.175973 0.214615 0.387810
		0.155228 0.196422 0.405119
		0.140354 0.183378 0.422093
		0.132486 0.176478 0.438000
		0.132311 0.176324 0.452291
		0.140021 0.183086 0.464628
		0.155295 0.196481 0.474893
		0.177319 0.215796 0.483188
		0.204837 0.239928 0.489811
		0.236231 0.267460 0.495223
		0.283418 0.282026 0.500000
		0.314923 0.313531 0.503321
		0.344558 0.343166 0.507364
		0.370578 0.369186 0.512786
		0.391473 0.390081 0.520118
		0.406068 0.404676 0.529713
		0.413601 0.412209 0.541707
		0.413767 0.412375 0.555999
		0.406739 0.405347 0.572239
		0.393150 0.391758 0.589851
		0.374050 0.372658 0.608055
		0.350830 0.349438 0.625914
		0.325126 0.323734 0.642398
		0.298708 0.297316 0.656446
		0.273359 0.271967 0.667038
		0.250752 0.249360 0.673266
		0.232337 0.230945 0.674402
		0.219247 0.217855 0.669946
		0.212219 0.210827 0.659674
		0.211548 0.210156 0.643660
		0.217071 0.215679 0.622280
		0.228180 0.226788 0.596201
		0.243867 0.242475 0.566347
		0.262801 0.261409 0.533853
		0.283418 0.282026 0.500000
		0.304035 0.302643 0.466147
		0.322969 0.321577 0.433653
		0.338657 0.337265 0.403799
		0.349765 0.348373 0.377720
		0.355288 0.353896 0.356340
		0.354617 0.353225 0.340326
		0.347589 0.346197 0.330054
		0.334499 0.333107 0.325598
		0.316085 0.314693 0.326734
		0.293477 0.292085 0.332962
		0.268128 0.266736 0.343554
		0.241711 0.240319 0.357602
		0.216007 0.214615 0.374086
		0.192786 0.191394 0.391945
		0.173686 0.172294 0.410149
		0.160098 0.158706 0.427761
		0.153070 0.151678 0.444001
		0.153236 0.151844 0.458293
		0.160768 0.159376 0.470287
		0.175364 0.173972 0.479882
		0.196258 0.194866 0.487214
		0.222278 0.220886 0.492636
		0.251914 0.250522 0.496679
		0.298141 0.268237 0.500000
		0.327574 0.301798 0.501861
		0.355280 0.333391 0.504531
		0.379646 0.361175 0.508746
		0.399277 0.383560 0.515107
		0.413086 0.399307 0.524022
		0.420365 0.407607 0.535661
		0.420828 0.408135 0.549937
		0.414629 0.401066 0.566495
		0.402345 0.387058 0.584726
		0.384937 0.367208 0.603803
		0.363682 0.342972 0.622727
		0.340083 0.316062 0.640392
		0.315766 0.288334 0.655655
		0.292370 0.261656 0.667414
		0.271435 0.237785 0.674685
		0.254298 0.218243 0.676672
		0.242003 0.204223 0.672824
		0.235231 0.196502 0.662883
		0.234261 0.195395 0.646909
		0.238946 0.200738 0.625285
		0.248737 0.211902 0.598705
		0.262713 0.227839 0.568142
		0.279657 0.247160 0.534789
		0.298141 0.268237 0.500000
		0.316625 0.289313 0.465211
		0.333569 0.308635 0.431858
		0.347545 0.324572 0.401295
		0.357336 0.335735 0.374715
		0.362022 0.341078 0.353091
		0.361051 0.339972 0.337117
		0.354279 0.332250 0.327176
		0.341984 0.318230 0.323328
		0.324847 0.298689 0.325315
		0.303912 0.274817 0.332586
		0.280516 0.248140 0.344345
		0.256200 0.220412 0.359608
		0.232600 0.193502 0.377273
		0.211345 0.169265 0.396197
		0.193937 0.149415 0.415274
		0.181653 0.135408 0.433505
		0.175454 0.128339 0.450063
		0.175917 0.128867 0.464339
		0.183196 0.137167 0.475978
		0.197005 0.152913 0.484893
		0.216636 0.175298 0.491254
		0.241002 0.203082 0.495469
		0.268708 0.234675 0.498139
		0.313734 0.255440 0.500000
		0.340931 0.290884 0.500400
		0.366551 0.324272 0.501693
		0.389120 0.353685 0.504697
		0.407362 0.377458 0.510081
		0.420283 0.394296 0.518305
		0.427231 0.403352 0.529577
		0.427943 0.404280 0.543822
		0.422552 0.397254 0.560678
		0.411580 0.382954 0.579509
		0.395896 0.362515 0.599440
		0.376659 0.337445 0.619409
		0.355234 0.309523 0.638236
		0.333098 0.280675 0.654697
		0.311743 0.252845 0.667611
		0.292570 0.227858 0.675917
		0.276796 0.207300 0.678753
		0.265373 0.192414 0.675517
		0.258926 0.184012 0.665918
		0.257712 0.182431 0.650000
		0.261606 0.187504 0.628155
		0.270111 0.198588 0.601104
		0.282399 0.214603 0.569863
		0.297371 0.234114 0.535687
		0.313734 0.255440 0.500000
		0.330098 0.276765 0.464313
		0.345070 0.296277 0.430137
		0.357358 0.312291 0.398896
		0.365863 0.323375 0.371845
		0.369756 0.328449 0.350000
		0.368542 0.326867 0.334082
		0.362096 0.318465 0.324483
		0.350673 0.303579 0.321247
		0.334899 0.283022 0.324083
		0.315725 0.258034 0.332389
		0.294370 0.230204 0.345303
		0.272235 0.201357 0.361764
		0.250810 0.173435 0.380591
		0.231573 0.148364 0.400560
		0.215889 0.127925 0.420491
		0.204916 0.113625 0.439322
		0.199525 0.106600 0.456178
		0.200237 0.107527 0.470423
		0.207186 0.116583 0.481695
		0.220106 0.133421 0.489919
		0.238348 0.157195 0.495303
		0.260917 0.186607 0.498307
		0.286537 0.219996 0.499600
		0.330131 0.243690 0.500000
		0.354946 0.280828 0.498938
		0.378338 0.315837 0.498853
		0.398979 0.346728 0.500643
		0.415716 0.371776 0.505043
		0.427650 0.389638 0.512569
		0.434193 0.399430 0.523461
		0.435102 0.400789 0.537660
		0.430491 0.393889 0.554797
		0.420825 0.379422 0.574208
		0.406881 0.358555 0.594971
		0.389698 0.332837 0.615963
		0.370497 0.304102 0.635931
		0.350606 0.274332 0.653573
		0.331362 0.245532 0.667628
		0.314024 0.219584 0.676960
		0.299687 0.198128 0.680642
		0.289209 0.182446 0.678023
		0.283155 0.173385 0.668775
		0.281758 0.171295 0.652931
		0.284912 0.176015 0.630888
		0.292178 0.186889 0.603395
		0.302819 0.202814 0.571510
		0.315854 0.222323 0.536548
		0.330131 0.243690 0.500000
		0.344408 0.265057 0.463452
		0.357443 0.284565 0.428490
		0.368084 0.300490 0.396605
		0.375350 0.311364 0.369112
		0.378504 0.316085 0.347069
		0.377107 0.313995 0.331225
		0.371053 0.304933 0.321977
		0.360575 0.289252 0.319358
		0.346238 0.267796 0.323040
		0.328900 0.241848 0.332372
		0.309656 0.213047 0.346427
		0.289765 0.183278 0.364069
		0.270565 0.154542 0.384037
		0.253381 0.128825 0.405029
		0.239438 0.107957 0.425792
		0.229772 0.093491 0.445203
		0.225161 0.086590 0.462340
		0.226069 0.087950 0.476539
		0.232612 0.097742 0.487431
		0.244546 0.115603 0.494957
		0.261283 0.140652 0.499357
		0.281924 0.171543 0.501147
		0.305316 0.206552 0.501062
		0.347261 0.233038 0.500000
		0.369565 0.271668 0.497477
		0.390605 0.308110 0.496015
		0.409200 0.340318 0.496588
		0.424327 0.366519 0.500000
		0.435185 0.385326 0.506819
		0.441249 0.395828 0.517320
		0.442298 0.397646 0.531458
		0.438431 0.390948 0.548858
		0.430054 0.376438 0.568827
		0.417851 0.355303 0.590400
		0.402738 0.329126 0.612393
		0.385794 0.299778 0.633481
		0.368191 0.269288 0.652285
		0.351111 0.239705 0.667466
		0.335668 0.212958 0.677814
		0.322833 0.190726 0.682339
		0.313365 0.174327 0.680337
		0.307767 0.164632 0.671451
		0.306252 0.162008 0.655698
		0.308729 0.166297 0.633481
		0.314814 0.176838 0.605574
		0.323864 0.192512 0.573080
		0.335017 0.211830 0.537369
		0.347261 0.233038 0.500000
		0.359505 0.254245 0.462631
		0.370659 0.273563 0.426920
		0.379708 0.289237 0.394426
		0.385794 0.299778 0.366519
		0.388270 0.304068 0.344302
		0.386755 0.301443 0.328549
		0.381158 0.291748 0.319663
		0.371690 0.275349 0.317661
		0.358854 0.253118 0.322186
		0.343412 0.226370 0.332534
		0.326332 0.196787 0.347715
		0.308729 0.166297 0.366519
		0.291784 0.136949 0.387607
		0.276671 0.110772 0.409600
		0.264469 0.089637 0.431173
		0.256092 0.075128 0.451142
		0.252225 0.068430 0.468542
		0.253274 0.070247 0.482680
		0.259338 0.080749 0.493181
		0.270196 0.099556 0.500000
		0.285323 0.125757 0.503412
		0.303918 0.157965 0.503985
		0.324958 0.194407 0.502523
		0.365051 0.223529 0.500000
		0.384733 0.263440 0.496019
		0.403314 0.301117 0.493181
		0.419762 0.334471 0.492536
		0.433185 0.361690 0.494957
		0.442884 0.381357 0.501062
		0.448397 0.392536 0.511160
		0.449529 0.394832 0.525222
		0.446362 0.388409 0.542865
		0.439244 0.373977 0.563372
		0.428769 0.352734 0.585733
		0.415725 0.326285 0.608703
		0.401050 0.296526 0.630888
		0.385759 0.265519 0.650834
		0.370878 0.235344 0.667124
		0.357375 0.207962 0.678477
		0.346093 0.185084 0.683840
		0.337693 0.168052 0.682459
		0.332616 0.157756 0.673943
		0.331048 0.154577 0.658298
		0.332916 0.158365 0.635931
		0.337893 0.168456 0.607641
		0.345423 0.183727 0.574572
		0.354767 0.202674 0.538150
		0.365051 0.223529 0.500000
		0.375336 0.244383 0.461850
		0.384680 0.263330 0.425428
		0.392210 0.278601 0.392359
		0.397187 0.288692 0.364069
		0.399055 0.292480 0.341702
		0.397487 0.289301 0.326057
		0.392410 0.279006 0.317541
		0.384010 0.261973 0.316160
		0.372728 0.239095 0.321523
		0.359225 0.211713 0.332876
		0.344344 0.181538 0.349166
		0.329053 0.150531 0.369112
		0.314378 0.120772 0.391297
		0.301334 0.094323 0.414267
		0.290858 0.073080 0.436628
		0.283741 0.058648 0.457135
		0.280574 0.052225 0.474778
		0.281706 0.054521 0.488840
		0.287219 0.065700 0.498938
		0.296918 0.085367 0.505043
		0.310341 0.112586 0.507464
		0.326789 0.145940 0.506819
		0.345370 0.183618 0.503981
		0.383425 0.215203 0.500000
		0.400396 0.256174 0.494565
		0.416428 0.294879 0.490354
		0.430644 0.329200 0.488493
		0.442282 0.357297 0.489919
		0.450746 0.377729 0.495303
		0.455640 0.389544 0.504989
		0.456795 0.392333 0.518960
		0.454277 0.386254 0.536827
		0.448379 0.372015 0.557850
		0.439600 0.350820 0.580973
		0.428608 0.324283 0.604896
		0.416195 0.294316 0.628155
		0.403221 0.262995 0.649221
		0.390557 0.232420 0.666604
		0.379022 0.204572 0.678950
		0.369332 0.181179 0.685144
		0.362051 0.163602 0.684385
		0.357554 0.152744 0.676250
		0.356002 0.148998 0.660729
		0.357338 0.152222 0.638236
		0.361287 0.161757 0.609593
		0.367385 0.176479 0.575984
		0.375009 0.194886 0.538890
		0.383425 0.215203 0.500000
		0.391841 0.235521 0.461110
		0.399466 0.253928 0.424016
		0.405564 0.268650 0.390407
		0.409513 0.278185 0.361764
		0.410848 0.281408 0.339271
		0.409297 0.277662 0.323750
		0.404799 0.266805 0.315615
		0.397519 0.249227 0.314856
		0.387829 0.225835 0.321050
		0.376294 0.197987 0.333396
		0.363630 0.167412 0.350779
		0.350656 0.136091 0.371845
		0.338243 0.106124 0.395104
		0.327251 0.079587 0.419027
		0.318472 0.058392 0.442150
		0.312574 0.044153 0.463173
		0.310056 0.038074 0.481040
		0.311211 0.040863 0.495011
		0.316105 0.052677 0.504697
		0.324568 0.073110 0.510081
		0.336207 0.101207 0.511507
		0.350423 0.135528 0.509646
		0.366455 0.174233 0.505435
		0.402305 0.208098 0.500000
		0.416494 0.249900 0.493117
		0.429909 0.289419 0.487537
		0.441824 0.324519 0.484462
		0.451610 0.353346 0.484893
		0.458772 0.374444 0.489550
		0.462982 0.386847 0.498812
		0.464099 0.390137 0.512676
		0.462173 0.384463 0.530750
		0.457442 0.370528 0.552266
		0.450315 0.349532 0.576127
		0.441339 0.323089 0.600977
		0.431163 0.293111 0.625285
		0.420493 0.261679 0.647449
		0.410044 0.230896 0.665905
		0.400490 0.202752 0.679230
		0.392420 0.178980 0.686250
		0.386300 0.160950 0.686114
		0.382439 0.149575 0.678367
		0.380973 0.145257 0.662987
		0.381858 0.147863 0.640392
		0.384872 0.156743 0.611427
		0.389638 0.170783 0.577315
		0.395648 0.188489 0.539589
		0.402305 0.208098 0.500000
		0.408961 0.227707 0.460411
		0.414971 0.245413 0.422685
		0.419737 0.259453 0.388573
		0.422752 0.268333 0.359608
		0.423636 0.270938 0.337013
		0.422170 0.266620 0.321633
		0.418309 0.255246 0.313886
		0.412189 0.237216 0.313750
		0.404119 0.213444 0.320770
		0.394566 0.185299 0.334095
		0.384116 0.154517 0.352551
		0.373446 0.123085 0.374715
		0.363270 0.093107 0.399023
		0.354294 0.066663 0.423873
		0.347167 0.045668 0.447734
		0.342437 0.031733 0.469250
		0.340511 0.026059 0.487324
		0.341627 0.029349 0.501188
		0.345838 0.041752 0.510450
		0.352999 0.062850 0.515107
		0.362785 0.091676 0.515538
		0.374700 0.126777 0.512463
		0.388115 0.166296 0.506883
		0.421608 0.202242 0.500000
		0.432969 0.244642 0.491676
		0.443718 0.284756 0.484734
		0.453280 0.320444 0.480448
		0.461159 0.349847 0.479882
		0.466962 0.371504 0.483808
		0.470428 0.384442 0.492636
		0.471444 0.388234 0.506380
		0.470048 0.383021 0.524640
		0.466423 0.369494 0.546625
		0.460890 0.348843 0.571199
		0.453876 0.322669 0.596949
		0.445893 0.292874 0.622280
		0.437494 0.261529 0.645519
		0.429241 0.230729 0.665028
		0.421665 0.202456 0.679319
		0.415231 0.178442 0.687156
		0.410304 0.160056 0.687643
		0.407132 0.148215 0.680294
		0.405822 0.143326 0.665071
		0.406342 0.145269 0.642398
		0.408523 0.153407 0.613142
		0.412069 0.166643 0.578563
		0.416587 0.183502 0.540245
		0.421608 0.202242 0.500000
		0.426630 0.220982 0.459755
		0.431147 0.237842 0.421437
		0.434694 0.251078 0.386858
		0.436874 0.259216 0.357602
		0.437395 0.261158 0.334929
		0.436085 0.256269 0.319706
		0.432912 0.244428 0.312357
		0.427985 0.226042 0.312844
		0.421551 0.202028 0.320681
		0.413975 0.173755 0.334972
		0.405722 0.142956 0.354481
		0.397323 0.111610 0.377720
		0.389340 0.081816 0.403051
		0.382327 0.055642 0.428801
		0.376793 0.034990 0.453375
		0.373169 0.021463 0.475360
		0.371772 0.016250 0.493620
		0.372788 0.020042 0.507364
		0.376254 0.032980 0.516192
		0.382057 0.054637 0.520118
		0.389936 0.084040 0.519552
		0.399499 0.119728 0.515266
		0.410247 0.159842 0.508324
		0.441253 0.197662 0.500000
		0.449759 0.240424 0.490244
		0.457812 0.280910 0.481947
		0.464989 0.316990 0.476454
		0.470921 0.346812 0.474893
		0.475318 0.368916 0.478083
		0.477986 0.382329 0.486468
		0.478839 0.386618 0.500076
		0.477903 0.381914 0.518503
		0.475313 0.368892 0.540935
		0.471301 0.348722 0.566195
		0.466182 0.322986 0.592818
		0.460329 0.293562 0.619145
		0.454150 0.262497 0.643433
		0.448057 0.231867 0.663975
		0.442441 0.203633 0.679216
		0.437643 0.179514 0.687862
		0.433935 0.160871 0.688972
		0.431498 0.148618 0.682028
		0.430414 0.143169 0.666978
		0.430661 0.144412 0.644252
		0.432117 0.151732 0.614735
		0.434568 0.164055 0.579727
		0.437727 0.179935 0.540859
		0.441253 0.197662 0.500000
		0.444779 0.215388 0.459141
		0.447938 0.231268 0.420273
		0.450389 0.243591 0.385265
		0.451845 0.250911 0.355748
		0.452093 0.252155 0.333022
		0.451009 0.246705 0.317972
		0.448571 0.234452 0.311028
		0.444863 0.215809 0.312138
		0.440065 0.191690 0.320784
		0.434449 0.163456 0.336025
		0.428357 0.132826 0.356567
		0.422177 0.101761 0.380855
		0.416325 0.072337 0.407182
		0.411205 0.046601 0.433805
		0.407193 0.026432 0.459065
		0.404603 0.013409 0.481497
		0.403667 0.008705 0.499924
		0.404521 0.012994 0.513532
		0.407189 0.026407 0.521917
		0.411585 0.048511 0.525107
		0.417517 0.078333 0.523546
		0.424694 0.114413 0.518053
		0.432747 0.154900 0.509756
		0.461156 0.194376 0.500000
		0.466802 0.237263 0.488823
		0.472152 0.277898 0.479180
		0.476927 0.314173 0.472486
		0.480887 0.344252 0.469931
		0.483841 0.366688 0.472382
		0.485661 0.380511 0.480315
		0.486290 0.385286 0.493772
		0.485743 0.381131 0.512346
		0.484106 0.368702 0.535201
		0.481531 0.349144 0.561120
		0.478222 0.324006 0.588588
		0.474421 0.295132 0.615882
		0.470392 0.264534 0.641193
		0.466406 0.234253 0.662746
		0.462715 0.206222 0.678921
		0.459544 0.182135 0.688367
		0.457069 0.163335 0.690098
		0.455410 0.150731 0.683566
		0.454621 0.144737 0.668707
		0.454689 0.145256 0.645951
		0.455537 0.151694 0.616206
		0.457026 0.163008 0.580805
		0.458972 0.177791 0.541428
		0.461156 0.194376 0.500000
		0.463339 0.210960 0.458572
		0.465285 0.225743 0.419195
		0.466775 0.237058 0.383794
		0.467623 0.243496 0.354049
		0.467691 0.244015 0.331293
		0.466902 0.238021 0.316434
		0.465242 0.225416 0.309902
		0.462767 0.206616 0.311633
		0.459596 0.182529 0.321079
		0.455906 0.154498 0.337254
		0.451919 0.124217 0.358807
		0.447891 0.093620 0.384118
		0.444090 0.064746 0.411412
		0.440780 0.039608 0.438880
		0.438205 0.020049 0.464799
		0.436569 0.007620 0.487654
		0.436022 0.003465 0.506228
		0.436651 0.008240 0.519685
		0.438471 0.022064 0.527618
		0.441424 0.044500 0.530069
		0.445384 0.074578 0.527514
		0.450160 0.110853 0.520820
		0.455510 0.151489 0.511177
		0.481231 0.192398 0.500000
		0.484034 0.235175 0.487414
		0.486693 0.275737 0.476434
		0.489070 0.312008 0.468547
		0.491048 0.342181 0.465001
		0.492533 0.364831 0.466710
		0.493461 0.378995 0.474183
		0.493805 0.384238 0.487475
		0.493570 0.380664 0.506176
		0.492800 0.368908 0.529429
		0.491566 0.350080 0.555980
		0.489967 0.325689 0.584262
		0.488122 0.297535 0.612495
		0.486159 0.267583 0.638802
		0.484208 0.237826 0.661343
		0.482395 0.210157 0.678434
		0.480827 0.186235 0.688670
		0.479591 0.167381 0.691020
		0.478746 0.154488 0.684908
		0.478319 0.147973 0.670255
		0.478305 0.147752 0.647494
		0.478665 0.153257 0.617552
		0.479336 0.163483 0.581797
		0.480226 0.177068 0.541953
		0.481231 0.192398 0.500000
		0.482236 0.207729 0.458047
		0.483126 0.221314 0.418203
		0.483796 0.231540 0.382448
		0.484157 0.237044 0.352506
		0.484143 0.236824 0.329745
		0.483716 0.230309 0.315092
		0.482871 0.217416 0.308980
		0.481635 0.198562 0.311330
		0.480067 0.174640 0.321566
		0.478253 0.146971 0.338657
		0.476303 0.117214 0.361198
		0.474340 0.087261 0.387505
		0.472494 0.059107 0.415738
		0.470896 0.034717 0.444020
		0.469662 0.015889 0.470571
		0.468891 0.004133 0.493824
		0.468657 0.000559 0.512525
		0.469001 0.005802 0.525817
		0.469929 0.019966 0.533290
		0.471413 0.042615 0.534999
		0.473391 0.072789 0.531453
		0.475768 0.109060 0.523566
		0.478427 0.149622 0.512586
		0.501392 0.191738 0.500000
		0.501392 0.234172 0.486018
		0.501392 0.274440 0.473714
		0.501392 0.310511 0.464642
		0.501392 0.340617 0.460108
		0.501392 0.363359 0.461074
		0.501392 0.377791 0.468078
		0.501392 0.383477 0.481192
		0.501392 0.380509 0.500000
		0.501392 0.369495 0.523625
		0.501392 0.351505 0.550780
		0.501392 0.328001 0.579847
		0.501392 0.300725 0.608987
		0.501392 0.271585 0.636262
		0.501392 0.242518 0.659767
		0.501392 0.215364 0.677756
		0.501392 0.191738 0.688771
		0.501392 0.172930 0.691738
		0.501392 0.159817 0.686052
		0.501392 0.152812 0.671620
		0.501392 0.151846 0.648879
		0.501392 0.156381 0.618773
		0.501392 0.165453 0.582701
		0.501392 0.177756 0.542434
		0.501392 0.191738 0.500000
		0.501392 0.205721 0.457566
		0.501392 0.218024 0.417299
		0.501392 0.227096 0.381227
		0.501392 0.231630 0.351121
		0.501392 0.230665 0.328380
		0.501392 0.223660 0.313948
		0.501392 0.210547 0.308262
		0.501392 0.191738 0.311229
		0.501392 0.168113 0.322244
		0.501392 0.140959 0.340233
		0.501392 0.111892 0.363738
		0.501392 0.082752 0.391013
		0.501392 0.055476 0.420153
		0.501392 0.031972 0.449220
		0.501392 0.013982 0.476375
		0.501392 0.002968 0.500000
		0.501392 0.000000 0.518808
		0.501392 0.005686 0.531922
		0.501392 0.020118 0.538926
		0.501392 0.042860 0.539892
		0.501392 0.072966 0.535358
		0.501392 0.109037 0.526286
		0.501392 0.149305 0.513982
		0.521553 0.192398 0.500000
		0.518809 0.234262 0.484637
		0.516204 0.274020 0.471023
		0.513865 0.309699 0.460775
		0.511907 0.339577 0.455258
		0.510418 0.362289 0.455479
		0.509460 0.376911 0.462008
		0.509060 0.383010 0.474928
		0.509214 0.380664 0.493824
		0.509883 0.370450 0.517797
		0.511001 0.353396 0.545525
		0.512475 0.330903 0.575346
		0.514196 0.304652 0.605363
		0.516042 0.276480 0.633577
		0.517892 0.248259 0.658020
		0.519629 0.221764 0.676888
		0.521149 0.198562 0.688670
		0.522372 0.179901 0.692251
		0.523242 0.166637 0.686997
		0.523731 0.159180 0.672802
		0.523842 0.157474 0.650104
		0.523610 0.161013 0.619866
		0.523095 0.168883 0.583517
		0.522377 0.179839 0.542868
		0.521553 0.192398 0.500000
		0.520730 0.204958 0.457132
		0.520012 0.215914 0.416483
		0.519496 0.223784 0.380134
		0.519264 0.227323 0.349896
		0.519376 0.225617 0.327198
		0.519865 0.218160 0.313003
		0.520734 0.204896 0.307749
		0.521957 0.186235 0.311330
		0.523478 0.163033 0.323112
		0.525215 0.136538 0.341980
		0.527064 0.108317 0.366423
		0.528911 0.080145 0.394637
		0.530631 0.053894 0.424654
		0.532106 0.031401 0.454475
		0.533223 0.014346 0.482203
		0.533893 0.004133 0.506176
		0.534047 0.001787 0.525072
		0.533647 0.007886 0.537992
		0.532689 0.022508 0.544521
		0.531200 0.045220 0.544742
		0.529242 0.075098 0.539225
		0.526903 0.110777 0.528977
		0.524297 0.150535 0.515363
		0.541628 0.194376 0.500000
		0.536221 0.235449 0.483272
		0.531081 0.274489 0.468362
		0.526460 0.309588 0.456950
		0.522578 0.339078 0.450456
		0.519608 0.361639 0.449933
		0.517668 0.376371 0.455978
		0.516816 0.382847 0.468692
		0.517041 0.381131 0.487654
		0.518274 0.371766 0.511949
		0.520386 0.355729 0.540222
		0.523199 0.334361 0.570764
		0.526503 0.309266 0.601625
		0.530065 0.282205 0.630748
		0.533650 0.254973 0.656104
		0.537034 0.229275 0.675830
		0.540017 0.206616 0.688367
		0.542441 0.188201 0.692558
		0.544198 0.174859 0.687742
		0.545233 0.166994 0.673799
		0.545553 0.164563 0.651169
		0.545220 0.167097 0.620831
		0.544346 0.173733 0.584243
		0.543087 0.183294 0.543257
		0.541628 0.194376 0.500000
		0.540169 0.205457 0.456743
		0.538911 0.215018 0.415757
		0.538037 0.221654 0.379169
		0.537703 0.224188 0.348831
		0.538023 0.221758 0.326201
		0.539059 0.213892 0.312258
		0.540815 0.200550 0.307442
		0.543240 0.182135 0.311633
		0.546223 0.159476 0.324170
		0.549606 0.133778 0.343896
		0.553191 0.106546 0.369252
		0.556754 0.079485 0.398375
		0.560058 0.054391 0.429236
		0.562871 0.033022 0.459778
		0.564982 0.016986 0.488051
		0.566215 0.007620 0.512346
		0.566441 0.005904 0.531308
		0.565588 0.012380 0.544022
		0.563649 0.027112 0.550067
		0.560679 0.049673 0.549544
		0.556796 0.079164 0.543050
		0.552175 0.114262 0.531638
		0.547036 0.153302 0.516728
		0.561531 0.197662 0.500000
		0.553560 0.237735 0.481926
		0.545977 0.275856 0.465735
		0.539147 0.310192 0.453171
		0.533389 0.339142 0.445707
		0.528955 0.361432 0.444439
		0.526019 0.376192 0.449996
		0.524664 0.383002 0.462489
		0.524881 0.381914 0.481497
		0.526568 0.373434 0.506088
		0.529541 0.358486 0.534875
		0.533549 0.338338 0.566106
		0.538287 0.314517 0.597780
		0.543423 0.288696 0.627780
		0.548617 0.262585 0.654020
		0.553545 0.237810 0.674585
		0.557921 0.215809 0.687862
		0.561516 0.197736 0.692659
		0.564171 0.184390 0.688285
		0.565807 0.176166 0.674609
		0.566429 0.173037 0.652072
		0.566124 0.174568 0.621667
		0.565053 0.179956 0.584880
		0.563434 0.188093 0.543600
		0.561531 0.197662 0.500000
		0.559628 0.207230 0.456400
		0.558009 0.215368 0.415120
		0.556937 0.220755 0.378333
		0.556633 0.222286 0.347928
		0.557255 0.219158 0.325391
		0.558891 0.210933 0.311715
		0.561546 0.197587 0.307341
		0.565141 0.179514 0.312138
		0.569517 0.157513 0.325415
		0.574445 0.132738 0.345980
		0.579639 0.106627 0.372220
		0.584775 0.080806 0.402220
		0.589513 0.056985 0.433894
		0.593521 0.036838 0.465125
		0.596494 0.021889 0.493912
		0.598181 0.013409 0.518503
		0.598397 0.012321 0.537511
		0.597043 0.019132 0.550004
		0.594107 0.033892 0.555561
		0.589673 0.056181 0.554293
		0.583915 0.085131 0.546829
		0.577085 0.119467 0.534265
		0.569502 0.157588 0.518074
		0.581176 0.202242 0.500000
		0.570760 0.241116 0.480599
		0.560842 0.278128 0.463145
		0.551893 0.311529 0.449442
		0.544321 0.339788 0.441017
		0.538452 0.361689 0.439006
		0.534512 0.376393 0.444067
		0.532610 0.383492 0.456326
		0.532736 0.383021 0.475360
		0.534765 0.375451 0.500221
		0.538464 0.361647 0.529492
		0.543513 0.342803 0.561378
		0.549528 0.320356 0.593829
		0.556084 0.295888 0.624675
		0.562748 0.271015 0.651772
		0.569109 0.247279 0.673152
		0.574799 0.226042 0.687156
		0.579525 0.208404 0.692553
		0.583082 0.195129 0.688627
		0.585367 0.186602 0.675233
		0.586383 0.182810 0.652812
		0.586237 0.183356 0.622372
		0.585127 0.187496 0.585425
		0.583330 0.194202 0.543896
		0.581176 0.202242 0.500000
		0.579022 0.210282 0.456104
		0.577225 0.216988 0.414575
		0.576115 0.221128 0.377628
		0.575969 0.221675 0.347188
		0.576985 0.217883 0.324767
		0.579270 0.209355 0.311373
		0.582827 0.196080 0.307447
		0.587553 0.178442 0.312844
		0.593243 0.157206 0.326848
		0.599604 0.133469 0.348228
		0.606268 0.108596 0.375325
		0.612824 0.084129 0.406171
		0.618839 0.061682 0.438622
		0.623888 0.042837 0.470508
		0.627587 0.029033 0.499779
		0.629616 0.021463 0.524640
		0.629742 0.020993 0.543674
		0.627840 0.028092 0.555933
		0.623900 0.042796 0.560994
		0.618031 0.064696 0.558983
		0.610459 0.092956 0.550558
		0.601510 0.126356 0.536855
		0.591592 0.163368 0.519401
		0.600479 0.208098 0.500000
		0.587754 0.245586 0.479292
		0.575627 0.281310 0.460594
		0.564662 0.313611 0.445767
		0.555352 0.341039 0.436389
		0.548089 0.362435 0.433638
		0.543145 0.376999 0.438198
		0.540655 0.384334 0.450210
		0.540612 0.384463 0.469250
		0.542868 0.377817 0.494354
		0.547151 0.365198 0.524076
		0.553084 0.347722 0.556584
		0.560208 0.326734 0.589778
		0.568022 0.303716 0.621436
		0.576009 0.280185 0.649361
		0.583679 0.257590 0.671533
		0.590595 0.237216 0.686250
		0.596405 0.220101 0.692241
		0.600861 0.206973 0.688767
		0.603839 0.198202 0.675669
		0.605336 0.193792 0.653389
		0.605474 0.193384 0.622946
		0.604486 0.196296 0.585879
		0.602692 0.201580 0.544144
		0.600479 0.208098 0.500000
		0.598267 0.214616 0.455856
		0.596473 0.219899 0.414121
		0.595485 0.222811 0.377054
		0.595623 0.222404 0.346611
		0.597120 0.217993 0.324331
		0.600098 0.209223 0.311233
		0.604554 0.196094 0.307759
		0.610364 0.178980 0.313750
		0.617280 0.158606 0.328467
		0.624950 0.136011 0.350639
		0.632937 0.112480 0.378564
		0.640751 0.089462 0.410222
		0.647875 0.068474 0.443416
		0.653808 0.050998 0.475924
		0.658091 0.038379 0.505646
		0.660347 0.031733 0.530750
		0.660304 0.031861 0.549790
		0.657814 0.039196 0.561802
		0.652870 0.053760 0.566362
		0.645607 0.075156 0.563611
		0.636296 0.102584 0.554233
		0.625332 0.134886 0.539406
		0.613205 0.170610 0.520708
		0.619359 0.215203 0.500000
		0.604476 0.251133 0.478008
		0.590281 0.285404 0.458085
		0.577419 0.316454 0.442150
		0.566458 0.342917 0.431830
		0.557850 0.363697 0.428340
		0.551911 0.378037 0.432395
		0.548798 0.385553 0.444147
		0.548507 0.386254 0.463173
		0.550878 0.380531 0.488493
		0.555602 0.369125 0.518635
		0.562254 0.353066 0.551729
		0.570316 0.333603 0.585630
		0.579217 0.312115 0.618067
		0.588372 0.290013 0.646790
		0.597220 0.268650 0.669732
		0.605265 0.249227 0.685144
		0.612103 0.232720 0.691724
		0.617449 0.219813 0.688705
		0.621156 0.210864 0.675917
		0.623216 0.205890 0.653801
		0.623762 0.204572 0.623389
		0.623050 0.206291 0.586240
		0.621439 0.210182 0.544346
		0.619359 0.215203 0.500000
		0.617279 0.220225 0.455654
		0.615667 0.224115 0.413760
		0.614955 0.225835 0.376611
		0.615501 0.224517 0.346199
		0.617561 0.219543 0.324083
		0.621268 0.210594 0.311295
		0.626614 0.197687 0.308276
		0.633452 0.181179 0.314856
		0.641497 0.161757 0.330268
		0.650346 0.140394 0.353210
		0.659501 0.118292 0.381933
		0.668401 0.096804 0.414370
		0.676463 0.077341 0.448271
		0.683115 0.061282 0.481365
		0.687840 0.049875 0.511507
		0.690210 0.044153 0.536827
		0.689920 0.044854 0.555853
		0.686807 0.052370 0.567605
		0.680867 0.066710 0.571660
		0.672259 0.087490 0.568170
		0.661298 0.113953 0.557850
		0.648437 0.145003 0.541915
		0.634241 0.179273 0.521992
		0.637733 0.223529 0.500000
		0.620859 0.257744 0.476747
		0.604750 0.290410 0.455622
		0.590124 0.320069 0.438595
		0.577612 0.345442 0.427343
		0.567719 0.365502 0.423120
		0.560799 0.379534 0.426664
		0.557033 0.387171 0.438144
		0.556422 0.388409 0.457135
		0.558794 0.383600 0.482644
		0.563816 0.373418 0.513174
		0.571020 0.358808 0.546819
		0.579842 0.340919 0.581392
		0.589655 0.321021 0.614572
		0.599814 0.300420 0.644062
		0.609704 0.280366 0.667748
		0.618774 0.261973 0.683840
		0.626577 0.246150 0.691001
		0.632797 0.233538 0.688441
		0.637263 0.224481 0.675976
		0.639963 0.219006 0.654048
		0.641034 0.216835 0.623699
		0.640749 0.217412 0.586510
		0.639494 0.219958 0.544500
		0.637733 0.223529 0.500000
		0.635972 0.227099 0.455500
		0.634717 0.229645 0.413490
		0.634432 0.230223 0.376301
		0.635502 0.228052 0.345952
		0.638202 0.222577 0.324024
		0.642669 0.213519 0.311559
		0.648888 0.200907 0.308999
		0.656692 0.185084 0.316160
		0.665762 0.166692 0.332252
		0.675651 0.146637 0.355938
		0.685811 0.126036 0.385428
		0.695623 0.106139 0.418608
		0.704445 0.088250 0.453181
		0.711650 0.073640 0.486826
		0.716671 0.063457 0.517356
		0.719043 0.058648 0.542865
		0.718432 0.059886 0.561856
		0.714666 0.067523 0.573336
		0.707746 0.081556 0.576880
		0.697853 0.101616 0.572657
		0.685341 0.126988 0.561405
		0.670715 0.156647 0.544378
		0.654606 0.189313 0.523253
		0.655523 0.233038 0.500000
		0.636838 0.265400 0.475512
		0.618983 0.296327 0.453205
		0.602736 0.324468 0.435106
		0.588782 0.348636 0.422935
		0.577674 0.367876 0.417982
		0.569797 0.381518 0.421012
		0.565354 0.389214 0.432207
		0.564353 0.390948 0.451142
		0.566616 0.387029 0.476814
		0.571790 0.378067 0.507699
		0.579380 0.364921 0.541859
		0.588782 0.348636 0.577065
		0.599326 0.330373 0.610954
		0.610323 0.311327 0.641180
		0.621109 0.292644 0.665585
		0.631094 0.275349 0.682339
		0.639794 0.260281 0.690073
		0.646863 0.248037 0.687975
		0.652113 0.238943 0.675847
		0.655523 0.233038 0.654131
		0.657229 0.230082 0.623877
		0.657515 0.229586 0.586687
		0.656784 0.230852 0.544607
		0.655523 0.233038 0.500000
		0.654261 0.235223 0.455393
		0.653530 0.236489 0.413313
		0.653817 0.235993 0.376123
		0.655523 0.233038 0.345869
		0.658932 0.227132 0.324153
		0.664183 0.218038 0.312025
		0.671252 0.205794 0.309927
		0.679952 0.190726 0.317661
		0.689936 0.173432 0.334415
		0.700723 0.154749 0.358820
		0.711719 0.135702 0.389046
		0.722263 0.117440 0.422935
		0.731665 0.101155 0.458141
		0.739256 0.088008 0.492301
		0.744430 0.079046 0.523186
		0.746692 0.075128 0.548858
		0.745691 0.076861 0.567793
		0.741248 0.084557 0.578988
		0.733372 0.098200 0.582018
		0.722263 0.117440 0.577065
		0.708310 0.141607 0.564894
		0.692063 0.169748 0.546795
		0.674207 0.200675 0.524488
		0.672653 0.243690 0.500000
		0.652348 0.274078 0.474302
		0.632924 0.303148 0.450839
		0.615210 0.329659 0.431687
		0.599935 0.352519 0.418608
		0.587689 0.370847 0.412931
		0.578887 0.384021 0.415445
		0.573749 0.391710 0.426343
		0.572293 0.393889 0.445203
		0.574339 0.390827 0.471008
		0.579524 0.383067 0.502215
		0.587332 0.371381 0.536854
		0.597134 0.356713 0.572657
		0.608227 0.340110 0.607217
		0.619890 0.322655 0.638147
		0.631425 0.305392 0.663244
		0.642209 0.289252 0.680642
		0.651730 0.275003 0.688942
		0.659619 0.263197 0.687307
		0.665670 0.254140 0.675530
		0.669851 0.247883 0.654048
		0.672296 0.244224 0.623922
		0.673290 0.242736 0.586771
		0.673243 0.242807 0.544665
		0.672653 0.243690 0.500000
		0.672063 0.244573 0.455335
		0.672016 0.244643 0.413229
		0.673010 0.243156 0.376078
		0.675455 0.239497 0.345952
		0.679636 0.233239 0.324470
		0.685687 0.224183 0.312693
		0.693576 0.212376 0.311058
		0.703097 0.198128 0.319358
		0.713881 0.181988 0.336756
		0.725416 0.164724 0.361853
		0.737079 0.147270 0.392783
		0.748172 0.130667 0.427343
		0.757974 0.115998 0.463146
		0.765782 0.104312 0.497785
		0.770967 0.096553 0.528992
		0.773013 0.093491 0.554797
		0.771557 0.095670 0.573657
		0.766419 0.103359 0.584555
		0.757617 0.116533 0.587069
		0.745371 0.134860 0.581392
		0.730096 0.157720 0.568313
		0.712382 0.184232 0.549161
		0.692958 0.213302 0.525698
		0.689050 0.255440 0.500000
		0.667325 0.283752 0.473120
		0.646520 0.310866 0.448526
		0.627501 0.335651 0.428340
		0.611034 0.357112 0.414370
		0.597736 0.374443 0.407974
		0.588046 0.387071 0.409968
		0.582202 0.394687 0.420558
		0.580232 0.397254 0.439322
		0.581958 0.395004 0.465234
		0.587015 0.388414 0.496730
		0.594876 0.378169 0.531809
		0.604897 0.365109 0.568170
		0.616358 0.350173 0.603365
		0.628514 0.334331 0.634965
		0.640648 0.318519 0.660729
		0.652111 0.303579 0.678753
		0.662372 0.290206 0.687609
		0.671044 0.278905 0.686439
		0.677906 0.269962 0.675025
		0.682913 0.263437 0.653801
		0.686191 0.259166 0.623835
		0.688019 0.256783 0.586762
		0.688807 0.255757 0.544676
		0.689050 0.255440 0.500000
		0.689293 0.255123 0.455324
		0.690080 0.254097 0.413238
		0.691909 0.251713 0.376165
		0.695187 0.247442 0.346199
		0.700193 0.240917 0.324975
		0.707055 0.231975 0.313561
		0.715727 0.220673 0.312391
		0.725988 0.207300 0.321247
		0.737452 0.192361 0.339271
		0.749585 0.176548 0.365035
		0.761742 0.160706 0.396635
		0.773202 0.145770 0.431830
		0.783223 0.132710 0.468191
		0.791085 0.122465 0.503270
		0.796141 0.115875 0.534766
		0.797868 0.113625 0.560678
		0.795898 0.116192 0.579442
		0.790054 0.123808 0.590032
		0.780364 0.136437 0.592026
		0.767066 0.153767 0.585630
		0.750598 0.175228 0.571660
		0.731580 0.200013 0.551474
		0.710775 0.227127 0.526880
		0.704643 0.268237 0.500000
		0.681705 0.294392 0.471967
		0.659714 0.319468 0.446268
		0.639562 0.342447 0.425071
		0.622037 0.362431 0.410222
		0.607779 0.378688 0.403115
		0.597247 0.390699 0.404588
		0.590692 0.398173 0.414857
		0.588155 0.401066 0.433505
		0.589465 0.399572 0.459497
		0.594259 0.394105 0.491247
		0.602013 0.385264 0.526730
		0.612076 0.373789 0.563611
		0.623723 0.360508 0.599403
		0.636201 0.346280 0.631639
		0.648779 0.331937 0.658041
		0.660800 0.318230 0.676672
		0.671717 0.305781 0.686074
		0.681130 0.295048 0.685372
		0.688804 0.286297 0.674332
		0.694682 0.279595 0.653389
		0.698876 0.274812 0.623615
		0.701656 0.271643 0.586660
		0.703416 0.269636 0.544639
		0.704643 0.268237 0.500000
		0.705870 0.266837 0.455361
		0.707630 0.264830 0.413340
		0.710410 0.261661 0.376385
		0.714604 0.256878 0.346611
		0.720482 0.250176 0.325668
		0.728156 0.241425 0.314628
		0.737569 0.230692 0.313926
		0.748486 0.218243 0.323328
		0.760507 0.204536 0.341959
		0.773085 0.190193 0.368361
		0.785563 0.175965 0.400597
		0.797210 0.162684 0.436389
		0.807273 0.151209 0.473270
		0.815027 0.142368 0.508753
		0.819821 0.136901 0.540503
		0.821131 0.135408 0.566495
		0.818594 0.138301 0.585143
		0.812039 0.145775 0.595412
		0.801507 0.157785 0.596885
		0.787249 0.174043 0.589778
		0.769724 0.194026 0.574929
		0.749572 0.217005 0.553732
		0.727581 0.242081 0.528033
		0.719366 0.282026 0.500000
		0.695428 0.305964 0.470843
		0.672451 0.328941 0.444067
		0.651342 0.350050 0.421881
		0.632901 0.368491 0.406171
		0.617783 0.383609 0.398361
		0.606459 0.394933 0.399309
		0.599196 0.402196 0.409248
		0.596045 0.405347 0.427761
		0.596848 0.404544 0.453803
		0.601252 0.400140 0.485774
		0.608742 0.392650 0.521623
		0.618675 0.382717 0.558983
		0.630331 0.371061 0.595334
		0.642960 0.358432 0.628173
		0.655831 0.345561 0.655184
		0.668285 0.333107 0.674402
		0.679769 0.321623 0.684341
		0.689874 0.311518 0.684106
		0.698356 0.303036 0.673453
		0.705140 0.296252 0.652812
		0.710325 0.291067 0.623263
		0.714159 0.287233 0.586465
		0.717018 0.284374 0.544554
		0.719366 0.282026 0.500000
		0.721714 0.279678 0.455446
		0.724573 0.276819 0.413535
		0.728407 0.272985 0.376737
		0.733592 0.267801 0.347188
		0.740376 0.261016 0.326547
		0.748858 0.252535 0.315894
		0.758963 0.242429 0.315659
		0.770447 0.230945 0.325598
		0.782900 0.218492 0.344816
		0.795772 0.205620 0.371827
		0.808401 0.192991 0.404666
		0.820057 0.181335 0.441017
		0.829990 0.171402 0.478377
		0.837479 0.163913 0.514226
		0.841884 0.159508 0.546197
		0.842686 0.158706 0.572239
		0.839536 0.161856 0.590752
		0.832273 0.169120 0.600691
		0.820949 0.180443 0.601639
		0.805831 0.195561 0.593829
		0.787390 0.214002 0.578119
		0.766280 0.235112 0.555933
		0.743303 0.258089 0.529157
		0.733155 0.296749 0.500000
		0.708434 0.318429 0.469751
		0.684676 0.339265 0.441926
		0.662788 0.358459 0.418775
		0.643578 0.375307 0.402220
		0.627704 0.389227 0.393715
		0.615647 0.399801 0.394139
		0.607684 0.406784 0.403737
		0.603881 0.410120 0.422093
		0.604093 0.409934 0.448158
		0.607987 0.406519 0.480317
		0.615064 0.400312 0.516493
		0.624701 0.391861 0.554293
		0.636194 0.381782 0.591163
		0.648806 0.370721 0.624569
		0.661820 0.359308 0.652161
		0.674582 0.348117 0.671945
		0.686541 0.337629 0.682410
		0.697286 0.328206 0.682643
		0.706561 0.320072 0.672388
		0.714279 0.313303 0.652072
		0.720515 0.307834 0.622778
		0.725495 0.303467 0.586178
		0.729564 0.299899 0.544422
		0.733155 0.296749 0.500000
		0.736747 0.293600 0.455578
		0.740816 0.290031 0.413822
		0.745795 0.285664 0.377222
		0.752032 0.280195 0.347928
		0.759750 0.273426 0.327612
		0.769025 0.265292 0.317357
		0.779770 0.255869 0.317590
		0.791729 0.245381 0.328055
		0.804490 0.234190 0.347839
		0.817505 0.222777 0.375431
		0.830117 0.211716 0.408837
		0.841610 0.201637 0.445707
		0.851247 0.193186 0.483507
		0.858324 0.186979 0.519683
		0.862218 0.183564 0.551842
		0.862430 0.183378 0.577907
		0.858626 0.186714 0.596263
		0.850663 0.193697 0.605861
		0.838607 0.204271 0.606285
		0.822733 0.218191 0.597780
		0.803523 0.235039 0.581225
		0.781635 0.254233 0.558074
		0.757876 0.275069 0.530249
		0.745952 0.312342 0.500000
		0.720666 0.331745 0.468692
		0.696331 0.350418 0.439847
		0.673848 0.367670 0.415757
		0.654017 0.382887 0.398375
		0.637497 0.395563 0.389182
		0.624770 0.405329 0.389082
		0.616123 0.411964 0.398328
		0.611635 0.415408 0.416509
		0.611182 0.415755 0.442569
		0.614454 0.413244 0.474880
		0.620979 0.408238 0.511345
		0.630162 0.401192 0.549544
		0.641325 0.392625 0.586895
		0.653760 0.383084 0.620831
		0.666769 0.373102 0.648975
		0.679714 0.363168 0.669303
		0.692056 0.353699 0.680284
		0.703382 0.345008 0.680984
		0.713430 0.337298 0.671138
		0.722097 0.330647 0.651169
		0.729434 0.325017 0.622163
		0.735636 0.320258 0.585798
		0.741012 0.316133 0.544242
		0.745952 0.312342 0.500000
		0.750893 0.308551 0.455758
		0.756268 0.304426 0.414202
		0.762470 0.299668 0.377837
		0.769808 0.294037 0.348831
		0.778475 0.287387 0.328862
		0.788523 0.279677 0.319016
		0.799849 0.270986 0.319716
		0.812190 0.261516 0.330697
		0.825136 0.251583 0.351025
		0.838145 0.241600 0.379169
		0.850580 0.232059 0.413105
		0.861743 0.223493 0.450456
		0.870926 0.216447 0.488655
		0.877451 0.211440 0.525120
		0.880722 0.208930 0.557431
		0.880270 0.209277 0.583491
		0.875782 0.212721 0.601672
		0.867135 0.219356 0.610918
		0.854408 0.229122 0.610818
		0.837887 0.241798 0.601625
		0.818057 0.257014 0.584243
		0.795574 0.274266 0.560153
		0.771239 0.292939 0.531308
		0.757702 0.328739 0.500000
		0.732066 0.345868 0.467666
		0.707361 0.362376 0.437833
		0.684466 0.377674 0.412828
		0.664166 0.391238 0.394637
		0.647112 0.402633 0.384769
		0.633783 0.411539 0.384143
		0.624474 0.417759 0.393028
		0.619278 0.421231 0.411014
		0.618095 0.422021 0.437042
		0.620643 0.420319 0.469470
		0.626486 0.416415 0.506185
		0.635065 0.410682 0.544742
		0.645743 0.403548 0.582533
		0.657845 0.395462 0.616964
		0.670706 0.386868 0.645630
		0.683713 0.378177 0.666481
		0.696342 0.369739 0.677964
		0.708186 0.361824 0.679131
		0.718979 0.354613 0.669705
		0.728601 0.348184 0.650104
		0.737077 0.342521 0.621416
		0.744562 0.337519 0.585327
		0.751323 0.333001 0.544014
		0.757702 0.328739 0.500000
		0.764081 0.324477 0.455986
		0.770842 0.319959 0.414673
		0.778328 0.314957 0.378584
		0.786803 0.309294 0.349896
		0.796425 0.302865 0.330295
		0.807218 0.295654 0.320869
		0.819063 0.287739 0.322036
		0.831691 0.279301 0.333519
		0.844698 0.270610 0.354370
		0.857559 0.262017 0.383036
		0.869661 0.253930 0.417467
		0.880339 0.246796 0.455258
		0.888918 0.241063 0.493815
		0.894761 0.237159 0.530530
		0.897309 0.235457 0.562958
		0.896126 0.236247 0.588986
		0.890930 0.239719 0.606972
		0.881621 0.245939 0.615857
		0.868293 0.254845 0.615231
		0.851238 0.266240 0.605363
		0.830939 0.279804 0.587172
		0.808044 0.295102 0.562167
		0.783338 0.311610 0.532334
		0.768354 0.345869 0.500000
		0.742584 0.360748 0.466674
		0.717710 0.375109 0.435885
		0.694585 0.388460 0.409993
		0.673969 0.400363 0.391013
		0.656495 0.410451 0.380479
		0.642638 0.418452 0.379329
		0.632695 0.424192 0.387842
		0.626776 0.427609 0.405615
		0.624807 0.428746 0.431582
		0.626541 0.427745 0.464093
		0.631583 0.424834 0.501018
		0.639421 0.420309 0.539892
		0.649466 0.414509 0.578083
		0.661089 0.407799 0.612972
		0.673665 0.400538 0.642129
		0.686614 0.393062 0.663480
		0.699435 0.385660 0.675454
		0.711733 0.378560 0.677087
		0.723235 0.371919 0.668091
		0.733807 0.365815 0.648879
		0.743443 0.360252 0.620539
		0.752258 0.355163 0.584764
		0.760467 0.350423 0.543740
		0.768354 0.345869 0.500000
		0.776242 0.341315 0.456260
		0.784451 0.336576 0.415236
		0.793266 0.331486 0.379461
		0.802902 0.325923 0.351121
		0.813473 0.319820 0.331909
		0.824976 0.313179 0.322913
		0.837273 0.306079 0.324546
		0.850095 0.298676 0.336520
		0.863044 0.291200 0.357871
		0.875620 0.283939 0.387028
		0.887243 0.277229 0.421917
		0.897287 0.271430 0.460108
		0.905126 0.266904 0.498982
		0.910168 0.263993 0.535907
		0.911902 0.262992 0.568418
		0.909933 0.264129 0.594385
		0.904014 0.267546 0.612158
		0.894071 0.273287 0.620671
		0.880214 0.281287 0.619521
		0.862740 0.291376 0.608987
		0.842124 0.303279 0.590007
		0.818998 0.316630 0.564115
		0.794125 0.330991 0.533326
		0.777863 0.363659 0.500000
		0.752167 0.376331 0.465718
		0.727325 0.388582 0.434006
		0.704149 0.400011 0.407254
		0.683367 0.410260 0.387505
		0.665589 0.419027 0.376317
		0.651279 0.426084 0.374644
		0.640738 0.431282 0.382777
		0.634091 0.434560 0.400316
		0.631290 0.435941 0.426195
		0.632131 0.435527 0.458755
		0.636266 0.433487 0.495850
		0.643239 0.430049 0.534999
		0.652515 0.425474 0.573550
		0.663521 0.420047 0.608859
		0.675683 0.414049 0.638475
		0.688460 0.407748 0.660305
		0.701379 0.401377 0.672757
		0.714060 0.395124 0.674853
		0.726230 0.389122 0.666296
		0.737736 0.383448 0.647494
		0.748541 0.378120 0.619534
		0.758715 0.373102 0.584111
		0.768416 0.368318 0.543418
		0.777863 0.363659 0.500000
		0.787311 0.359000 0.456582
		0.797012 0.354216 0.415889
		0.807186 0.349199 0.380466
		0.817991 0.343871 0.352506
		0.829497 0.338196 0.333704
		0.841667 0.332195 0.325147
		0.854348 0.325941 0.327243
		0.867267 0.319570 0.339695
		0.880044 0.313269 0.361525
		0.892206 0.307272 0.391141
		0.903212 0.301844 0.426450
		0.912488 0.297270 0.465001
		0.919461 0.293831 0.504150
		0.923596 0.291792 0.541245
		0.924436 0.291378 0.573805
		0.921636 0.292758 0.599684
		0.914989 0.296037 0.617223
		0.904447 0.301235 0.625356
		0.890138 0.308292 0.623683
		0.872360 0.317059 0.612495
		0.851578 0.327307 0.592746
		0.828402 0.338737 0.565994
		0.803560 0.350987 0.534282
		0.786189 0.382033 0.500000
		0.760769 0.392563 0.464799
		0.736151 0.402760 0.432198
		0.713098 0.412308 0.404614
		0.692299 0.420924 0.384118
		0.674334 0.428365 0.372287
		0.659652 0.434447 0.370093
		0.648553 0.439044 0.377837
		0.641179 0.442098 0.395125
		0.637514 0.443617 0.420888
		0.637395 0.443666 0.453460
		0.640531 0.442367 0.490687
		0.646526 0.439883 0.530069
		0.654911 0.436410 0.568938
		0.665176 0.432159 0.604629
		0.676801 0.427343 0.634673
		0.689296 0.422168 0.656957
		0.702221 0.416814 0.669874
		0.715213 0.411432 0.672432
		0.728002 0.406135 0.664323
		0.740416 0.400993 0.645951
		0.752386 0.396035 0.618400
		0.763932 0.391253 0.583367
		0.775149 0.386606 0.543050
		0.786189 0.382033 0.500000
		0.797228 0.377461 0.456950
		0.808446 0.372814 0.416633
		0.819991 0.368032 0.381600
		0.831961 0.363074 0.354049
		0.844376 0.357932 0.335677
		0.857164 0.352634 0.327568
		0.870156 0.347253 0.330126
		0.883081 0.341899 0.343043
		0.895576 0.336724 0.365327
		0.907202 0.331908 0.395371
		0.917466 0.327657 0.431062
		0.925851 0.324183 0.469931
		0.931846 0.321700 0.509313
		0.934982 0.320401 0.546540
		0.934863 0.320450 0.579112
		0.931198 0.321968 0.604875
		0.923824 0.325023 0.622163
		0.912725 0.329620 0.629907
		0.898043 0.335702 0.627713
		0.880078 0.343143 0.615882
		0.859279 0.351758 0.595386
		0.836226 0.361307 0.567802
		0.811608 0.371504 0.535201
		0.793294 0.400913 0.500000
		0.768345 0.409382 0.463918
		0.744136 0.417599 0.430462
		0.721376 0.425326 0.402077
		0.700704 0.432343 0.380855
		0.682667 0.438465 0.368394
		0.667695 0.443548 0.365681
		0.656085 0.447489 0.373029
		0.647996 0.450235 0.390045
		0.643443 0.451780 0.415665
		0.642312 0.452164 0.448216
		0.644371 0.451465 0.485533
		0.649293 0.449795 0.525107
		0.656678 0.447288 0.564252
		0.666087 0.444094 0.600288
		0.677065 0.440367 0.630727
		0.689175 0.436256 0.653442
		0.702015 0.431898 0.666809
		0.715244 0.427407 0.669826
		0.728596 0.422875 0.662175
		0.741883 0.418364 0.644252
		0.754998 0.413912 0.617139
		0.767911 0.409529 0.582534
		0.780652 0.405204 0.542636
		0.793294 0.400913 0.500000
		0.805937 0.396621 0.457364
		0.818677 0.392296 0.417466
		0.831590 0.387913 0.382861
		0.844705 0.383461 0.355748
		0.857992 0.378951 0.337825
		0.871344 0.374418 0.330174
		0.884574 0.369927 0.333191
		0.897414 0.365569 0.346558
		0.909523 0.361458 0.369273
		0.920502 0.357731 0.399712
		0.929911 0.354538 0.435748
		0.937296 0.352031 0.474893
		0.942217 0.350360 0.514467
		0.944277 0.349661 0.551784
		0.943146 0.350045 0.584335
		0.938593 0.351590 0.609955
		0.930503 0.354336 0.626971
		0.918894 0.358277 0.634319
		0.903922 0.363360 0.631606
		0.885885 0.369482 0.619145
		0.865213 0.376500 0.597923
		0.842452 0.384226 0.569538
		0.818244 0.392443 0.536082
		0.799150 0.420216 0.500000
		0.774854 0.426726 0.463075
		0.751231 0.433056 0.428801
		0.728923 0.439033 0.399644
		0.708518 0.444501 0.377720
		0.690523 0.449323 0.364642
		0.675345 0.453390 0.361413
		0.663276 0.456623 0.368356
		0.654491 0.458977 0.385084
		0.649039 0.460438 0.410532
		0.646858 0.461023 0.443027
		0.647778 0.460776 0.480395
		0.651545 0.459767 0.520118
		0.657837 0.458081 0.559497
		0.666290 0.455816 0.595839
		0.676521 0.453074 0.626641
		0.688149 0.449959 0.649762
		0.700817 0.446564 0.663566
		0.714210 0.442976 0.667038
		0.728064 0.439263 0.659852
		0.742176 0.435482 0.642398
		0.756405 0.431670 0.615753
		0.770663 0.427849 0.581613
		0.784913 0.424031 0.542177
		0.799150 0.420216 0.500000
		0.813387 0.416401 0.457823
		0.827637 0.412583 0.418387
		0.841895 0.408763 0.384247
		0.856123 0.404950 0.357602
		0.870236 0.401169 0.340148
		0.884090 0.397456 0.332962
		0.897483 0.393868 0.336434
		0.910151 0.390473 0.350238
		0.921778 0.387358 0.373359
		0.932009 0.384616 0.404161
		0.940463 0.382351 0.440503
		0.946755 0.380665 0.479882
		0.950522 0.379656 0.519605
		0.951442 0.379410 0.556973
		0.949260 0.379994 0.589468
		0.943809 0.381455 0.614916
		0.935023 0.383809 0.631644
		0.922955 0.387043 0.638587
		0.907777 0.391110 0.635358
		0.889782 0.395931 0.622280
		0.869377 0.401399 0.600356
		0.847069 0.407376 0.571199
		0.823446 0.413706 0.536925
		0.803730 0.439861 0.500000
		0.780259 0.444530 0.462272
		0.757385 0.449080 0.427216
		0.735682 0.453397 0.397319
		0.715678 0.457376 0.374715
		0.697835 0.460925 0.361035
		0.682535 0.463968 0.357294
		0.670065 0.466449 0.363824
		0.660612 0.468329 0.380245
		0.654264 0.469592 0.405495
		0.651007 0.470240 0.437898
		0.650741 0.470293 0.475278
		0.653289 0.469786 0.515107
		0.658411 0.468767 0.554678
		0.665824 0.467292 0.591287
		0.675218 0.465424 0.622420
		0.686277 0.463224 0.645922
		0.698690 0.460755 0.660148
		0.712170 0.458074 0.664071
		0.726460 0.455231 0.657359
		0.741342 0.452271 0.640392
		0.756636 0.449229 0.614243
		0.772202 0.446133 0.580604
		0.787929 0.443004 0.541672
		0.803730 0.439861 0.500000
		0.819532 0.436718 0.458328
		0.835259 0.433590 0.419396
		0.850825 0.430494 0.385757
		0.866119 0.427451 0.359608
		0.881001 0.424491 0.342641
		0.895291 0.421649 0.335929
		0.908771 0.418967 0.339852
		0.921184 0.416498 0.354078
		0.932243 0.414298 0.377580
		0.941637 0.412430 0.408713
		0.949050 0.410955 0.445322
		0.954172 0.409937 0.484893
		0.956720 0.409430 0.524722
		0.956454 0.409483 0.562102
		0.953197 0.410130 0.594505
		0.946848 0.411393 0.619755
		0.937396 0.413273 0.636176
		0.924926 0.415754 0.642706
		0.909626 0.418797 0.638965
		0.891783 0.422346 0.625285
		0.871779 0.426325 0.602681
		0.850076 0.430642 0.572784
		0.827202 0.435192 0.537728
		0.807016 0.459764 0.500000
		0.784526 0.462725 0.461509
		0.762553 0.465617 0.425709
		0.741596 0.468377 0.395104
		0.722119 0.470941 0.371845
		0.704536 0.473256 0.357577
		0.689199 0.475275 0.353327
		0.676388 0.476961 0.359437
		0.666305 0.478289 0.375535
		0.659072 0.479241 0.400560
		0.654730 0.479813 0.432837
		0.653249 0.480008 0.470188
		0.654531 0.479839 0.510081
		0.658423 0.479327 0.549801
		0.664724 0.478497 0.586638
		0.673206 0.477380 0.618067
		0.683616 0.476010 0.641925
		0.695696 0.474419 0.656558
		0.709188 0.472643 0.660929
		0.723843 0.470714 0.654697
		0.739429 0.468662 0.638236
		0.755730 0.466516 0.612611
		0.772548 0.464302 0.579509
		0.789700 0.462044 0.541122
		0.807016 0.459764 0.500000
		0.824333 0.457484 0.458878
		0.841485 0.455226 0.420491
		0.858303 0.453012 0.387389
		0.874603 0.450866 0.361764
		0.890190 0.448814 0.345303
		0.904845 0.446884 0.339071
		0.918337 0.445108 0.343442
		0.930417 0.443518 0.358075
		0.940827 0.442147 0.381933
		0.949308 0.441031 0.413362
		0.955610 0.440201 0.450199
		0.959501 0.439689 0.489919
		0.960784 0.439520 0.529812
		0.959303 0.439715 0.567163
		0.954961 0.440286 0.599440
		0.947728 0.441239 0.624465
		0.937645 0.442566 0.640563
		0.924834 0.444253 0.646673
		0.909497 0.446272 0.642423
		0.891914 0.448587 0.628155
		0.872437 0.451151 0.604896
		0.851480 0.453910 0.574291
		0.829506 0.456803 0.538491
		0.808994 0.479839 0.500000
		0.787627 0.481239 0.460788
		0.766692 0.482611 0.424281
		0.746610 0.483928 0.393001
		0.727776 0.485162 0.369112
		0.710555 0.486291 0.354271
		0.695266 0.487293 0.349518
		0.682180 0.488151 0.355202
		0.671512 0.488850 0.370958
		0.663418 0.489380 0.395731
		0.657997 0.489736 0.427847
		0.655288 0.489913 0.465129
		0.655275 0.489914 0.505043
		0.657893 0.489742 0.544870
		0.663029 0.489406 0.581895
		0.670535 0.488914 0.613588
		0.680228 0.488279 0.637777
		0.691901 0.487513 0.652800
		0.705330 0.486633 0.657614
		0.720277 0.485654 0.651869
		0.736492 0.484591 0.635931
		0.753726 0.483461 0.610858
		0.771724 0.482281 0.578329
		0.790232 0.481068 0.540529
		0.808994 0.479839 0.500000
		0.827755 0.478609 0.459471
		0.846263 0.477396 0.421671
		0.864261 0.476216 0.389142
		0.881495 0.475087 0.364069
		0.897711 0.474024 0.348131
		0.912657 0.473044 0.342386
		0.926086 0.472164 0.347200
		0.937760 0.471399 0.362223
		0.947453 0.470764 0.386412
		0.954958 0.470272 0.418105
		0.960095 0.469935 0.455130
		0.962712 0.469763 0.494957
		0.962699 0.469764 0.534871
		0.959990 0.469942 0.572153
		0.954569 0.470297 0.604269
		0.946476 0.470828 0.629042
		0.935807 0.471527 0.644798
		0.922721 0.472385 0.650482
		0.907432 0.473387 0.645729
		0.890211 0.474515 0.630888
		0.871377 0.475750 0.606999
		0.851295 0.477066 0.575719
		0.830360 0.478438 0.539212
	}
	*Normals
	{
		0.899292 0.000000 -0.437349
		0.906806 0.063091 -0.416800
		0.917828 0.106631 -0.382388
		0.939705 0.125604 -0.318084
		0.980855 0.107210 -0.162570
		0.973047 0.024983 0.229249
		0.793030 -0.041148 0.607791
		0.665607 0.002502 0.746298
		0.890979 0.066419 0.449161
		0.962022 0.074632 0.262570
		0.987118 0.058839 0.148779
		0.997182 0.031795 0.067945
		1.000000 0.000000 0.000000
		0.997182 -0.031795 -0.067945
		0.987118 -0.058839 -0.148779
		0.962022 -0.074632 -0.262570
		0.890979 -0.066419 -0.449161
		0.665607 -0.002502 -0.746298
		0.793030 0.041148 -0.607791
		0.973047 -0.024983 -0.229249
		0.980855 -0.107210 0.162570
		0.939705 -0.125604 0.318084
		0.917828 -0.106631 0.382388
		0.906806 -0.063091 0.416800
		0.899292 0.000000 0.437349
		0.887064 0.076451 0.455272
		0.861054 0.158614 0.483144
		0.811367 0.238829 0.533521
		0.718475 0.306784 0.624241
		0.527433 0.333827 0.781265
		0.321964 0.185812 0.928339
		0.781863 0.000012 0.623450
		0.971634 0.077067 0.223581
		0.987568 0.154079 -0.031135
		0.983485 0.153802 -0.095402
		0.993530 0.093142 -0.064985
		1.000000 0.000000 0.000000
		0.993530 -0.093142 0.064985
		0.983485 -0.153802 0.095402
		0.987568 -0.154079 0.031135
		0.971634 -0.077067 -0.223581
		0.781863 -0.000012 -0.623450
		0.321964 -0.185812 -0.928339
		0.527433 -0.333827 -0.781265
		0.718475 -0.306784 -0.624241
		0.811367 -0.238829 -0.533521
		0.861054 -0.158614 -0.483144
		0.887064 -0.076451 -0.455272
		0.909447 0.059626 -0.411523
		0.909897 0.123863 -0.395910
		0.913928 0.169480 -0.368797
		0.929667 0.191524 -0.314703
		0.968344 0.178023 -0.174981
		0.971843 0.094132 0.216008
		0.804904 0.015332 0.593207
		0.643414 0.044697 0.764213
		0.869551 0.124199 0.477971
		0.945915 0.137404 0.293879
		0.975730 0.123259 0.180991
		0.990205 0.096866 0.100549
		0.997326 0.065358 0.032709
		0.998810 0.033661 -0.035297
		0.993181 0.006435 -0.116402
		0.972909 -0.010470 -0.230952
		0.907571 -0.006466 -0.419849
		0.684941 0.042392 -0.727364
		0.777045 0.095941 -0.622090
		0.969667 0.043366 -0.240551
		0.988328 -0.035477 0.148155
		0.945873 -0.059070 0.319117
		0.918118 -0.043895 0.393870
		0.900013 -0.003139 0.435851
		0.885114 0.058030 0.461743
		0.865772 0.133406 0.482330
		0.832754 0.214693 0.510321
		0.775725 0.293028 0.558915
		0.675578 0.356066 0.645610
		0.482585 0.369904 0.793904
		0.325628 0.202840 0.923484
		0.785725 0.051560 0.616423
		0.972432 0.151967 0.176868
		0.972724 0.227956 -0.042947
		0.971470 0.223348 -0.079766
		0.986662 0.159166 -0.034116
		0.997320 0.065433 0.032720
		0.995193 -0.026667 0.094235
		0.990829 -0.083199 0.106473
		0.996779 -0.078976 0.013926
		0.962573 -0.003517 -0.270998
		0.778969 0.051059 -0.624981
		0.322611 -0.168577 -0.931399
		0.570251 -0.292986 -0.767446
		0.757301 -0.253298 -0.601943
		0.842461 -0.181227 -0.507361
		0.884779 -0.099749 -0.455210
		0.903974 -0.017234 -0.427240
		0.915249 0.120513 -0.384441
		0.909018 0.185250 -0.373321
		0.906270 0.232223 -0.353195
		0.915764 0.256634 -0.309057
		0.950992 0.247554 -0.185285
		0.965808 0.163764 0.200990
		0.812324 0.073109 0.578605
		0.618783 0.084022 0.781056
		0.843552 0.179373 0.506207
		0.924737 0.198268 0.324885
		0.959125 0.186298 0.213009
		0.977946 0.161015 0.133029
		0.989325 0.130220 0.065409
		0.995080 0.099046 -0.002585
		0.993863 0.072079 -0.083912
		0.978455 0.054624 -0.199101
		0.919140 0.055224 -0.390042
		0.701101 0.089793 -0.707386
		0.757366 0.148738 -0.635826
		0.961961 0.110651 -0.249776
		0.990571 0.036777 0.131971
		0.948139 0.007947 0.317756
		0.914947 0.018622 0.403143
		0.889793 0.055749 0.452947
		0.867281 0.114196 0.484543
		0.840503 0.187735 0.508242
		0.800274 0.267509 0.536657
		0.735979 0.343359 0.583472
		0.629167 0.400802 0.665963
		0.436518 0.401163 0.805308
		0.333945 0.220532 0.916431
		0.790678 0.104258 0.603290
		0.964839 0.227124 0.132290
		0.952565 0.300306 -0.049356
		0.954704 0.291433 -0.060059
		0.974506 0.224352 -0.002273
		0.989314 0.130319 0.065381
		0.991832 0.039972 0.121129
		0.993572 -0.011942 0.112568
		0.999958 -0.003155 -0.008591
		0.945758 0.067662 -0.317747
		0.771850 0.101644 -0.627627
		0.327034 -0.150427 -0.932963
		0.610361 -0.247617 -0.752426
		0.791559 -0.196034 -0.578796
		0.868641 -0.120609 -0.480537
		0.903612 -0.038499 -0.426619
		0.916190 0.043809 -0.398343
		0.916445 0.182279 -0.356233
		0.903928 0.246985 -0.349159
		0.894697 0.294660 -0.335698
		0.897984 0.320759 -0.301227
		0.929004 0.315514 -0.193398
		0.954721 0.233506 0.184346
		0.815022 0.131745 0.564254
		0.592066 0.120370 0.796850
		0.813260 0.231506 0.533866
		0.898691 0.256803 0.355537
		0.937445 0.247530 0.244797
		0.960509 0.223775 0.165369
		0.976071 0.194111 0.098015
		0.986019 0.163893 0.030103
		0.989155 0.137616 -0.051324
		0.978601 0.120162 -0.167034
		0.925507 0.118160 -0.359826
		0.713714 0.139466 -0.686412
		0.734320 0.199306 -0.648885
		0.950165 0.176658 -0.256863
		0.987446 0.109121 0.114204
		0.946456 0.075284 0.313931
		0.908453 0.080826 0.410098
		0.876439 0.113504 0.467944
		0.846193 0.168307 0.505599
		0.811694 0.239208 0.532853
		0.764074 0.316752 0.562013
		0.692621 0.389459 0.607123
		0.579829 0.440726 0.685244
		0.390023 0.427667 0.815465
		0.347162 0.239754 0.906640
		0.796467 0.158741 0.583474
		0.949142 0.301377 0.091108
		0.927382 0.370695 -0.050482
		0.933099 0.357730 -0.036808
		0.957118 0.288137 0.030050
		0.976070 0.194220 0.097811
		0.983724 0.106264 0.144896
		0.991752 0.059785 0.113376
		0.996696 0.072701 -0.036206
		0.922067 0.135532 -0.362524
		0.758563 0.150969 -0.633870
		0.334590 -0.130704 -0.933256
		0.647087 -0.197965 -0.736266
		0.820878 -0.135437 -0.554812
		0.889616 -0.057496 -0.453076
		0.917280 0.024682 -0.397478
		0.923433 0.106265 -0.368752
		0.912798 0.244582 -0.327077
		0.894431 0.308706 -0.323563
		0.879066 0.356567 -0.316392
		0.876310 0.383702 -0.291296
		0.902584 0.381643 -0.199226
		0.938378 0.302914 0.166399
		0.812797 0.190755 0.550431
		0.563687 0.153703 0.811561
		0.779026 0.280297 0.560850
		0.868034 0.312558 0.385779
		0.910885 0.306478 0.276334
		0.938044 0.284702 0.197529
		0.957675 0.256562 0.130520
		0.971710 0.227680 0.062774
		0.979098 0.202527 -0.018681
		0.973332 0.185634 -0.134774
		0.926576 0.181860 -0.329216
		0.722478 0.191046 -0.664474
		0.708430 0.247482 -0.660969
		0.934528 0.241198 -0.261688
		0.978849 0.181094 0.095186
		0.940747 0.142740 0.307605
		0.898746 0.142615 0.414628
		0.860220 0.170072 0.480726
		0.822254 0.220321 0.524745
		0.779833 0.287640 0.555989
		0.724670 0.362176 0.586244
		0.646203 0.431082 0.629754
		0.528282 0.475561 0.703392
		0.343982 0.449594 0.824343
		0.365006 0.261456 0.893538
		0.802566 0.215587 0.556246
		0.925871 0.373906 0.054385
		0.897451 0.438654 -0.046537
		0.906634 0.421784 -0.010627
		0.934573 0.350232 0.062536
		0.957740 0.256741 0.129685
		0.971221 0.171994 0.164766
		0.985329 0.131643 0.108614
		0.986625 0.147911 -0.068508
		0.892654 0.199440 -0.404217
		0.739534 0.198324 -0.643240
		0.344584 -0.108912 -0.932416
		0.679860 -0.144406 -0.718984
		0.844878 -0.072076 -0.530081
		0.905134 0.007614 -0.425058
		0.925606 0.089237 -0.367820
		0.925519 0.169665 -0.338567
		0.904176 0.306917 -0.297098
		0.880357 0.370070 -0.296680
		0.859266 0.417609 -0.295407
		0.850720 0.445239 -0.279352
		0.871927 0.445663 -0.202800
		0.916653 0.371513 0.147393
		0.805516 0.249615 0.537435
		0.534021 0.184008 0.825205
		0.741179 0.325377 0.587183
		0.833045 0.365104 0.415614
		0.879684 0.362725 0.307550
		0.910752 0.343328 0.229469
		0.934305 0.317089 0.162876
		0.952283 0.289935 0.095368
		0.963769 0.266372 0.013983
		0.962669 0.250573 -0.102380
		0.922285 0.245864 -0.298229
		0.727125 0.244226 -0.641594
		0.680092 0.293203 -0.671942
		0.915236 0.304141 -0.264275
		0.964747 0.252202 0.075214
		0.930896 0.210129 0.298795
		0.885901 0.203956 0.416631
		0.841386 0.225442 0.491168
		0.795885 0.270159 0.541831
		0.745457 0.332900 0.577469
		0.682647 0.403571 0.609200
		0.597397 0.467979 0.651239
		0.475270 0.505255 0.720302
		0.299226 0.467274 0.831937
		0.386969 0.286485 0.876460
		0.808060 0.275144 0.520897
		0.895731 0.444005 0.022922
		0.862917 0.503935 -0.037728
		0.875368 0.483131 0.017774
		0.907048 0.410173 0.094989
		0.934597 0.317458 0.160467
		0.954665 0.237032 0.180085
		0.974189 0.203309 0.098087
		0.969470 0.221648 -0.104881
		0.858752 0.259068 -0.442074
		0.715185 0.243045 -0.655317
		0.356271 -0.084635 -0.930542
		0.708131 -0.087350 -0.700657
		0.863325 -0.006433 -0.504607
		0.915034 0.074182 -0.396497
		0.928446 0.154665 -0.337737
		0.922324 0.233516 -0.307876
		0.890481 0.368847 -0.266448
		0.861616 0.430636 -0.268644
		0.835207 0.477479 -0.272843
		0.821199 0.505126 -0.265481
		0.837217 0.507362 -0.204086
		0.889478 0.438795 0.127619
		0.793218 0.307843 0.525393
		0.503448 0.211342 0.837779
		0.700155 0.366439 0.612785
		0.794048 0.414117 0.444967
		0.844116 0.415853 0.338430
		0.878873 0.399215 0.261170
		0.906159 0.375270 0.195062
		0.927909 0.350207 0.127828
		0.943304 0.328644 0.046595
		0.946693 0.314468 -0.069871
		0.912625 0.309642 -0.266902
		0.727403 0.298656 -0.617810
		0.649716 0.336456 -0.681664
		0.892487 0.365356 -0.264542
		0.945189 0.321922 0.054630
		0.916789 0.277193 0.287511
		0.869952 0.264808 0.416004
		0.820170 0.279630 0.499127
		0.767486 0.317901 0.556690
		0.709105 0.374986 0.597122
		0.638647 0.440833 0.630711
		0.546873 0.500057 0.671471
		0.421528 0.529843 0.735921
		0.256648 0.481222 0.838187
		0.411933 0.315524 0.854843
		0.811680 0.337454 0.476761
		0.859545 0.511053 -0.002730
		0.823937 0.566157 -0.024379
		0.839419 0.541380 0.047789
		0.874799 0.467451 0.127340
		0.907077 0.375944 0.189415
		0.934410 0.301159 0.190213
		0.958108 0.274508 0.081694
		0.945140 0.292957 -0.144525
		0.821614 0.314347 -0.475537
		0.685939 0.284531 -0.669724
		0.368954 -0.057647 -0.927658
		0.731514 -0.027260 -0.681281
		0.875979 0.060942 -0.478484
		0.919182 0.141651 -0.367478
		0.925742 0.220468 -0.307239
		0.913790 0.297293 -0.276777
		0.871696 0.429894 -0.235238
		0.838151 0.489988 -0.239613
		0.806831 0.535830 -0.248816
		0.787750 0.563083 -0.249776
		0.798612 0.566527 -0.203139
		0.856856 0.504225 0.107492
		0.775886 0.364872 0.514654
		0.472297 0.235835 0.849304
		0.656378 0.403272 0.637604
		0.751412 0.459218 0.473813
		0.804502 0.465468 0.368940
		0.842688 0.451973 0.292570
		0.873486 0.430679 0.227019
		0.898789 0.408081 0.160152
		0.917882 0.388883 0.079134
		0.925537 0.376814 -0.037302
		0.897626 0.372696 -0.235300
		0.723118 0.353902 -0.593173
		0.617590 0.377275 -0.690105
		0.866442 0.424730 -0.262456
		0.920295 0.389761 0.033809
		0.898302 0.343629 0.273812
		0.850892 0.325115 0.412653
		0.796749 0.332717 0.504471
		0.737418 0.363670 0.569174
		0.671318 0.414035 0.614742
		0.593290 0.474055 0.650599
		0.495318 0.527401 0.690296
		0.367901 0.549501 0.750132
		0.217122 0.492054 0.843055
		0.438452 0.348974 0.828237
		0.811753 0.402069 0.423553
		0.818040 0.574731 -0.022233
		0.780765 0.624787 -0.006897
		0.799038 0.596093 0.078807
		0.838090 0.521692 0.159510
		0.875660 0.432102 0.215658
		0.910700 0.364350 0.194611
		0.936854 0.344641 0.059393
		0.913760 0.360933 -0.186468
		0.782320 0.365473 -0.504386
		0.652311 0.322253 -0.686034
		0.381875 -0.027755 -0.923797
		0.749611 0.035335 -0.660935
		0.882711 0.129476 -0.451727
		0.917521 0.209539 -0.338006
		0.917458 0.286128 -0.276409
		0.899921 0.360499 -0.245320
		0.847888 0.489527 -0.203593
		0.809967 0.547700 -0.209709
		0.774152 0.592248 -0.223451
		0.750379 0.618832 -0.232333
		0.756274 0.622936 -0.200000
		0.818906 0.567246 0.087320
		0.753658 0.420203 0.505400
		0.440943 0.257624 0.859767
		0.610266 0.435667 0.661641
		0.705526 0.500121 0.502107
		0.761193 0.511235 0.399030
		0.802509 0.501231 0.323646
		0.836590 0.482897 0.258705
		0.865187 0.463127 0.192263
		0.887711 0.446674 0.111587
		0.899351 0.437203 -0.004691
		0.877354 0.434571 -0.203466
		0.714145 0.409535 -0.567696
		0.584038 0.415764 -0.697165
		0.837240 0.482158 -0.257977
		0.890267 0.455249 0.013173
		0.875304 0.409115 0.257814
		0.828682 0.384783 0.406483
		0.771239 0.384823 0.507052
		0.706027 0.407624 0.579110
		0.632596 0.450243 0.630162
		0.547248 0.503377 0.668679
		0.443541 0.550093 0.707580
		0.315248 0.564532 0.762838
		0.181464 0.500665 0.846407
		0.464539 0.386879 0.796573
		0.806353 0.467952 0.361685
		0.771895 0.634760 -0.035460
		0.733537 0.679499 0.014269
		0.754445 0.647025 0.110328
		0.797259 0.572531 0.191274
		0.840954 0.485835 0.238246
		0.883645 0.426594 0.192845
		0.910114 0.413170 0.031355
		0.875776 0.424658 -0.229527
		0.741744 0.412806 -0.528591
		0.614908 0.355773 -0.703785
		0.394316 0.005103 -0.918961
		0.762149 0.099903 -0.639647
		0.883416 0.198640 -0.424403
		0.910040 0.277255 -0.308151
		0.903645 0.351103 -0.245260
		0.880753 0.422676 -0.213586
		0.819136 0.547329 -0.171603
		0.777145 0.603304 -0.179082
		0.737210 0.646346 -0.196870
		0.709129 0.672063 -0.213231
		0.710350 0.676381 -0.194709
		0.775803 0.627352 0.067516
		0.726759 0.473385 0.497723
		0.409674 0.276891 0.869194
		0.562343 0.463510 0.684784
		0.656818 0.536546 0.529819
		0.714591 0.552812 0.428671
		0.758706 0.546621 0.354359
		0.795776 0.531595 0.290081
		0.827409 0.514944 0.224115
		0.853062 0.501589 0.143853
		0.868344 0.495178 0.027893
		0.851960 0.494764 -0.171385
		0.700394 0.465097 -0.541418
		0.549259 0.452050 -0.702827
		0.805005 0.537526 -0.251064
		0.855379 0.517957 -0.006946
		0.847693 0.473229 0.239729
		0.803206 0.443728 0.397450
		0.743702 0.436053 0.506719
		0.673555 0.450055 0.586323
		0.593455 0.483875 0.643177
		0.501191 0.529087 0.684745
		0.392274 0.568489 0.723147
		0.264378 0.575420 0.773948
		0.150435 0.508061 0.848082
		0.487962 0.428881 0.760233
		0.793646 0.533508 0.292397
		0.721718 0.690887 -0.042412
		0.682509 0.729861 0.038529
		0.706022 0.693806 0.142006
		0.752816 0.619563 0.222282
		0.803573 0.537223 0.256244
		0.853295 0.487696 0.184498
		0.877617 0.479358 -0.002101
		0.831886 0.483386 -0.272586
		0.700550 0.456807 -0.548230
		0.574355 0.384733 -0.722563
		0.405691 0.040838 -0.913098
		0.768926 0.165818 -0.617460
		0.878091 0.267792 -0.396539
		0.896767 0.344307 -0.277960
		0.884384 0.414896 -0.213836
		0.856435 0.483257 -0.181612
		0.785611 0.602826 -0.139344
		0.739815 0.656361 -0.147863
		0.696092 0.697735 -0.169182
		0.664113 0.722404 -0.192579
		0.660996 0.726626 -0.187349
		0.727811 0.684065 0.048433
		0.695406 0.523935 0.491837
		0.378724 0.293944 0.877591
		0.513072 0.486660 0.707050
		0.605735 0.568269 0.556916
		0.665091 0.589961 0.457821
		0.711649 0.587890 0.384631
		0.751415 0.576433 0.321094
		0.785772 0.563197 0.255676
		0.814227 0.553256 0.175905
		0.832803 0.550261 0.060425
		0.821615 0.552808 -0.139113
		0.681788 0.520130 -0.514422
		0.513461 0.486274 -0.707033
		0.769846 0.590717 -0.241644
		0.815975 0.577496 -0.026134
		0.815415 0.535545 0.219750
		0.774343 0.501780 0.385499
		0.714121 0.486521 0.503317
		0.640199 0.491245 0.590613
		0.554271 0.515380 0.653580
		0.455665 0.551665 0.698595
		0.342265 0.583048 0.736824
		0.216130 0.582851 0.783309
		0.124715 0.515474 0.847781
		0.506468 0.474191 0.720161
		0.772230 0.596719 0.218147
		0.667992 0.742912 -0.043221
		0.628030 0.775446 0.065284
		0.654143 0.736170 0.173639
		0.705415 0.662542 0.251849
		0.763989 0.586591 0.268758
		0.819522 0.547477 0.169274
		0.839213 0.542300 -0.040409
		0.783037 0.536625 -0.314463
		0.659179 0.497993 -0.563458
		0.531407 0.408969 -0.741856
		0.415304 0.079354 -0.906215
		0.769794 0.232556 -0.594420
		0.866761 0.336433 -0.368155
		0.877816 0.410127 -0.247457
		0.859809 0.477000 -0.182209
		0.827093 0.541835 -0.149438
		0.747536 0.655561 -0.106906
		0.698162 0.706451 -0.116174
		0.650946 0.746000 -0.140545
		0.615447 0.769521 -0.170479
		0.608377 0.773431 -0.177996
		0.675282 0.736932 0.030431
		0.659891 0.571419 0.487878
		0.348322 0.309015 0.884975
		0.462916 0.505142 0.728381
		0.552764 0.595152 0.583306
		0.613122 0.622479 0.486417
		0.661762 0.624734 0.414462
		0.703889 0.617123 0.351709
		0.740645 0.607576 0.286872
		0.771529 0.601329 0.207719
		0.792986 0.602122 0.092859
		0.786512 0.608281 -0.106736
		0.658351 0.574155 -0.486745
		0.476753 0.518565 -0.709787
		0.731299 0.641560 -0.231524
		0.772424 0.633569 -0.044166
		0.778477 0.595554 0.198217
		0.741945 0.558687 0.370657
		0.682436 0.536269 0.496686
		0.606063 0.531497 0.591776
		0.515365 0.545240 0.661144
		0.411265 0.571650 0.709984
		0.294219 0.594439 0.748383
		0.171223 0.587683 0.790766
		0.104876 0.524256 0.845078
		0.517981 0.521713 0.677872
		0.741558 0.655641 0.142221
		0.611055 0.790671 -0.038096
		0.570498 0.815918 0.093856
		0.599184 0.773900 0.205078
		0.655700 0.701542 0.279099
		0.722664 0.634153 0.274967
		0.782038 0.605648 0.146991
		0.794910 0.601062 -0.082725
		0.730303 0.584149 -0.354157
		0.617838 0.536843 -0.574521
		0.486793 0.428400 -0.761253
		0.422536 0.120472 -0.898304
		0.764666 0.299539 -0.570581
		0.849462 0.404041 -0.339359
		0.853327 0.474190 -0.216740
		0.830093 0.536967 -0.150375
		0.792951 0.597928 -0.117094
		0.705151 0.705151 -0.074321
		0.652435 0.753161 -0.084120
		0.601976 0.790752 -0.111070
		0.563256 0.813096 -0.147031
		0.552657 0.816562 -0.166723
		0.618586 0.785596 0.013750
		0.620567 0.615453 0.485916
		0.318636 0.322428 0.891354
		0.412343 0.518974 0.748759
		0.498389 0.617042 0.608988
		0.559172 0.650136 0.514441
		0.609487 0.656953 0.443777
		0.653613 0.653437 0.381851
		0.692424 0.647798 0.317659
		0.725372 0.645459 0.239201
		0.749214 0.650397 0.125150
		0.746950 0.660728 -0.074188
		0.630146 0.626739 -0.458382
		0.439165 0.549071 -0.711094
		0.688629 0.689734 -0.223732
		0.725149 0.685916 -0.060644
		0.736966 0.652762 0.175448
		0.705855 0.614147 0.352977
		0.648509 0.585293 0.486691
		0.571138 0.571138 0.589578
		0.476983 0.573976 0.665612
		0.368453 0.589698 0.718679
		0.248698 0.603491 0.757593
		0.130309 0.591055 0.796036
		0.091282 0.535870 0.839352
		0.520998 0.570238 0.635130
		0.702121 0.708761 0.068441
		0.551311 0.833850 -0.027384
		0.510251 0.851089 0.123660
		0.541772 0.806670 0.236152
		0.604445 0.736795 0.302950
		0.679811 0.680226 0.274134
		0.740561 0.661620 0.117597
		0.744970 0.654706 -0.127985
		0.674813 0.625992 -0.390847
		0.576596 0.573825 -0.581603
		0.441340 0.443162 -0.780273
		0.426946 0.163854 -0.889308
		0.753539 0.366191 -0.545970
		0.826377 0.469993 -0.310172
		0.823454 0.536077 -0.185860
		0.795448 0.594337 -0.118428
		0.754260 0.651098 -0.084636
		0.658768 0.751192 -0.041659
		0.602900 0.796132 -0.051814
		0.549431 0.831614 -0.080888
		0.507773 0.852758 -0.122351
		0.494022 0.855771 -0.153616
		0.558160 0.829732 -0.001295
		0.577795 0.655668 0.486058
		0.289792 0.334501 0.896733
		0.361853 0.528204 0.768156
		0.443070 0.633925 0.633899
		0.503721 0.672835 0.541809
		0.555258 0.684397 0.472536
		0.601030 0.685156 0.411491
		0.641526 0.683618 0.348010
		0.676126 0.685408 0.270312
		0.701871 0.694737 0.157220
		0.703201 0.709774 -0.041600
		0.597220 0.677393 -0.429496
		0.400689 0.577844 -0.711016
		0.642088 0.734906 -0.218255
		0.674563 0.734363 -0.075343
		0.691037 0.706677 0.151905
		0.665933 0.667757 0.332616
		0.612105 0.633561 0.473210
		0.535335 0.610438 0.583766
		0.439226 0.602170 0.666687
		0.327528 0.606649 0.724363
		0.206291 0.611102 0.764198
		0.093967 0.594160 0.798839
		0.084042 0.551944 0.829635
		0.514529 0.618506 0.593894
		0.655331 0.755341 0.000397
		0.489183 0.872105 -0.011572
		0.447760 0.880769 0.154133
		0.482481 0.834358 0.266567
		0.552426 0.768772 0.322202
		0.635443 0.725032 0.265596
		0.694797 0.714596 0.081297
		0.689931 0.702429 -0.174895
		0.617606 0.662450 -0.423937
		0.535400 0.609331 -0.584862
		0.395809 0.453516 -0.798536
		0.428026 0.209183 -0.879225
		0.736464 0.431916 -0.520642
		0.797667 0.533813 -0.280662
		0.788456 0.595275 -0.154867
		0.756135 0.648685 -0.086421
		0.711278 0.700979 -0.052080
		0.608740 0.793319 -0.008940
		0.549937 0.834983 -0.019332
		0.493661 0.868208 -0.050137
		0.449235 0.888181 -0.096548
		0.432671 0.890810 -0.138755
		0.494434 0.869094 -0.014498
		0.531985 0.691713 0.488390
		0.261821 0.345598 0.901117
		0.311905 0.533041 0.786500
		0.387319 0.645762 0.658009
		0.447253 0.690474 0.568516
		0.499583 0.706922 0.500678
		0.546608 0.712119 0.440575
		0.588391 0.714866 0.377840
		0.624179 0.720977 0.300986
		0.651339 0.734855 0.189063
		0.655580 0.755073 -0.008948
		0.559823 0.725669 -0.400003
		0.361326 0.604994 -0.709525
		0.591953 0.776766 -0.215003
		0.621059 0.778794 -0.088126
		0.640957 0.756837 0.127954
		0.622083 0.719060 0.309783
		0.572979 0.680880 0.456176
		0.498453 0.649592 0.574086
		0.402046 0.630406 0.664039
		0.288682 0.623374 0.726683
		0.167330 0.618433 0.767816
		0.062623 0.598370 0.798769
		0.082893 0.573871 0.814739
		0.497919 0.665315 0.556266
		0.602933 0.795603 -0.059062
		0.424917 0.905190 0.008734
		0.383534 0.904836 0.184861
		0.422090 0.856949 0.295768
		0.500319 0.798134 0.335654
		0.589371 0.768604 0.248778
		0.644458 0.763663 0.038632
		0.630633 0.743623 -0.222094
		0.559564 0.693988 -0.453065
		0.494098 0.643690 -0.584405
		0.350877 0.459886 -0.815714
		0.425403 0.256035 -0.868031
		0.713569 0.496132 -0.494644
		0.763539 0.595032 -0.250889
		0.748607 0.651344 -0.123849
		0.712479 0.699580 -0.054420
		0.664348 0.747169 -0.019500
		0.555413 0.831235 0.023770
		0.493885 0.869427 0.013223
		0.434958 0.900252 -0.018904
		0.387970 0.919032 -0.069711
		0.368865 0.921409 -0.122248
		0.427869 0.903476 -0.025680
		0.483568 0.723261 0.493007
		0.234694 0.356084 0.904502
		0.262944 0.533610 0.803816
		0.331651 0.652589 0.681274
		0.390240 0.703061 0.594490
		0.442930 0.724465 0.528169
		0.490791 0.734253 0.469037
		0.533441 0.741437 0.407077
		0.570011 0.751940 0.331171
		0.598041 0.770512 0.220588
		0.604457 0.796286 0.023678
		0.518111 0.771130 -0.370027
		0.320997 0.630551 -0.706659
		0.538493 0.815011 -0.213967
		0.565046 0.819125 -0.098777
		0.587070 0.802811 0.104131
		0.574311 0.767509 0.284774
		0.530911 0.726911 0.435585
		0.460183 0.688713 0.560273
		0.365251 0.659226 0.657277
		0.251930 0.640787 0.725205
		0.132000 0.626734 0.767972
		0.036397 0.605339 0.795135
		0.087128 0.602742 0.793165
		0.470864 0.709542 0.524249
		0.546768 0.830302 -0.107909
		0.358949 0.932780 0.032813
		0.318038 0.923246 0.215567
		0.361429 0.874699 0.322909
		0.448517 0.825710 0.342103
		0.541293 0.810664 0.223217
		0.589540 0.807683 -0.009546
		0.568092 0.778026 -0.268229
		0.501386 0.721178 -0.478031
		0.452376 0.677055 -0.580475
		0.307165 0.462852 -0.831515
		0.418747 0.303953 -0.855724
		0.685002 0.558375 -0.467963
		0.724305 0.653136 -0.220895
		0.704217 0.703879 -0.092914
		0.664804 0.746679 -0.022511
		0.613842 0.789321 0.013083
		0.499201 0.864644 0.056480
		0.435159 0.899187 0.045818
		0.373711 0.927459 0.012645
		0.324312 0.945017 -0.042002
		0.302879 0.947319 -0.104169
		0.358889 0.932735 -0.034707
		0.433013 0.750000 0.500001
		0.208386 0.366274 0.906873
		0.215343 0.530201 0.820070
		0.276535 0.654562 0.703617
		0.333192 0.710605 0.619697
		0.385773 0.737032 0.554944
		0.434064 0.751510 0.496810
		0.477164 0.763202 0.435703
		0.514048 0.778171 0.360839
		0.542394 0.801522 0.251737
		0.550264 0.833092 0.056274
		0.472362 0.813364 -0.339577
		0.279651 0.654513 -0.702430
		0.482019 0.849365 -0.215029
		0.506879 0.855323 -0.107216
		0.529784 0.844270 0.080850
		0.522686 0.812536 0.258040
		0.485627 0.771246 0.411517
		0.420160 0.727739 0.542089
		0.328567 0.689032 0.645971
		0.217095 0.659798 0.719400
		0.100309 0.637264 0.764090
		0.015303 0.616632 0.787103
		0.095238 0.639031 0.763262
		0.433009 0.750001 0.500001
		0.488383 0.860471 -0.145163
		0.291783 0.954612 0.059822
		0.251840 0.935985 0.245985
		0.301405 0.888190 0.346804
		0.397160 0.852269 0.340443
		0.490760 0.850620 0.188679
		0.530329 0.845529 -0.061894
		0.503435 0.805715 -0.312052
		0.443560 0.744617 -0.498798
		0.407870 0.707149 -0.577566
		0.265123 0.462956 -0.845802
		0.407752 0.352508 -0.842304
		0.650973 0.618072 -0.440706
		0.680256 0.707708 -0.190793
		0.655639 0.752515 -0.062118
		0.613470 0.789664 0.009205
		0.560125 0.827153 0.045582
		0.440547 0.893297 0.089104
		0.374193 0.924033 0.078377
		0.310405 0.949565 0.044451
		0.258616 0.965886 -0.013512
		0.235013 0.968302 -0.084621
		0.287949 0.956745 -0.041523
		0.381050 0.773287 0.506783
		0.182719 0.376525 0.908208
		0.169444 0.523130 0.835239
		0.222451 0.651789 0.725043
		0.276600 0.713202 0.644077
		0.328590 0.744656 0.580961
		0.376891 0.763887 0.523860
		0.420031 0.780151 0.463615
		0.456750 0.799607 0.389883
		0.484860 0.827709 0.282503
		0.493400 0.865257 0.088805
		0.422832 0.852004 -0.308709
		0.237175 0.676842 -0.696874
		0.422823 0.879552 -0.218193
		0.446908 0.887375 -0.113311
		0.469572 0.880949 0.058577
		0.467383 0.853605 0.230027
		0.436965 0.813307 0.384178
		0.377958 0.766407 0.519392
		0.291480 0.720121 0.629655
		0.183858 0.681190 0.708644
		0.071963 0.651338 0.755368
		-0.001009 0.633748 0.773539
		0.105173 0.682188 0.723573
		0.392452 0.789010 0.472700
		0.428738 0.887184 -0.170553
		0.223711 0.970594 0.088882
		0.185646 0.943100 0.275857
		0.242882 0.898332 0.366070
		0.346192 0.878359 0.329600
		0.437368 0.887476 0.145246
		0.467363 0.876317 -0.116795
		0.437747 0.827081 -0.352583
		0.386362 0.764889 -0.515431
		0.360143 0.732743 -0.577395
		0.225048 0.460878 -0.858455
		0.392226 0.401156 -0.827788
		0.611771 0.674735 -0.412880
		0.631759 0.758343 -0.160613
		0.603269 0.796912 -0.031587
		0.558886 0.828248 0.040635
		0.503588 0.860421 0.077938
		0.379840 0.917021 0.121634
		0.311415 0.943785 0.110863
		0.245426 0.966402 0.076379
		0.191360 0.981395 0.015631
		0.165599 0.984133 -0.063712
		0.215483 0.975420 -0.046081
		0.328019 0.794694 0.510750
		0.157483 0.387145 0.908470
		0.125595 0.512688 0.849339
		0.169806 0.644524 0.745489
		0.220908 0.711010 0.667581
		0.271848 0.747446 0.606154
		0.319733 0.771448 0.550126
		0.362471 0.792294 0.490801
		0.398584 0.816194 0.418280
		0.425888 0.848993 0.312778
		0.434275 0.892593 0.121175
		0.369860 0.886674 -0.277511
		0.193521 0.697452 -0.690007
		0.361249 0.905329 -0.223337
		0.385441 0.915285 -0.116998
		0.406909 0.912693 0.037645
		0.408717 0.890184 0.201304
		0.384839 0.852419 0.353950
		0.333143 0.804280 0.492087
		0.253398 0.752524 0.607863
		0.151605 0.705606 0.692197
		0.046480 0.670080 0.740833
		-0.013286 0.657957 0.752938
		0.114011 0.730517 0.673310
		0.357196 0.829745 0.428875
		0.368392 0.911206 -0.184364
		0.155255 0.980659 0.119180
		0.120143 0.944830 0.304732
		0.186349 0.906388 0.379123
		0.295118 0.904257 0.308584
		0.380779 0.919922 0.093549
		0.401572 0.899463 -0.172357
		0.371982 0.842760 -0.389082
		0.329902 0.782510 -0.528056
		0.309797 0.753572 -0.579788
		0.187090 0.457262 -0.869430
		0.372095 0.449335 -0.812184
		0.567648 0.727920 -0.384589
		0.579205 0.804674 -0.130463
		0.547524 0.836789 -0.001391
		0.501470 0.862200 0.071683
		0.444697 0.888895 0.110042
		0.317597 0.935637 0.154001
		0.247373 0.958277 0.143220
		0.179263 0.977817 0.108345
		0.122943 0.991379 0.045305
		0.095029 0.994608 -0.041538
		0.141841 0.988708 -0.048355
		0.273813 0.814211 0.511945
		0.132454 0.398379 0.907607
		0.084048 0.499287 0.862351
		0.119039 0.633010 0.764936
		0.166579 0.704203 0.690180
		0.216017 0.745528 0.630496
		0.263033 0.774302 0.575561
		0.304936 0.799718 0.517170
		0.339987 0.827974 0.445946
		0.365937 0.865317 0.342515
		0.373406 0.914897 0.153401
		0.313835 0.917068 -0.245953
		0.148619 0.716239 -0.681846
		0.297644 0.926462 -0.230384
		0.322759 0.939065 -0.118251
		0.342298 0.939410 0.018479
		0.347094 0.921838 0.172452
		0.329299 0.887882 0.321290
		0.285359 0.840649 0.460304
		0.213691 0.785932 0.580213
		0.119566 0.733368 0.669235
		0.023031 0.694319 0.719299
		-0.022642 0.689881 0.723569
		0.118511 0.781044 0.613127
		0.326490 0.871153 0.366738
		0.307304 0.933007 -0.187248
		0.086900 0.984854 0.150033
		0.056379 0.941674 0.331771
		0.132035 0.913705 0.384332
		0.243458 0.929643 0.276570
		0.321015 0.946436 0.034750
		0.334063 0.914868 -0.226757
		0.306882 0.853511 -0.421120
		0.274165 0.797914 -0.536812
		0.257433 0.769423 -0.584566
		0.151295 0.452675 -0.878746
		0.347339 0.496541 -0.795489
		0.518958 0.777231 -0.355802
		0.522974 0.846412 -0.100420
		0.488808 0.871931 0.028344
		0.441666 0.891337 0.102226
		0.383893 0.912420 0.141831
		0.254294 0.949046 0.186134
		0.182461 0.967435 0.175436
		0.112420 0.983706 0.140300
		0.053834 0.995700 0.075389
		0.023718 0.999553 -0.018202
		0.067446 0.996550 -0.048361
		0.218303 0.831781 0.510376
		0.107296 0.410415 0.905564
		0.045030 0.483310 0.874290
		0.070543 0.617566 0.783349
		0.114013 0.693046 0.711821
		0.161498 0.739134 0.653911
		0.207216 0.772623 0.600096
		0.247847 0.802524 0.542704
		0.281382 0.835010 0.472846
		0.305494 0.876658 0.371679
		0.311219 0.932081 0.185383
		0.255118 0.942888 -0.214191
		0.102410 0.733060 -0.672410
		0.232400 0.942748 -0.239199
		0.259134 0.958730 -0.116991
		0.276221 0.961093 0.001324
		0.282992 0.948235 0.144104
		0.270545 0.918971 0.286877
		0.234361 0.874648 0.424343
		0.171690 0.819697 0.546460
		0.086849 0.764316 0.638966
		0.000569 0.724335 0.689448
		-0.030717 0.729099 0.683719
		0.115489 0.830186 0.545393
		0.299566 0.910573 0.284811
		0.245559 0.952481 -0.180223
		0.018957 0.983284 0.181088
		-0.004877 0.934561 0.355769
		0.079869 0.921506 0.380062
		0.190693 0.953582 0.233062
		0.258516 0.965565 -0.029206
		0.266000 0.922935 -0.278271
		0.242964 0.860154 -0.448445
		0.219032 0.811441 -0.541838
		0.203643 0.780128 -0.591549
		0.117542 0.447659 -0.886445
		0.317929 0.542274 -0.777727
		0.466127 0.822248 -0.326549
		0.463558 0.883250 -0.070586
		0.427591 0.902141 0.057512
		0.379918 0.915534 0.132138
		0.321663 0.930887 0.173156
		0.190385 0.957200 0.217993
		0.117203 0.971199 0.207451
		0.045410 0.984025 0.172140
		-0.015412 0.994271 0.105767
		-0.047939 0.998831 0.006172
		-0.007286 0.998908 -0.046152
		0.161355 0.847294 0.506021
		0.081623 0.423408 0.902255
		0.008677 0.465212 0.885157
		0.024566 0.598575 0.800690
		0.063604 0.677839 0.732454
		0.108682 0.728492 0.676378
		0.152681 0.766609 0.623698
		0.191619 0.800904 0.567306
		0.223219 0.837406 0.498924
		0.244982 0.883075 0.400203
		0.248184 0.944073 0.217096
		0.194186 0.963910 -0.182124
		0.054890 0.747742 -0.661716
		0.165902 0.954010 -0.249682
		0.194818 0.974287 -0.113185
		0.209130 0.977794 -0.013569
		0.216960 0.969168 0.116797
		0.208929 0.945049 0.251457
		0.180065 0.905260 0.384812
		0.126813 0.852765 0.506666
		0.052434 0.797719 0.600745
		-0.022248 0.759582 0.650031
		-0.039508 0.773833 0.632156
		0.102597 0.874623 0.473823
		0.275486 0.943599 0.183655
		0.182964 0.969236 -0.164639
		-0.047908 0.976111 0.211925
		-0.063041 0.924844 0.375086
		0.029365 0.930650 0.364730
		0.136244 0.974532 0.178113
		0.194031 0.976302 -0.095843
		0.198445 0.924464 -0.325553
		0.180497 0.863447 -0.471042
		0.164324 0.823351 -0.543222
		0.149021 0.785580 -0.600547
		0.085573 0.442613 -0.892620
		0.283976 0.585974 -0.758942
		0.409553 0.862598 -0.296969
		0.401435 0.914968 -0.041021
		0.364347 0.927282 0.086022
		0.316726 0.934703 0.161290
		0.258442 0.944258 0.203922
		0.126419 0.960100 0.249453
		0.052142 0.969561 0.239235
		-0.021288 0.978776 0.203825
		-0.084321 0.987064 0.136364
		-0.119431 0.992343 0.031479
		-0.081982 0.995758 -0.041768
		0.102843 0.860547 0.498881
		0.055051 0.437370 0.897595
		-0.024935 0.445444 0.894963
		-0.018547 0.576403 0.816955
		0.015680 0.658898 0.752069
		0.057960 0.713915 0.697830
		0.099780 0.756518 0.646316
		0.136624 0.795033 0.590980
		0.165895 0.835330 0.524121
		0.184864 0.884666 0.428009
		0.184808 0.950837 0.248504
		0.131445 0.979932 -0.149854
		0.006032 0.760096 -0.649783
		0.098603 0.960132 -0.261581
		0.130055 0.985740 -0.106779
		0.141442 0.989605 -0.026019
		0.149559 0.984548 0.091088
		0.144963 0.965606 0.215850
		0.122631 0.931461 0.342552
		0.078635 0.883785 0.461239
		0.015389 0.832172 0.554305
		-0.046837 0.798473 0.600206
		-0.051259 0.820891 0.568779
		0.078410 0.911774 0.403137
		0.253159 0.965043 0.067844
		0.119280 0.982624 -0.142204
		-0.113154 0.963579 0.242303
		-0.117606 0.914201 0.387822
		-0.020188 0.941368 0.336777
		0.080015 0.990407 0.112656
		0.128651 0.978298 -0.162424
		0.132231 0.920515 -0.367650
		0.119559 0.864046 -0.489009
		0.109829 0.833807 -0.541020
		0.094166 0.785736 -0.611353
		0.055116 0.437874 -0.897345
		0.245611 0.627128 -0.739179
		0.349666 0.898002 -0.267067
		0.337015 0.941425 -0.011843
		0.299511 0.947288 0.113744
		0.252492 0.948845 0.189580
		0.194682 0.952544 0.234006
		0.062798 0.957820 0.280423
		-0.012271 0.962570 0.270754
		-0.087158 0.968006 0.235302
		-0.152360 0.974107 0.167039
		-0.190243 0.980047 0.057583
		-0.156284 0.987082 -0.035275
		0.042653 0.871307 0.488881
		0.027196 0.452251 0.891476
		-0.055777 0.424447 0.903733
		-0.058569 0.551496 0.832119
		-0.029483 0.636616 0.770617
		0.009615 0.695719 0.718249
		0.048860 0.742644 0.667902
		0.083198 0.785188 0.613643
		0.109743 0.828980 0.548405
		0.125535 0.881566 0.455062
		0.121559 0.952421 0.279496
		0.067368 0.990798 -0.117394
		-0.044109 0.769916 -0.636619
		0.030934 0.961006 -0.274792
		0.065093 0.993086 -0.097686
		0.073540 0.996647 -0.035878
		0.081341 0.994401 0.067453
		0.079222 0.980301 0.180923
		0.062421 0.952339 0.298587
		0.027067 0.911197 0.411081
		-0.024998 0.865618 0.500081
		-0.074536 0.838325 0.540052
		-0.068120 0.865943 0.495483
		0.042553 0.940241 0.337841
		0.231692 0.971307 -0.053674
		0.054735 0.991887 -0.114738
		-0.176126 0.946138 0.271665
		-0.168843 0.904410 0.391836
		-0.069488 0.952986 0.294938
		0.022321 0.998997 0.038821
		0.063590 0.971991 -0.226250
		0.067907 0.912198 -0.404083
		0.060092 0.862500 -0.502476
		0.055144 0.842323 -0.536144
		0.039663 0.780611 -0.623757
		0.025838 0.433618 -0.900726
		0.203074 0.665266 -0.718458
		0.286946 0.928192 -0.236901
		0.270834 0.962478 0.016882
		0.233537 0.962132 0.140578
		0.187620 0.958001 0.216871
		0.130862 0.955813 0.263242
		-0.000000 0.950481 0.310783
		-0.075528 0.950336 0.301922
		-0.151709 0.951816 0.266515
		-0.219039 0.955474 0.197713
		-0.259930 0.961931 0.084415
		-0.229771 0.972877 -0.026760
		-0.019279 0.879216 0.476032
		-0.002362 0.467836 0.883812
		-0.083906 0.402691 0.911482
		-0.095388 0.524303 0.846172
		-0.071614 0.611404 0.788072
		-0.036082 0.674283 0.737591
		0.000200 0.725308 0.688425
		0.031635 0.771642 0.635270
		0.055141 0.818605 0.571704
		0.067393 0.873951 0.481318
		0.058925 0.948879 0.310091
		0.002433 0.996392 -0.084838
		-0.095463 0.776977 -0.622249
		-0.036633 0.956626 -0.289005
		-0.000182 0.996118 -0.088026
		0.005759 0.999056 -0.043052
		0.012826 0.998847 0.046256
		0.012342 0.988987 0.147485
		-0.000000 0.967154 0.254191
		-0.027675 0.933456 0.357624
		-0.069123 0.895674 0.439306
		-0.106383 0.875702 0.470988
		-0.091684 0.904733 0.415996
		-0.004810 0.959442 0.281865
		0.210343 0.962894 -0.169089
		-0.010403 0.996395 -0.084198
		-0.236051 0.924609 0.298962
		-0.217310 0.896990 0.384949
		-0.119088 0.963818 0.238482
		-0.036087 0.998540 -0.040186
		-0.000090 0.958491 -0.285124
		0.005730 0.900596 -0.434619
		0.001919 0.859214 -0.511613
		-0.000526 0.845832 -0.533448
		-0.013894 0.770333 -0.637491
		-0.002635 0.429978 -0.902835
		0.156676 0.699950 -0.696795
		0.221864 0.952951 -0.206546
		0.203378 0.978063 0.045048
		0.166901 0.971825 0.166435
		0.122605 0.962238 0.243036
		0.067411 0.954189 0.291513
		-0.061515 0.938262 0.340412
		-0.137138 0.933010 0.332695
		-0.214442 0.930346 0.297442
		-0.283828 0.931301 0.228298
		-0.327980 0.938046 0.111799
		-0.302005 0.953167 -0.016320
		-0.082942 0.883850 0.460358
		-0.033975 0.483818 0.874509
		-0.109433 0.380631 0.918229
		-0.128877 0.495284 0.859118
		-0.110554 0.583685 0.804419
		-0.078922 0.649994 0.755830
		-0.046006 0.704873 0.707840
		-0.017812 0.754712 0.655814
		0.002360 0.804459 0.594003
		0.010833 0.862047 0.506713
		-0.002656 0.940355 0.340184
		-0.062876 0.996655 -0.052209
		-0.147907 0.781059 -0.606689
		-0.103637 0.947003 -0.304049
		-0.065989 0.994530 -0.080967
		-0.061588 0.996973 -0.047451
		-0.055515 0.998070 0.027815
		-0.055038 0.991694 0.116250
		-0.063936 0.975474 0.210625
		-0.085095 0.949307 0.302615
		-0.116925 0.919985 0.374107
		-0.142922 0.907065 0.395989
		-0.122818 0.933992 0.335523
		-0.063501 0.969030 0.238640
		0.188477 0.944706 -0.268341
		-0.075786 0.995761 -0.052127
		-0.292437 0.900214 0.322637
		-0.263800 0.892862 0.364977
		-0.169098 0.971214 0.167778
		-0.094129 0.988260 -0.120340
		-0.061637 0.939320 -0.337458
		-0.054287 0.886609 -0.459323
		-0.055197 0.854456 -0.516583
		-0.056694 0.843904 -0.533491
		-0.065948 0.755125 -0.652255
		-0.030664 0.426959 -0.903751
		0.106676 0.730736 -0.674273
		0.154919 0.972117 -0.176036
		0.135076 0.988176 0.072539
		0.099971 0.976448 0.191192
		0.057800 0.961692 0.267969
		0.004707 0.947851 0.318679
		-0.121325 0.921416 0.369152
		-0.196644 0.910814 0.362972
		-0.274875 0.903792 0.328029
		-0.346194 0.901778 0.258741
		-0.393797 0.908527 0.139650
		-0.372601 0.927983 -0.004049
		-0.148269 0.884757 0.441838
		-0.067965 0.499729 0.863511
		-0.132576 0.358701 0.923990
		-0.159034 0.464934 0.870945
		-0.146196 0.553925 0.819630
		-0.118784 0.623277 0.772927
		-0.089567 0.681699 0.726129
		-0.064926 0.734719 0.675257
		-0.048327 0.786845 0.615255
		-0.043859 0.846093 0.531227
		-0.062765 0.927012 0.369742
		-0.128071 0.991573 -0.019521
		-0.201289 0.781934 -0.589967
		-0.169605 0.932257 -0.319579
		-0.131974 0.988300 -0.076460
		-0.128221 0.990534 -0.048999
		-0.123268 0.992296 0.012361
		-0.122320 0.988597 0.087834
		-0.128646 0.977163 0.169123
		-0.144451 0.957920 0.248040
		-0.167892 0.936673 0.307339
		-0.184135 0.929631 0.319188
		-0.161630 0.952143 0.259420
		-0.122161 0.973900 0.191300
		0.165230 0.923606 -0.345905
		-0.140973 0.989821 -0.019518
		-0.345018 0.874609 0.340619
		-0.309303 0.891936 0.329820
		-0.219047 0.972010 0.084935
		-0.150632 0.968645 -0.197578
		-0.120649 0.916067 -0.382446
		-0.112316 0.870940 -0.478381
		-0.111513 0.848398 -0.517479
		-0.112746 0.836591 -0.536101
		-0.115993 0.735287 -0.667756
		-0.058626 0.424487 -0.903534
		0.053499 0.757322 -0.650847
		0.086662 0.985565 -0.145436
		0.066463 0.992836 0.099297
		0.033160 0.976105 0.214752
		-0.006460 0.956539 0.291531
		-0.056907 0.937024 0.344599
		-0.179057 0.900245 0.396860
		-0.253674 0.883999 0.392678
		-0.332586 0.872387 0.358227
		-0.405744 0.867122 0.288914
		-0.456916 0.873528 0.167859
		-0.441123 0.897392 0.009962
		-0.215031 0.881376 0.420639
		-0.104534 0.514993 0.850796
		-0.153585 0.337304 0.928783
		-0.185894 0.433707 0.881670
		-0.178494 0.522578 0.833698
		-0.155530 0.594548 0.788875
		-0.130330 0.656180 0.743265
		-0.109553 0.712018 0.693562
		-0.096721 0.766086 0.635419
		-0.096357 0.826399 0.554779
		-0.120989 0.909053 0.398729
		-0.192652 0.981178 0.013204
		-0.255446 0.779410 -0.572073
		-0.234106 0.912536 -0.335369
		-0.197787 0.977415 -0.074436
		-0.193877 0.979868 -0.047660
		-0.190073 0.981770 0.000074
		-0.188978 0.979974 0.062760
		-0.193416 0.972367 0.130740
		-0.204921 0.958981 0.195864
		-0.221305 0.944668 0.242131
		-0.229579 0.941943 0.245024
		-0.207721 0.959120 0.192198
		-0.170884 0.977468 0.123915
		0.139484 0.905424 -0.400938
		-0.205533 0.978561 0.013209
		-0.394111 0.849603 0.350501
		-0.354374 0.892880 0.277821
		-0.267980 0.963405 -0.006140
		-0.204750 0.941281 -0.268453
		-0.177103 0.890203 -0.419729
		-0.168632 0.854089 -0.492032
		-0.167304 0.841082 -0.514383
		-0.168078 0.823970 -0.541132
		-0.163570 0.711224 -0.683670
		-0.086862 0.422417 -0.902230
		-0.002518 0.779296 -0.626650
		0.017619 0.993228 -0.114838
		-0.002046 0.992127 0.125216
		-0.033146 0.970935 0.237038
		-0.069835 0.946973 0.313634
		-0.117069 0.921982 0.369113
		-0.234473 0.875072 0.423404
		-0.307782 0.852898 0.421705
		-0.387077 0.836440 0.387994
		-0.461964 0.827623 0.318792
		-0.516874 0.833259 0.196265
		-0.507101 0.861507 0.025580
		-0.282905 0.873160 0.396934
		-0.143731 0.529012 0.836354
		-0.172770 0.316818 0.932618
		-0.209567 0.402095 0.891292
		-0.207458 0.490100 0.846619
		-0.189145 0.564237 0.803654
		-0.168274 0.628701 0.759222
		-0.151576 0.686968 0.710703
		-0.142657 0.742500 0.654479
		-0.146418 0.803263 0.577348
		-0.176949 0.886744 0.427053
		-0.256151 0.965545 0.045920
		-0.310141 0.773264 -0.553061
		-0.296732 0.888076 -0.351100
		-0.263080 0.961868 -0.074831
		-0.258297 0.965093 -0.043347
		-0.255613 0.966738 -0.008920
		-0.254564 0.966170 0.041380
		-0.257615 0.961433 0.096336
		-0.265695 0.952664 0.147775
		-0.276324 0.943799 0.181349
		-0.278629 0.943848 0.177530
		-0.260589 0.955646 0.137235
		-0.208720 0.977260 0.037399
		0.109844 0.893373 -0.435683
		-0.268925 0.962067 0.045902
		-0.440592 0.826763 0.349773
		-0.398977 0.892978 0.208343
		-0.314646 0.943947 -0.099811
		-0.256103 0.908337 -0.330658
		-0.231221 0.862855 -0.449465
		-0.223583 0.836346 -0.500535
		-0.222621 0.829879 -0.511607
		-0.222119 0.806174 -0.548404
		-0.208297 0.683400 -0.699697
		-0.115593 0.420535 -0.899882
		-0.060910 0.796378 -0.601725
		-0.051744 0.995096 -0.084306
		-0.070031 0.986167 0.150233
		-0.098633 0.961114 0.257936
		-0.132041 0.933230 0.334137
		-0.175547 0.903020 0.392095
		-0.287273 0.846304 0.448602
		-0.358580 0.817932 0.449897
		-0.437963 0.796287 0.417272
		-0.514428 0.783605 0.348320
		-0.573132 0.788026 0.224799
		-0.570141 0.820435 0.042719
		-0.351447 0.859572 0.370972
		-0.185514 0.541013 0.820298
		-0.190572 0.297562 0.935489
		-0.230219 0.370540 0.899833
		-0.233167 0.456954 0.858386
		-0.219681 0.532768 0.817250
		-0.203366 0.599648 0.773992
		-0.190965 0.659913 0.726668
		-0.186035 0.716431 0.672397
		-0.193859 0.777019 0.598882
		-0.230269 0.860375 0.454676
		-0.318080 0.944801 0.078591
		-0.365094 0.763320 -0.532963
		-0.357101 0.859162 -0.366497
		-0.327497 0.941660 -0.077599
		-0.321227 0.946318 -0.035982
		-0.319618 0.947435 -0.014521
		-0.318713 0.947548 0.023969
		-0.320725 0.944829 0.066585
		-0.326092 0.939471 0.105157
		-0.332213 0.934565 0.127372
		-0.330663 0.936123 0.119729
		-0.319920 0.942457 0.097086
		-0.234214 0.970000 -0.065144
		0.074972 0.888053 -0.453586
		-0.330634 0.940496 0.078407
		-0.485500 0.807103 0.335968
		-0.442208 0.888493 0.122605
		-0.358153 0.914087 -0.190188
		-0.304725 0.872041 -0.382998
		-0.283391 0.834814 -0.471990
		-0.277525 0.817862 -0.504066
		-0.276930 0.813137 -0.511975
		-0.274305 0.783372 -0.557749
		-0.249919 0.652389 -0.715493
		-0.145086 0.418590 -0.896511
		-0.121168 0.808387 -0.576046
		-0.120889 0.991201 -0.053905
		-0.137062 0.975121 0.174219
		-0.162980 0.946840 0.277364
		-0.192871 0.915543 0.352962
		-0.232172 0.880442 0.413422
		-0.337313 0.814351 0.472285
		-0.405866 0.779492 0.477143
		-0.484865 0.752314 0.446015
		-0.562752 0.735431 0.377427
		-0.625266 0.738148 0.253338
		-0.629779 0.774354 0.061264
		-0.419983 0.840122 0.343233
		-0.229638 0.550174 0.802854
		-0.207413 0.279817 0.937381
		-0.248151 0.339452 0.907300
		-0.255806 0.423567 0.868996
		-0.247201 0.500560 0.829658
		-0.235672 0.569402 0.787553
		-0.227720 0.631212 0.741428
		-0.226773 0.688209 0.689161
		-0.238486 0.747990 0.619383
		-0.280647 0.830262 0.481562
		-0.377980 0.919116 0.111157
		-0.420009 0.749460 -0.511763
		-0.414917 0.826097 -0.381323
		-0.390675 0.916810 -0.082656
		-0.382690 0.923458 -0.027822
		-0.381836 0.924080 -0.016648
		-0.381124 0.924462 0.010708
		-0.382347 0.923066 0.041959
		-0.385590 0.920088 0.068977
		-0.388392 0.917852 0.081848
		-0.385232 0.919871 0.073708
		-0.378197 0.923993 0.056597
		-0.246499 0.952840 -0.177016
		0.033925 0.888225 -0.458154
		-0.390239 0.914109 0.110081
		-0.529845 0.790658 0.306797
		-0.482423 0.875593 0.024602
		-0.398202 0.875949 -0.272303
		-0.351043 0.834209 -0.425281
		-0.334092 0.806559 -0.487693
		-0.330778 0.798550 -0.502895
		-0.329635 0.791102 -0.515265
		-0.324109 0.755789 -0.568978
		-0.288243 0.618729 -0.730815
		-0.175538 0.416288 -0.892127
		-0.182884 0.815089 -0.549712
		-0.189316 0.981629 -0.023740
		-0.202814 0.959171 0.197123
		-0.225965 0.928317 0.295240
		-0.252163 0.894155 0.370001
		-0.286756 0.854593 0.432946
		-0.384488 0.779629 0.494315
		-0.449428 0.738077 0.503246
		-0.527483 0.704969 0.474110
		-0.606532 0.683523 0.406097
		-0.672867 0.683983 0.281812
		-0.685525 0.723521 0.081076
		-0.487858 0.814468 0.314063
		-0.275736 0.555869 0.784206
		-0.223818 0.263771 0.938259
		-0.263657 0.309234 0.913706
		-0.275541 0.390350 0.878467
		-0.271884 0.467992 0.840871
		-0.265287 0.538322 0.799895
		-0.261882 0.601186 0.754979
		-0.264856 0.658167 0.704747
		-0.280207 0.716538 0.638794
		-0.327848 0.796755 0.507638
		-0.435440 0.888687 0.143623
		-0.474597 0.731491 -0.489570
		-0.469920 0.789287 -0.395223
		-0.452241 0.887349 -0.089945
		-0.442866 0.896302 -0.022661
		-0.442034 0.896869 -0.015208
		-0.441545 0.897238 0.001753
		-0.442176 0.896639 0.022774
		-0.443832 0.895221 0.039914
		-0.444492 0.894605 0.045916
		-0.442071 0.896046 0.040915
		-0.427162 0.904174 -0.001291
		-0.246700 0.925216 -0.288297
		-0.013525 0.891633 -0.452557
		-0.447483 0.883312 0.139712
		-0.574058 0.776314 0.260374
		-0.518019 0.851693 -0.079221
		-0.435155 0.832476 -0.342964
		-0.395668 0.796117 -0.457869
		-0.383811 0.778291 -0.496944
		-0.382489 0.775158 -0.502825
		-0.380162 0.764027 -0.521287
		-0.371034 0.723746 -0.581830
		-0.323230 0.583079 -0.745347
		-0.207042 0.413313 -0.886739
		-0.245487 0.816411 -0.522695
		-0.256534 0.966516 0.006143
		-0.266930 0.938537 0.218852
		-0.287354 0.905762 0.311484
		-0.309745 0.869323 0.385144
		-0.339224 0.825793 0.450547
		-0.428738 0.742598 0.514521
		-0.489117 0.694186 0.528082
		-0.565546 0.654736 0.501477
		-0.645478 0.628316 0.434253
		-0.715536 0.625979 0.310096
		-0.736947 0.668206 0.102029
		-0.554225 0.782372 0.284128
		-0.323258 0.557352 0.764763
		-0.240344 0.249560 0.938059
		-0.277114 0.280216 0.919068
		-0.292700 0.357679 0.886788
		-0.293959 0.435417 0.850882
		-0.292373 0.506737 0.811009
		-0.293556 0.570157 0.767298
		-0.300314 0.626611 0.719146
		-0.318944 0.682993 0.657111
		-0.371642 0.760225 0.532860
		-0.490001 0.853790 0.175906
		-0.528489 0.709389 -0.466333
		-0.521901 0.749032 -0.408131
		-0.511803 0.853342 -0.099318
		-0.501452 0.864944 -0.020450
		-0.499974 0.865982 -0.010086
		-0.499757 0.866161 -0.002766
		-0.499980 0.865988 0.009272
		-0.500565 0.865503 0.018426
		-0.500297 0.865615 0.020356
		-0.498755 0.866623 0.014400
		-0.465773 0.881722 -0.074975
		-0.238389 0.889927 -0.388846
		-0.067156 0.895709 -0.439541
		-0.502115 0.848817 0.165499
		-0.617492 0.761823 0.195778
		-0.548018 0.816611 -0.181172
		-0.469883 0.786440 -0.400902
		-0.439273 0.758505 -0.481362
		-0.433012 0.750001 -0.499999
		-0.431706 0.746450 -0.506401
		-0.427968 0.732207 -0.529827
		-0.414620 0.687577 -0.596094
		-0.354908 0.545937 -0.758942
		-0.239672 0.409327 -0.880346
		-0.308500 0.812236 -0.495076
		-0.322054 0.946049 0.035672
		-0.329101 0.913459 0.239343
		-0.346956 0.879398 0.326006
		-0.365521 0.841282 0.398294
		-0.389565 0.794349 0.466100
		-0.470163 0.703649 0.532751
		-0.524931 0.648344 0.551451
		-0.598883 0.602137 0.527987
		-0.679307 0.570280 0.461869
		-0.752937 0.564590 0.338118
		-0.783634 0.608723 0.123993
		-0.618267 0.743806 0.253964
		-0.371573 0.554119 0.744906
		-0.257533 0.237210 0.936701
		-0.289004 0.252677 0.923380
		-0.307616 0.325871 0.893969
		-0.313674 0.403160 0.859692
		-0.317147 0.474933 0.820887
		-0.322870 0.538403 0.778381
		-0.333206 0.593849 0.732337
		-0.354702 0.647699 0.674294
		-0.411832 0.721049 0.557209
		-0.541281 0.814711 0.207992
		-0.581279 0.683081 -0.442171
		-0.570734 0.705732 -0.419768
		-0.568973 0.814873 -0.110690
		-0.558141 0.829477 -0.021118
		-0.555722 0.831355 -0.004633
		-0.555553 0.831477 -0.002700
		-0.555570 0.831468 0.001670
		-0.555625 0.831418 0.004902
		-0.555444 0.831542 0.004430
		-0.549192 0.835305 -0.025584
		-0.492460 0.855189 -0.161665
		-0.227057 0.852144 -0.471482
		-0.126144 0.898092 -0.421329
		-0.554388 0.811315 0.185532
		-0.658471 0.743957 0.113770
		-0.572777 0.772489 -0.274204
		-0.503424 0.739937 -0.446159
		-0.482506 0.721634 -0.496420
		-0.480361 0.718912 -0.502413
		-0.477875 0.712839 -0.513319
		-0.472549 0.695958 -0.540684
		-0.454486 0.647737 -0.611457
		-0.383445 0.507924 -0.771351
		-0.273449 0.403975 -0.872943
		-0.371418 0.802534 -0.466893
		-0.385487 0.920441 0.064719
		-0.389097 0.884177 0.258523
		-0.404615 0.849440 0.338731
		-0.419455 0.810237 0.409357
		-0.437775 0.760565 0.479473
		-0.508877 0.663177 0.548854
		-0.556877 0.601106 0.573200
		-0.627354 0.547757 0.553525
		-0.707774 0.509977 0.488855
		-0.784765 0.500343 0.365789
		-0.825172 0.545463 0.146838
		-0.679167 0.698891 0.224240
		-0.419986 0.545821 0.725046
		-0.275997 0.226669 0.934049
		-0.299813 0.226840 0.926637
		-0.320686 0.295204 0.900008
		-0.331370 0.371481 0.867292
		-0.339867 0.443155 0.829520
		-0.350014 0.506171 0.788214
		-0.363659 0.560140 0.744308
		-0.387468 0.610986 0.690336
		-0.448304 0.679625 0.580632
		-0.588945 0.771759 0.239857
		-0.632632 0.652560 -0.417064
		-0.616335 0.659743 -0.429967
		-0.623336 0.772081 -0.123865
		-0.612617 0.789997 -0.024592
		-0.609382 0.792872 -0.002854
		-0.608812 0.793314 0.000138
		-0.608763 0.793352 -0.000239
		-0.608674 0.793416 -0.002813
		-0.607028 0.794473 -0.018128
		-0.592385 0.801779 -0.078934
		-0.506030 0.823501 -0.256476
		-0.218115 0.816904 -0.533941
		-0.189192 0.896928 -0.399658
		-0.604565 0.771592 0.197856
		-0.694472 0.719305 0.017572
		-0.593707 0.722649 -0.353965
		-0.536789 0.694194 -0.479533
		-0.525961 0.685445 -0.503518
		-0.523895 0.682759 -0.509289
		-0.520472 0.674740 -0.523292
		-0.513432 0.655664 -0.553617
		-0.490324 0.604734 -0.627599
		-0.409020 0.469417 -0.782528
		-0.308299 0.396946 -0.864514
		-0.433712 0.787316 -0.438209
		-0.446415 0.889950 0.093290
		-0.446683 0.850955 0.276316
		-0.460208 0.816091 0.349578
		-0.471486 0.776393 0.418227
		-0.483949 0.724678 0.490546
		-0.545071 0.621543 0.562656
		-0.585168 0.552978 0.593122
		-0.650944 0.492193 0.577943
		-0.730704 0.447951 0.515181
		-0.810778 0.433761 0.393053
		-0.861192 0.478848 0.170448
		-0.736133 0.647959 0.195594
		-0.467699 0.532176 0.705724
		-0.296341 0.217695 0.929941
		-0.310101 0.202841 0.928813
		-0.332363 0.265886 0.904897
		-0.347412 0.340590 0.873672
		-0.360806 0.411616 0.836894
		-0.375205 0.473663 0.796784
		-0.391806 0.525725 0.755051
		-0.417333 0.573147 0.705220
		-0.481014 0.636341 0.603072
		-0.632641 0.725320 0.271433
		-0.682137 0.617852 -0.391085
		-0.658645 0.611356 -0.438670
		-0.674495 0.725138 -0.138678
		-0.664553 0.746606 -0.030789
		-0.660672 0.750660 -0.004640
		-0.659651 0.751571 -0.001125
		-0.659338 0.751830 -0.005081
		-0.658603 0.752295 -0.017149
		-0.653879 0.754852 -0.051389
		-0.627129 0.765456 -0.144174
		-0.506722 0.786733 -0.352540
		-0.215716 0.787317 -0.577581
		-0.255058 0.890943 -0.375720
		-0.653047 0.730219 0.200773
		-0.722779 0.685633 -0.086588
		-0.612665 0.670334 -0.418680
		-0.570855 0.649683 -0.502033
		-0.566854 0.646819 -0.510198
		-0.563131 0.642139 -0.520136
		-0.559016 0.632596 -0.536026
		-0.550197 0.611756 -0.568365
		-0.521920 0.559110 -0.644201
		-0.431976 0.430850 -0.792316
		-0.344094 0.387928 -0.855050
		-0.494885 0.766684 -0.409004
		-0.504461 0.854882 0.121227
		-0.501656 0.814063 0.292648
		-0.513633 0.779539 0.358469
		-0.521594 0.739921 0.424803
		-0.528195 0.686894 0.499185
		-0.579015 0.579015 0.574007
		-0.610064 0.504419 0.611051
		-0.669784 0.436018 0.601064
		-0.748011 0.384811 0.540740
		-0.830806 0.365393 0.419820
		-0.891361 0.409371 0.194654
		-0.788541 0.591431 0.168559
		-0.513957 0.513132 0.687418
		-0.319059 0.210008 0.924174
		-0.320422 0.180758 0.929869
		-0.343126 0.238063 0.908620
		-0.362189 0.310646 0.878816
		-0.380273 0.380474 0.842990
		-0.398696 0.441027 0.804075
		-0.417854 0.490774 0.764552
		-0.444408 0.534460 0.718925
		-0.509861 0.591610 0.624531
		-0.672071 0.675784 0.302714
		-0.729375 0.579075 -0.364258
		-0.697661 0.560886 -0.445730
		-0.722056 0.674282 -0.154849
		-0.713613 0.699418 -0.039647
		-0.709298 0.704839 -0.009884
		-0.707823 0.706356 -0.006919
		-0.707017 0.707017 -0.015941
		-0.704939 0.708171 -0.039426
		-0.695268 0.712493 -0.094640
		-0.652054 0.725880 -0.218916
		-0.496919 0.746471 -0.442552
		-0.222208 0.764131 -0.605581
		-0.322422 0.879345 -0.350423
		-0.700188 0.687382 0.192986
		-0.742017 0.642633 -0.190878
		-0.631495 0.617864 -0.468464
		-0.606341 0.606339 -0.514493
		-0.602290 0.603801 -0.522179
		-0.597603 0.597618 -0.534531
		-0.593067 0.586889 -0.551210
		-0.582499 0.564737 -0.584608
		-0.549156 0.511458 -0.660938
		-0.452594 0.392480 -0.800699
		-0.380721 0.376555 -0.844546
		-0.554417 0.740757 -0.379343
		-0.559314 0.815544 0.148510
		-0.553872 0.773752 0.307462
		-0.564802 0.739956 0.365328
		-0.569814 0.700912 0.428993
		-0.570635 0.647371 0.505258
		-0.610999 0.535825 0.582727
		-0.631914 0.455883 0.626782
		-0.684029 0.379898 0.622722
		-0.759664 0.321186 0.565465
		-0.844707 0.295816 0.446052
		-0.915410 0.337511 0.219342
		-0.835803 0.529874 0.143760
		-0.558005 0.488783 0.670613
		-0.344630 0.203165 0.916490
		-0.331412 0.160541 0.929727
		-0.353508 0.211784 0.911142
		-0.376141 0.281716 0.882697
		-0.398650 0.349773 0.847784
		-0.420745 0.408371 0.810066
		-0.441972 0.455464 0.772796
		-0.468788 0.495177 0.731462
		-0.534904 0.545811 0.644956
		-0.707019 0.623558 0.333614
		-0.773951 0.536297 -0.336728
		-0.733384 0.508558 -0.451129
		-0.765646 0.619801 -0.172144
		-0.759437 0.648575 -0.051044
		-0.754942 0.655531 -0.018504
		-0.753016 0.657780 -0.017105
		-0.751440 0.658996 -0.032579
		-0.747142 0.661047 -0.069249
		-0.730200 0.667249 -0.146929
		-0.666162 0.683037 -0.299482
		-0.480987 0.705407 -0.520627
		-0.238472 0.746331 -0.621386
		-0.390227 0.861705 -0.324326
		-0.746004 0.642938 0.173520
		-0.752778 0.592070 -0.287713
		-0.651597 0.566431 -0.504556
		-0.639549 0.561702 -0.524851
		-0.631931 0.557181 -0.538714
		-0.626901 0.549795 -0.552015
		-0.622248 0.538146 -0.568512
		-0.610069 0.515151 -0.602026
		-0.572035 0.462369 -0.677489
		-0.471183 0.354459 -0.807679
		-0.417931 0.362583 -0.832987
		-0.611842 0.709692 -0.349265
		-0.610690 0.772283 0.175032
		-0.603214 0.730269 0.320687
		-0.613652 0.697472 0.370086
		-0.616155 0.659437 0.430691
		-0.611390 0.606229 0.508615
		-0.641340 0.492121 0.588642
		-0.651158 0.407721 0.640123
		-0.694062 0.324346 0.642711
		-0.765763 0.257678 0.589245
		-0.852389 0.225679 0.471702
		-0.933090 0.263865 0.244372
		-0.877489 0.463939 0.121552
		-0.599111 0.459347 0.655794
		-0.373307 0.196582 0.906641
		-0.343695 0.142051 0.928275
		-0.364042 0.187024 0.912412
		-0.389710 0.253809 0.885273
		-0.416267 0.319550 0.851240
		-0.441633 0.375731 0.814731
		-0.464369 0.419910 0.779767
		-0.490678 0.455499 0.742803
		-0.556215 0.499289 0.664331
		-0.737268 0.569095 0.364097
		-0.815484 0.489735 -0.308458
		-0.765813 0.454622 -0.454807
		-0.804936 0.562031 -0.190260
		-0.801658 0.594255 -0.064847
		-0.797262 0.602868 -0.030397
		-0.794871 0.605958 -0.031546
		-0.792162 0.607848 -0.054775
		-0.784526 0.610943 -0.106148
		-0.757580 0.619129 -0.206768
		-0.669464 0.637595 -0.381170
		-0.464010 0.666298 -0.583731
		-0.264277 0.732016 -0.627941
		-0.457556 0.837823 -0.297818
		-0.790138 0.596306 0.141778
		-0.757229 0.536945 -0.371879
		-0.674020 0.516343 -0.528287
		-0.665556 0.513805 -0.541331
		-0.655435 0.507694 -0.559152
		-0.650665 0.499293 -0.572138
		-0.646280 0.486967 -0.587524
		-0.632757 0.463606 -0.620232
		-0.590663 0.412414 -0.693565
		-0.488072 0.316933 -0.813228
		-0.455443 0.345754 -0.820382
		-0.666711 0.673702 -0.318782
		-0.658316 0.725474 0.200766
		-0.649559 0.683869 0.332260
		-0.660106 0.652212 0.372666
		-0.660548 0.615592 0.429793
		-0.650610 0.563481 0.509114
		-0.670393 0.447942 0.591542
		-0.668301 0.360197 0.650870
		-0.700316 0.269899 0.660842
		-0.766515 0.194937 0.611927
		-0.853866 0.155601 0.496691
		-0.944231 0.189023 0.269626
		-0.913271 0.394296 0.102306
		-0.636648 0.425181 0.643351
		-0.405225 0.189529 0.894355
		-0.357843 0.125033 0.925373
		-0.375274 0.163672 0.912349
		-0.403336 0.226850 0.886487
		-0.433468 0.289758 0.853315
		-0.461624 0.343100 0.818038
		-0.485283 0.384154 0.785447
		-0.510243 0.415609 0.752942
		-0.573876 0.452402 0.682641
		-0.762671 0.512827 0.394135
		-0.853590 0.439615 -0.279507
		-0.794982 0.399238 -0.456741
		-0.839649 0.501380 -0.208826
		-0.839908 0.536669 -0.080878
		-0.835892 0.547010 -0.045438
		-0.832982 0.551028 -0.050090
		-0.828653 0.553688 -0.082246
		-0.816290 0.557980 -0.149429
		-0.776457 0.568448 -0.271994
		-0.663415 0.590923 -0.459010
		-0.450472 0.631002 -0.631594
		-0.298717 0.718983 -0.627560
		-0.523518 0.807682 -0.271254
		-0.831508 0.546863 0.097653
		-0.758271 0.480150 -0.440999
		-0.699076 0.467187 -0.541322
		-0.684277 0.463602 -0.562884
		-0.672545 0.456105 -0.582795
		-0.668653 0.446807 -0.594363
		-0.664966 0.433986 -0.607846
		-0.650504 0.410713 -0.638874
		-0.605285 0.362177 -0.708843
		-0.503545 0.279885 -0.817378
		-0.493010 0.325883 -0.806686
		-0.718585 0.633034 -0.287930
		-0.702017 0.675492 0.225572
		-0.692829 0.634777 0.342121
		-0.704064 0.604287 0.373003
		-0.702974 0.569363 0.426207
		-0.688407 0.519094 0.506593
		-0.698465 0.403259 0.591210
		-0.683901 0.313490 0.658789
		-0.703349 0.217040 0.676900
		-0.762206 0.133624 0.633393
		-0.849221 0.086193 0.520955
		-0.948728 0.113593 0.294979
		-0.942935 0.321609 0.086265
		-0.669946 0.386696 0.633749
		-0.440294 0.181212 0.879376
		-0.374411 0.109156 0.920815
		-0.387731 0.141497 0.910848
		-0.417465 0.200655 0.886262
		-0.450607 0.260245 0.853947
		-0.480964 0.310436 0.819941
		-0.504929 0.348204 0.789810
		-0.527682 0.375643 0.761869
		-0.588043 0.405488 0.699846
		-0.783099 0.455239 0.423690
		-0.887909 0.386181 -0.249965
		-0.820894 0.342562 -0.456929
		-0.869561 0.438282 -0.227534
		-0.873813 0.476100 -0.098893
		-0.870441 0.488165 -0.063455
		-0.866904 0.493170 -0.072531
		-0.860319 0.496707 -0.114604
		-0.841613 0.502440 -0.198094
		-0.786387 0.515877 -0.339804
		-0.650840 0.544720 -0.528855
		-0.443436 0.600046 -0.665814
		-0.340453 0.705157 -0.621969
		-0.587372 0.771386 -0.244864
		-0.868510 0.493911 0.041727
		-0.758659 0.423701 -0.494888
		-0.718803 0.416870 -0.556365
		-0.695609 0.411983 -0.588556
		-0.683096 0.403217 -0.608930
		-0.680745 0.393056 -0.618137
		-0.678266 0.379882 -0.629002
		-0.663389 0.357109 -0.657562
		-0.616158 0.312110 -0.723143
		-0.517854 0.243244 -0.820158
		-0.530285 0.302769 -0.791914
		-0.767008 0.588025 -0.256760
		-0.741637 0.622705 0.249426
		-0.732976 0.583176 0.350218
		-0.745440 0.553759 0.371040
		-0.743349 0.520726 0.419853
		-0.724812 0.473012 0.500906
		-0.725828 0.357950 0.587405
		-0.698543 0.267641 0.663631
		-0.703855 0.166093 0.690653
		-0.753299 0.074327 0.653464
		-0.838615 0.018115 0.544423
		-0.946552 0.038224 0.320280
		-0.966341 0.246515 0.073591
		-0.698370 0.344372 0.627445
		-0.478106 0.170768 0.861541
		-0.393855 0.093884 0.914365
		-0.401903 0.120194 0.907760
		-0.432495 0.174972 0.884496
		-0.467967 0.230855 0.853061
		-0.499913 0.277565 0.820393
		-0.523515 0.312021 0.792827
		-0.543214 0.335667 0.769576
		-0.598894 0.358813 0.715947
		-0.798512 0.396832 0.452662
		-0.918109 0.329736 -0.219885
		-0.843526 0.284727 -0.455407
		-0.894525 0.373191 -0.246077
		-0.903029 0.412869 -0.118646
		-0.900517 0.426591 -0.084201
		-0.896169 0.432630 -0.098553
		-0.886550 0.437201 -0.151273
		-0.859815 0.444817 -0.250710
		-0.787720 0.462456 -0.406979
		-0.635275 0.500588 -0.588080
		-0.444481 0.572811 -0.688712
		-0.387955 0.688777 -0.612436
		-0.648408 0.729108 -0.219020
		-0.899149 0.436959 -0.024466
		-0.760374 0.368560 -0.534785
		-0.730063 0.365517 -0.577412
		-0.699558 0.359844 -0.617358
		-0.687096 0.349856 -0.636789
		-0.686974 0.338808 -0.642866
		-0.686271 0.325338 -0.650528
		-0.671624 0.303411 -0.675916
		-0.623689 0.262629 -0.736232
		-0.531180 0.206882 -0.821613
		-0.566891 0.276279 -0.776083
		-0.811625 0.538962 -0.225355
		-0.777060 0.567489 0.272275
		-0.769932 0.529265 0.356489
		-0.784095 0.500700 0.366734
		-0.781516 0.469661 0.410673
		-0.759833 0.425075 0.491899
		-0.752692 0.311774 0.579873
		-0.712816 0.222561 0.665102
		-0.702603 0.117298 0.701847
		-0.740380 0.017587 0.671959
		-0.822302 -0.047968 0.567026
		-0.937730 -0.036482 0.345445
		-0.983396 0.169675 0.064370
		-0.721246 0.298750 0.624943
		-0.517997 0.157352 0.840785
		-0.416512 0.078691 0.905718
		-0.418204 0.099337 0.902905
		-0.448764 0.149491 0.881058
		-0.485807 0.201306 0.850569
		-0.518657 0.244316 0.819332
		-0.541228 0.275503 0.794462
		-0.557045 0.295718 0.776048
		-0.606622 0.312626 0.730941
		-0.808903 0.338030 0.481052
		-0.943872 0.270641 -0.189364
		-0.862859 0.225850 -0.452179
		-0.914478 0.306595 -0.264062
		-0.927254 0.347368 -0.139768
		-0.925734 0.362607 -0.107392
		-0.920307 0.369741 -0.127774
		-0.906782 0.375602 -0.191491
		-0.870498 0.385834 -0.305557
		-0.781666 0.409436 -0.470489
		-0.620193 0.459488 -0.635792
		-0.453979 0.548017 -0.702553
		-0.439641 0.668487 -0.599868
		-0.706054 0.681062 -0.194019
		-0.921304 0.376186 -0.098399
		-0.764703 0.314838 -0.562233
		-0.733136 0.314106 -0.603199
		-0.696260 0.308101 -0.648303
		-0.684780 0.296889 -0.665532
		-0.687571 0.284835 -0.667919
		-0.689229 0.271044 -0.671936
		-0.675519 0.250174 -0.693605
		-0.628213 0.214020 -0.748027
		-0.543666 0.170654 -0.821769
		-0.602437 0.246367 -0.759192
		-0.852113 0.486209 -0.193661
		-0.808204 0.510240 0.294043
		-0.803639 0.473208 0.360885
		-0.819861 0.445179 0.360062
		-0.817275 0.416116 0.398633
		-0.793346 0.375138 0.479452
		-0.779121 0.264471 0.568354
		-0.727261 0.178035 0.662869
		-0.700434 0.070738 0.710203
		-0.724189 -0.036124 0.688655
		-0.800651 -0.111437 0.588677
		-0.922379 -0.109805 0.370351
		-0.994065 0.091643 0.058621
		-0.741513 0.251735 0.621923
		-0.558979 0.140189 0.817245
		-0.442496 0.062837 0.894567
		-0.436967 0.078384 0.896056
		-0.466525 0.123804 0.875801
		-0.504324 0.171251 0.846363
		-0.537323 0.210461 0.816695
		-0.558213 0.238512 0.794676
		-0.569377 0.255803 0.781265
		-0.611476 0.267141 0.744804
		-0.814311 0.279318 0.508801
		-0.964945 0.209290 -0.158366
		-0.878849 0.166046 -0.447273
		-0.929416 0.238965 -0.281215
		-0.946235 0.280046 -0.161905
		-0.945740 0.296621 -0.132633
		-0.938896 0.304936 -0.159650
		-0.920580 0.312493 -0.234265
		-0.873726 0.326383 -0.360662
		-0.770232 0.357940 -0.527846
		-0.608325 0.421615 -0.672444
		-0.471429 0.524127 -0.709256
		-0.493891 0.643377 -0.584925
		-0.759698 0.627609 -0.170190
		-0.933420 0.312418 -0.176417
		-0.772330 0.262072 -0.578640
		-0.728259 0.263580 -0.632586
		-0.686154 0.257652 -0.680300
		-0.676603 0.245154 -0.694339
		-0.682949 0.231860 -0.692691
		-0.687505 0.217623 -0.692804
		-0.675494 0.197873 -0.710319
		-0.630189 0.166511 -0.758377
		-0.555382 0.134374 -0.820667
		-0.636560 0.213020 -0.741224
		-0.888120 0.430196 -0.161782
		-0.835052 0.451297 0.314672
		-0.834034 0.415173 0.363343
		-0.852526 0.387266 0.351033
		-0.850348 0.360065 0.383748
		-0.825134 0.323042 0.463463
		-0.805057 0.215714 0.552586
		-0.742338 0.133734 0.656544
		-0.698231 0.026353 0.715388
		-0.705592 -0.086460 0.703324
		-0.774183 -0.171692 0.609232
		-0.900670 -0.181172 0.394931
		-0.998328 0.013018 0.056325
		-0.763254 0.204615 0.612842
		-0.599897 0.118649 0.791231
		-0.471731 0.045533 0.880566
		-0.458349 0.056789 0.886956
		-0.485952 0.097387 0.868543
		-0.523587 0.140345 0.840333
		-0.555994 0.175706 0.812403
		-0.574563 0.200895 0.793422
		-0.580385 0.215876 0.785207
		-0.613689 0.222521 0.757542
		-0.814805 0.221213 0.535872
		-0.981090 0.146052 -0.127012
		-0.891428 0.105431 -0.440727
		-0.939411 0.170742 -0.297244
		-0.959804 0.211382 -0.184643
		-0.960251 0.229101 -0.159471
		-0.951603 0.238746 -0.193526
		-0.927726 0.248583 -0.278442
		-0.870091 0.267437 -0.414027
		-0.755746 0.308800 -0.577487
		-0.601389 0.386516 -0.699240
		-0.495811 0.499582 -0.710344
		-0.549226 0.612861 -0.568113
		-0.808795 0.569198 -0.147864
		-0.935002 0.246965 -0.254517
		-0.780530 0.209610 -0.588928
		-0.715873 0.214837 -0.664357
		-0.669922 0.209365 -0.712300
		-0.663264 0.195393 -0.722428
		-0.673708 0.180549 -0.716603
		-0.681621 0.165590 -0.712722
		-0.671998 0.146907 -0.725835
		-0.629993 0.120182 -0.767245
		-0.566358 0.097829 -0.818332
		-0.668823 0.176194 -0.722240
		-0.919395 0.371333 -0.129710
		-0.857605 0.391002 0.334112
		-0.861026 0.355320 0.363843
		-0.881861 0.327033 0.339662
		-0.880376 0.301526 0.366089
		-0.854849 0.268624 0.443930
		-0.830251 0.165143 0.532364
		-0.758350 0.089266 0.645707
		-0.696872 -0.016095 0.717015
		-0.685594 -0.133249 0.715685
		-0.743502 -0.228213 0.628589
		-0.872869 -0.249962 0.419069
		-0.996195 -0.065589 0.057388
		-0.786630 0.156707 0.597207
		-0.639403 0.092313 0.763310
		-0.503816 0.026038 0.863418
		-0.482328 0.033847 0.875336
		-0.507042 0.069754 0.859094
		-0.543597 0.108165 0.832348
		-0.574641 0.139776 0.806381
		-0.590335 0.162451 0.790641
		-0.590232 0.175838 0.787850
		-0.613513 0.178911 0.769151
		-0.810554 0.164103 0.562204
		-0.992110 0.081381 -0.095368
		-0.900517 0.044102 -0.432578
		-0.944597 0.102364 -0.311862
		-0.967873 0.141900 -0.207573
		-0.969071 0.160569 -0.187398
		-0.958234 0.171785 -0.228645
		-0.928299 0.184649 -0.322747
		-0.860665 0.209887 -0.463900
		-0.740473 0.262400 -0.618745
		-0.600166 0.353216 -0.717662
		-0.525816 0.472969 -0.706978
		-0.604322 0.576666 -0.549774
		-0.852916 0.506268 -0.127384
		-0.926795 0.181565 -0.328764
		-0.780800 0.157844 -0.604514
		-0.696591 0.168728 -0.697346
		-0.648514 0.163976 -0.743331
		-0.645660 0.148248 -0.749097
		-0.660546 0.131417 -0.739194
		-0.672175 0.115398 -0.731344
		-0.665563 0.097540 -0.739941
		-0.627970 0.075078 -0.774608
		-0.576546 0.060838 -0.814797
		-0.698837 0.136042 -0.702225
		-0.945702 0.310056 -0.097537
		-0.875888 0.329713 0.352291
		-0.884544 0.293756 0.362338
		-0.907576 0.264615 0.326015
		-0.906936 0.240591 0.345809
		-0.882041 0.211774 0.420899
		-0.854236 0.112468 0.507574
		-0.775435 0.044068 0.629887
		-0.697192 -0.057020 0.714613
		-0.665290 -0.176456 0.725433
		-0.709419 -0.280498 0.646565
		-0.839331 -0.315506 0.442695
		-0.987696 -0.143681 0.061737
		-0.811537 0.107280 0.574368
		-0.676173 0.061053 0.734208
		-0.537980 0.003587 0.842950
		-0.508673 0.008931 0.860913
		-0.529627 0.040373 0.847270
		-0.564193 0.074288 0.822294
		-0.593166 0.102358 0.798547
		-0.605488 0.122928 0.786303
		-0.599029 0.135559 0.789169
		-0.611225 0.136357 0.779622
		-0.801773 0.108391 0.587717
		-0.997857 0.015751 -0.063503
		-0.906021 -0.017800 -0.422859
		-0.945115 0.034188 -0.324944
		-0.970459 0.072132 -0.230229
		-0.972126 0.091597 -0.215828
		-0.958770 0.104705 -0.264193
		-0.922681 0.121476 -0.365929
		-0.846845 0.154395 -0.508935
		-0.726275 0.218626 -0.651711
		-0.604689 0.320648 -0.729065
		-0.559996 0.443209 -0.699978
		-0.657970 0.534766 -0.530189
		-0.891646 0.439405 -0.109048
		-0.910601 0.117772 -0.396150
		-0.773204 0.107695 -0.624945
		-0.671388 0.125993 -0.730318
		-0.623188 0.122018 -0.772495
		-0.624793 0.104147 -0.773813
		-0.644297 0.084831 -0.760056
		-0.659784 0.067343 -0.748431
		-0.656680 0.049949 -0.752514
		-0.624442 0.031159 -0.780449
		-0.585866 0.023224 -0.810075
		-0.726203 0.092704 -0.681201
		-0.966851 0.246852 -0.065292
		-0.889959 0.267719 0.369188
		-0.904467 0.230610 0.358829
		-0.929342 0.200182 0.310242
		-0.929584 0.177401 0.323114
		-0.906140 0.152484 0.394537
		-0.876358 0.057444 0.478223
		-0.793462 -0.002442 0.608615
		-0.699914 -0.096977 0.707613
		-0.645864 -0.216280 0.732176
		-0.672854 -0.328254 0.662961
		-0.800494 -0.377256 0.465712
		-0.972892 -0.220655 0.069235
		-0.837562 0.055617 0.543504
		-0.708963 0.024988 0.704803
		-0.573221 -0.022504 0.819092
		-0.536828 -0.018636 0.843486
		-0.553339 0.008663 0.832911
		-0.585071 0.038356 0.810074
		-0.611336 0.063147 0.788848
		-0.619936 0.082107 0.780344
		-0.606861 0.094898 0.789123
		-0.607078 0.094905 0.788955
		-0.788638 0.054524 0.612435
		-0.998237 -0.050364 -0.031406
		-0.907828 -0.080124 -0.411617
		-0.941171 -0.033449 -0.336270
		-0.967676 0.002589 -0.252185
		-0.969463 0.022778 -0.244177
		-0.953384 0.038171 -0.299334
		-0.911554 0.059749 -0.406817
		-0.830144 0.101339 -0.548262
		-0.714410 0.176968 -0.676979
		-0.614428 0.287639 -0.734671
		-0.596840 0.409466 -0.690014
		-0.709113 0.487363 -0.509544
		-0.924712 0.369115 -0.093068
		-0.888817 0.056718 -0.454740
		-0.758285 0.060007 -0.649155
		-0.641440 0.087209 -0.762200
		-0.595234 0.083814 -0.799170
		-0.601775 0.063315 -0.796152
		-0.625789 0.041023 -0.778913
		-0.645142 0.021559 -0.763759
		-0.645841 0.004186 -0.763461
		-0.619638 -0.011715 -0.784801
		-0.594179 -0.015187 -0.804190
		-0.750527 0.046306 -0.659215
		-0.982715 0.182160 -0.033005
		-0.899907 0.205279 0.384743
		-0.920660 0.166074 0.353276
		-0.946826 0.133965 0.292529
		-0.947845 0.112194 0.298333
		-0.926497 0.090885 0.365161
		-0.895787 0.000000 0.444484
		-0.811969 -0.050775 0.581488
		-0.705571 -0.136686 0.695332
		-0.628514 -0.253134 0.735455
		-0.634922 -0.371246 0.677533
		-0.756879 -0.434725 0.488004
		-0.951854 -0.295998 0.079745
		-0.863812 0.001082 0.503813
		-0.736635 -0.015552 0.676112
		-0.608209 -0.052698 0.792026
		-0.566034 -0.049426 0.822899
		-0.577660 -0.025782 0.815870
		-0.605803 0.000000 0.795615
		-0.628801 0.021911 0.777257
		-0.633478 0.039801 0.772736
		-0.613745 0.053679 0.787678
		-0.601319 0.054538 0.797145
		-0.771462 0.002858 0.636269
		-0.993191 -0.116498 0.000748
		-0.905829 -0.142683 -0.398894
		-0.932948 -0.100296 -0.345758
		-0.959714 -0.066256 -0.273057
		-0.961269 -0.045320 -0.271861
		-0.942453 -0.027206 -0.333229
		-0.895787 0.000000 -0.444484
		-0.811969 0.050775 -0.581488
		-0.705571 0.136686 -0.695332
		-0.628514 0.253134 -0.735455
		-0.634922 0.371246 -0.677533
		-0.756879 0.434725 -0.488004
		-0.951854 0.295998 -0.079745
		-0.863812 -0.001082 -0.503813
		-0.736635 0.015552 -0.676112
		-0.608209 0.052698 -0.792026
		-0.566034 0.049426 -0.822899
		-0.577660 0.025782 -0.815870
		-0.605803 0.000000 -0.795615
		-0.628801 -0.021911 -0.777257
		-0.633478 -0.039801 -0.772736
		-0.613745 -0.053679 -0.787678
		-0.601319 -0.054538 -0.797145
		-0.771462 -0.002858 -0.636269
		-0.993191 0.116498 -0.000748
		-0.905829 0.142683 0.398894
		-0.932948 0.100296 0.345758
		-0.959714 0.066256 0.273057
		-0.961269 0.045320 0.271861
		-0.942453 0.027206 0.333229
		-0.911554 -0.059749 0.406817
		-0.830144 -0.101339 0.548262
		-0.714410 -0.176968 0.676979
		-0.614428 -0.287639 0.734671
		-0.596840 -0.409466 0.690014
		-0.709113 -0.487363 0.509544
		-0.924712 -0.369115 0.093068
		-0.888817 -0.056718 0.454740
		-0.758285 -0.060007 0.649155
		-0.641440 -0.087209 0.762200
		-0.595234 -0.083814 0.799170
		-0.601775 -0.063315 0.796152
		-0.625789 -0.041023 0.778913
		-0.645142 -0.021559 0.763759
		-0.645841 -0.004186 0.763461
		-0.619638 0.011715 0.784801
		-0.594179 0.015187 0.804190
		-0.750527 -0.046306 0.659215
		-0.982715 -0.182160 0.033005
		-0.899907 -0.205279 -0.384743
		-0.920660 -0.166074 -0.353276
		-0.946826 -0.133965 -0.292529
		-0.947845 -0.112194 -0.298333
		-0.926497 -0.090885 -0.365161
		-0.876358 -0.057444 -0.478223
		-0.793462 0.002442 -0.608615
		-0.699914 0.096977 -0.707613
		-0.645864 0.216280 -0.732176
		-0.672854 0.328254 -0.662961
		-0.800494 0.377256 -0.465712
		-0.972892 0.220655 -0.069235
		-0.837562 -0.055617 -0.543504
		-0.708963 -0.024988 -0.704803
		-0.573221 0.022504 -0.819092
		-0.536828 0.018636 -0.843486
		-0.553339 -0.008663 -0.832911
		-0.585071 -0.038356 -0.810074
		-0.611336 -0.063147 -0.788848
		-0.619936 -0.082107 -0.780344
		-0.606861 -0.094898 -0.789123
		-0.607078 -0.094905 -0.788955
		-0.788638 -0.054524 -0.612435
		-0.998237 0.050364 0.031406
		-0.907828 0.080124 0.411617
		-0.941171 0.033449 0.336270
		-0.967676 -0.002589 0.252185
		-0.969463 -0.022778 0.244177
		-0.953384 -0.038171 0.299334
		-0.922681 -0.121476 0.365929
		-0.846845 -0.154395 0.508935
		-0.726275 -0.218626 0.651711
		-0.604689 -0.320648 0.729065
		-0.559996 -0.443209 0.699978
		-0.657970 -0.534766 0.530189
		-0.891646 -0.439405 0.109048
		-0.910601 -0.117772 0.396150
		-0.773204 -0.107695 0.624945
		-0.671388 -0.125993 0.730318
		-0.623188 -0.122018 0.772495
		-0.624793 -0.104147 0.773813
		-0.644297 -0.084831 0.760056
		-0.659784 -0.067343 0.748431
		-0.656680 -0.049949 0.752514
		-0.624442 -0.031159 0.780449
		-0.585866 -0.023224 0.810075
		-0.726203 -0.092704 0.681201
		-0.966851 -0.246852 0.065292
		-0.889959 -0.267719 -0.369188
		-0.904467 -0.230610 -0.358829
		-0.929342 -0.200182 -0.310242
		-0.929584 -0.177401 -0.323114
		-0.906140 -0.152484 -0.394537
		-0.854236 -0.112468 -0.507574
		-0.775435 -0.044068 -0.629887
		-0.697192 0.057020 -0.714613
		-0.665290 0.176456 -0.725433
		-0.709419 0.280498 -0.646565
		-0.839331 0.315506 -0.442695
		-0.987696 0.143681 -0.061737
		-0.811537 -0.107280 -0.574368
		-0.676173 -0.061053 -0.734208
		-0.537980 -0.003587 -0.842950
		-0.508673 -0.008931 -0.860913
		-0.529627 -0.040373 -0.847270
		-0.564193 -0.074288 -0.822294
		-0.593166 -0.102358 -0.798547
		-0.605488 -0.122928 -0.786303
		-0.599029 -0.135559 -0.789169
		-0.611225 -0.136357 -0.779622
		-0.801773 -0.108391 -0.587717
		-0.997857 -0.015751 0.063503
		-0.906021 0.017800 0.422859
		-0.945115 -0.034188 0.324944
		-0.970459 -0.072132 0.230229
		-0.972126 -0.091597 0.215828
		-0.958770 -0.104705 0.264193
		-0.928299 -0.184649 0.322747
		-0.860665 -0.209887 0.463900
		-0.740473 -0.262400 0.618745
		-0.600166 -0.353216 0.717662
		-0.525816 -0.472969 0.706978
		-0.604322 -0.576666 0.549774
		-0.852916 -0.506268 0.127384
		-0.926795 -0.181565 0.328764
		-0.780800 -0.157844 0.604514
		-0.696591 -0.168728 0.697346
		-0.648514 -0.163976 0.743331
		-0.645660 -0.148248 0.749097
		-0.660546 -0.131417 0.739194
		-0.672175 -0.115398 0.731344
		-0.665563 -0.097540 0.739941
		-0.627970 -0.075078 0.774608
		-0.576546 -0.060838 0.814797
		-0.698837 -0.136042 0.702225
		-0.945702 -0.310056 0.097537
		-0.875888 -0.329713 -0.352291
		-0.884544 -0.293756 -0.362338
		-0.907576 -0.264615 -0.326015
		-0.906936 -0.240591 -0.345809
		-0.882041 -0.211774 -0.420899
		-0.830251 -0.165143 -0.532364
		-0.758350 -0.089266 -0.645707
		-0.696872 0.016095 -0.717015
		-0.685594 0.133249 -0.715685
		-0.743502 0.228213 -0.628589
		-0.872869 0.249962 -0.419069
		-0.996195 0.065589 -0.057388
		-0.786630 -0.156707 -0.597207
		-0.639403 -0.092313 -0.763310
		-0.503816 -0.026038 -0.863418
		-0.482328 -0.033847 -0.875336
		-0.507042 -0.069754 -0.859094
		-0.543597 -0.108165 -0.832348
		-0.574641 -0.139776 -0.806381
		-0.590335 -0.162451 -0.790641
		-0.590232 -0.175838 -0.787850
		-0.613513 -0.178911 -0.769151
		-0.810554 -0.164103 -0.562204
		-0.992110 -0.081381 0.095368
		-0.900517 -0.044102 0.432578
		-0.944597 -0.102364 0.311862
		-0.967873 -0.141900 0.207573
		-0.969071 -0.160569 0.187398
		-0.958234 -0.171785 0.228645
		-0.927726 -0.248583 0.278442
		-0.870091 -0.267437 0.414027
		-0.755746 -0.308800 0.577487
		-0.601389 -0.386516 0.699240
		-0.495811 -0.499582 0.710344
		-0.549226 -0.612861 0.568113
		-0.808795 -0.569198 0.147864
		-0.935002 -0.246965 0.254517
		-0.780530 -0.209610 0.588928
		-0.715873 -0.214837 0.664357
		-0.669922 -0.209365 0.712300
		-0.663264 -0.195393 0.722428
		-0.673708 -0.180549 0.716603
		-0.681621 -0.165590 0.712722
		-0.671998 -0.146907 0.725835
		-0.629993 -0.120182 0.767245
		-0.566358 -0.097829 0.818332
		-0.668823 -0.176194 0.722240
		-0.919395 -0.371333 0.129710
		-0.857605 -0.391002 -0.334112
		-0.861026 -0.355320 -0.363843
		-0.881861 -0.327033 -0.339662
		-0.880376 -0.301526 -0.366089
		-0.854849 -0.268624 -0.443930
		-0.805057 -0.215714 -0.552586
		-0.742338 -0.133734 -0.656544
		-0.698231 -0.026353 -0.715388
		-0.705592 0.086460 -0.703324
		-0.774183 0.171692 -0.609232
		-0.900670 0.181172 -0.394931
		-0.998328 -0.013018 -0.056325
		-0.763254 -0.204615 -0.612842
		-0.599897 -0.118649 -0.791231
		-0.471731 -0.045533 -0.880566
		-0.458349 -0.056789 -0.886956
		-0.485952 -0.097387 -0.868543
		-0.523587 -0.140345 -0.840333
		-0.555994 -0.175706 -0.812403
		-0.574563 -0.200895 -0.793422
		-0.580385 -0.215876 -0.785207
		-0.613689 -0.222521 -0.757542
		-0.814805 -0.221213 -0.535872
		-0.981090 -0.146052 0.127012
		-0.891428 -0.105431 0.440727
		-0.939411 -0.170742 0.297244
		-0.959804 -0.211382 0.184643
		-0.960251 -0.229101 0.159471
		-0.951603 -0.238746 0.193526
		-0.920580 -0.312493 0.234265
		-0.873726 -0.326383 0.360662
		-0.770232 -0.357940 0.527846
		-0.608325 -0.421615 0.672444
		-0.471429 -0.524127 0.709256
		-0.493891 -0.643377 0.584925
		-0.759698 -0.627609 0.170190
		-0.933420 -0.312418 0.176417
		-0.772330 -0.262072 0.578640
		-0.728259 -0.263580 0.632586
		-0.686154 -0.257652 0.680300
		-0.676603 -0.245154 0.694339
		-0.682949 -0.231860 0.692691
		-0.687505 -0.217623 0.692804
		-0.675494 -0.197873 0.710319
		-0.630189 -0.166511 0.758377
		-0.555382 -0.134374 0.820667
		-0.636560 -0.213020 0.741224
		-0.888120 -0.430196 0.161782
		-0.835052 -0.451297 -0.314672
		-0.834034 -0.415173 -0.363343
		-0.852526 -0.387266 -0.351033
		-0.850348 -0.360065 -0.383748
		-0.825134 -0.323042 -0.463463
		-0.779121 -0.264471 -0.568354
		-0.727261 -0.178035 -0.662869
		-0.700434 -0.070738 -0.710203
		-0.724189 0.036124 -0.688655
		-0.800651 0.111437 -0.588677
		-0.922379 0.109805 -0.370351
		-0.994065 -0.091643 -0.058621
		-0.741513 -0.251735 -0.621923
		-0.558979 -0.140189 -0.817245
		-0.442496 -0.062837 -0.894567
		-0.436967 -0.078384 -0.896056
		-0.466525 -0.123804 -0.875801
		-0.504324 -0.171251 -0.846363
		-0.537323 -0.210461 -0.816695
		-0.558213 -0.238512 -0.794676
		-0.569377 -0.255803 -0.781265
		-0.611476 -0.267141 -0.744804
		-0.814311 -0.279318 -0.508801
		-0.964945 -0.209290 0.158366
		-0.878849 -0.166046 0.447273
		-0.929416 -0.238965 0.281215
		-0.946235 -0.280046 0.161905
		-0.945740 -0.296621 0.132633
		-0.938896 -0.304936 0.159650
		-0.906782 -0.375602 0.191491
		-0.870498 -0.385834 0.305557
		-0.781666 -0.409436 0.470489
		-0.620193 -0.459488 0.635792
		-0.453979 -0.548017 0.702553
		-0.439641 -0.668487 0.599868
		-0.706054 -0.681062 0.194019
		-0.921304 -0.376186 0.098399
		-0.764703 -0.314838 0.562233
		-0.733136 -0.314106 0.603199
		-0.696260 -0.308101 0.648303
		-0.684780 -0.296889 0.665532
		-0.687571 -0.284835 0.667919
		-0.689229 -0.271044 0.671936
		-0.675519 -0.250174 0.693605
		-0.628213 -0.214020 0.748027
		-0.543666 -0.170654 0.821769
		-0.602437 -0.246367 0.759192
		-0.852113 -0.486209 0.193661
		-0.808204 -0.510240 -0.294043
		-0.803639 -0.473208 -0.360885
		-0.819861 -0.445179 -0.360062
		-0.817275 -0.416116 -0.398633
		-0.793346 -0.375138 -0.479452
		-0.752692 -0.311774 -0.579873
		-0.712816 -0.222561 -0.665102
		-0.702603 -0.117298 -0.701847
		-0.740380 -0.017587 -0.671959
		-0.822302 0.047968 -0.567026
		-0.937730 0.036482 -0.345445
		-0.983396 -0.169675 -0.064370
		-0.721246 -0.298750 -0.624943
		-0.517997 -0.157352 -0.840785
		-0.416512 -0.078691 -0.905718
		-0.418204 -0.099337 -0.902905
		-0.448764 -0.149491 -0.881058
		-0.485807 -0.201306 -0.850569
		-0.518657 -0.244316 -0.819332
		-0.541228 -0.275503 -0.794462
		-0.557045 -0.295718 -0.776048
		-0.606622 -0.312626 -0.730941
		-0.808903 -0.338030 -0.481052
		-0.943872 -0.270641 0.189364
		-0.862859 -0.225850 0.452179
		-0.914478 -0.306595 0.264062
		-0.927254 -0.347368 0.139768
		-0.925734 -0.362607 0.107392
		-0.920307 -0.369741 0.127774
		-0.886550 -0.437201 0.151273
		-0.859815 -0.444817 0.250710
		-0.787720 -0.462456 0.406979
		-0.635275 -0.500588 0.588080
		-0.444481 -0.572811 0.688712
		-0.387955 -0.688777 0.612436
		-0.648408 -0.729108 0.219020
		-0.899149 -0.436959 0.024466
		-0.760374 -0.368560 0.534785
		-0.730063 -0.365517 0.577412
		-0.699558 -0.359844 0.617358
		-0.687096 -0.349856 0.636789
		-0.686974 -0.338808 0.642866
		-0.686271 -0.325338 0.650528
		-0.671624 -0.303411 0.675916
		-0.623689 -0.262629 0.736232
		-0.531180 -0.206882 0.821613
		-0.566891 -0.276279 0.776083
		-0.811625 -0.538962 0.225355
		-0.777060 -0.567489 -0.272275
		-0.769932 -0.529265 -0.356489
		-0.784095 -0.500700 -0.366734
		-0.781516 -0.469661 -0.410673
		-0.759833 -0.425075 -0.491899
		-0.725828 -0.357950 -0.587405
		-0.698543 -0.267641 -0.663631
		-0.703855 -0.166093 -0.690653
		-0.753299 -0.074327 -0.653464
		-0.838615 -0.018115 -0.544423
		-0.946552 -0.038224 -0.320280
		-0.966341 -0.246515 -0.073591
		-0.698370 -0.344372 -0.627445
		-0.478106 -0.170768 -0.861541
		-0.393855 -0.093884 -0.914365
		-0.401903 -0.120194 -0.907760
		-0.432495 -0.174972 -0.884496
		-0.467967 -0.230855 -0.853061
		-0.499913 -0.277565 -0.820393
		-0.523515 -0.312021 -0.792827
		-0.543214 -0.335667 -0.769576
		-0.598894 -0.358813 -0.715947
		-0.798512 -0.396832 -0.452662
		-0.918109 -0.329736 0.219885
		-0.843526 -0.284727 0.455407
		-0.894525 -0.373191 0.246077
		-0.903029 -0.412869 0.118646
		-0.900517 -0.426591 0.084201
		-0.896169 -0.432630 0.098553
		-0.860319 -0.496707 0.114604
		-0.841613 -0.502440 0.198094
		-0.786387 -0.515877 0.339804
		-0.650840 -0.544720 0.528855
		-0.443436 -0.600046 0.665814
		-0.340453 -0.705157 0.621969
		-0.587372 -0.771386 0.244864
		-0.868510 -0.493911 -0.041727
		-0.758659 -0.423701 0.494888
		-0.718803 -0.416870 0.556365
		-0.695609 -0.411983 0.588556
		-0.683096 -0.403217 0.608930
		-0.680745 -0.393056 0.618137
		-0.678266 -0.379882 0.629002
		-0.663389 -0.357109 0.657562
		-0.616158 -0.312110 0.723143
		-0.517854 -0.243244 0.820158
		-0.530285 -0.302769 0.791914
		-0.767008 -0.588025 0.256760
		-0.741637 -0.622705 -0.249426
		-0.732976 -0.583176 -0.350218
		-0.745440 -0.553759 -0.371040
		-0.743349 -0.520726 -0.419853
		-0.724812 -0.473012 -0.500906
		-0.698465 -0.403259 -0.591210
		-0.683901 -0.313490 -0.658789
		-0.703349 -0.217040 -0.676900
		-0.762206 -0.133624 -0.633393
		-0.849221 -0.086193 -0.520955
		-0.948728 -0.113593 -0.294979
		-0.942935 -0.321609 -0.086265
		-0.669946 -0.386696 -0.633749
		-0.440294 -0.181212 -0.879376
		-0.374411 -0.109156 -0.920815
		-0.387731 -0.141497 -0.910848
		-0.417465 -0.200655 -0.886262
		-0.450607 -0.260245 -0.853947
		-0.480964 -0.310436 -0.819941
		-0.504929 -0.348204 -0.789810
		-0.527682 -0.375643 -0.761869
		-0.588043 -0.405488 -0.699846
		-0.783099 -0.455239 -0.423690
		-0.887909 -0.386181 0.249965
		-0.820894 -0.342562 0.456929
		-0.869561 -0.438282 0.227534
		-0.873813 -0.476100 0.098893
		-0.870441 -0.488165 0.063455
		-0.866904 -0.493170 0.072531
		-0.828653 -0.553688 0.082246
		-0.816290 -0.557980 0.149429
		-0.776457 -0.568448 0.271994
		-0.663415 -0.590923 0.459010
		-0.450472 -0.631002 0.631594
		-0.298717 -0.718983 0.627560
		-0.523518 -0.807682 0.271254
		-0.831508 -0.546863 -0.097653
		-0.758271 -0.480150 0.440999
		-0.699076 -0.467187 0.541322
		-0.684277 -0.463602 0.562884
		-0.672545 -0.456105 0.582795
		-0.668653 -0.446807 0.594363
		-0.664966 -0.433986 0.607846
		-0.650504 -0.410713 0.638874
		-0.605285 -0.362177 0.708843
		-0.503545 -0.279885 0.817378
		-0.493010 -0.325883 0.806686
		-0.718585 -0.633034 0.287930
		-0.702017 -0.675492 -0.225572
		-0.692829 -0.634777 -0.342121
		-0.704064 -0.604287 -0.373003
		-0.702974 -0.569363 -0.426207
		-0.688407 -0.519094 -0.506593
		-0.670393 -0.447942 -0.591542
		-0.668301 -0.360197 -0.650870
		-0.700316 -0.269899 -0.660842
		-0.766515 -0.194937 -0.611927
		-0.853866 -0.155601 -0.496691
		-0.944231 -0.189023 -0.269626
		-0.913271 -0.394296 -0.102306
		-0.636648 -0.425181 -0.643351
		-0.405225 -0.189529 -0.894355
		-0.357843 -0.125033 -0.925373
		-0.375274 -0.163672 -0.912349
		-0.403336 -0.226850 -0.886487
		-0.433468 -0.289758 -0.853315
		-0.461624 -0.343100 -0.818038
		-0.485283 -0.384154 -0.785447
		-0.510243 -0.415609 -0.752942
		-0.573876 -0.452402 -0.682641
		-0.762671 -0.512827 -0.394135
		-0.853590 -0.439615 0.279507
		-0.794982 -0.399238 0.456741
		-0.839649 -0.501380 0.208826
		-0.839908 -0.536669 0.080878
		-0.835892 -0.547010 0.045438
		-0.832982 -0.551028 0.050090
		-0.792162 -0.607848 0.054775
		-0.784526 -0.610943 0.106148
		-0.757580 -0.619129 0.206768
		-0.669464 -0.637595 0.381170
		-0.464010 -0.666298 0.583731
		-0.264277 -0.732016 0.627941
		-0.457556 -0.837823 0.297818
		-0.790138 -0.596306 -0.141778
		-0.757229 -0.536945 0.371879
		-0.674020 -0.516343 0.528287
		-0.665556 -0.513805 0.541331
		-0.655435 -0.507694 0.559152
		-0.650665 -0.499293 0.572138
		-0.646280 -0.486967 0.587524
		-0.632757 -0.463606 0.620232
		-0.590663 -0.412414 0.693565
		-0.488072 -0.316933 0.813228
		-0.455443 -0.345754 0.820382
		-0.666711 -0.673702 0.318782
		-0.658316 -0.725474 -0.200766
		-0.649559 -0.683869 -0.332260
		-0.660106 -0.652212 -0.372666
		-0.660548 -0.615592 -0.429793
		-0.650610 -0.563481 -0.509114
		-0.641340 -0.492121 -0.588642
		-0.651158 -0.407721 -0.640123
		-0.694062 -0.324346 -0.642711
		-0.765763 -0.257678 -0.589245
		-0.852389 -0.225679 -0.471702
		-0.933090 -0.263865 -0.244372
		-0.877489 -0.463939 -0.121552
		-0.599111 -0.459347 -0.655794
		-0.373307 -0.196582 -0.906641
		-0.343695 -0.142051 -0.928275
		-0.364042 -0.187024 -0.912412
		-0.389710 -0.253809 -0.885273
		-0.416267 -0.319550 -0.851240
		-0.441633 -0.375731 -0.814731
		-0.464369 -0.419910 -0.779767
		-0.490678 -0.455499 -0.742803
		-0.556215 -0.499289 -0.664331
		-0.737268 -0.569095 -0.364097
		-0.815484 -0.489735 0.308458
		-0.765813 -0.454622 0.454807
		-0.804936 -0.562031 0.190260
		-0.801658 -0.594255 0.064847
		-0.797262 -0.602868 0.030397
		-0.794871 -0.605958 0.031546
		-0.751440 -0.658996 0.032579
		-0.747142 -0.661047 0.069249
		-0.730200 -0.667249 0.146929
		-0.666162 -0.683037 0.299482
		-0.480987 -0.705407 0.520627
		-0.238472 -0.746331 0.621386
		-0.390227 -0.861705 0.324326
		-0.746004 -0.642938 -0.173520
		-0.752778 -0.592070 0.287713
		-0.651597 -0.566431 0.504556
		-0.639549 -0.561702 0.524851
		-0.631931 -0.557181 0.538714
		-0.626901 -0.549795 0.552015
		-0.622248 -0.538146 0.568512
		-0.610069 -0.515151 0.602026
		-0.572035 -0.462369 0.677489
		-0.471183 -0.354459 0.807679
		-0.417931 -0.362583 0.832987
		-0.611842 -0.709692 0.349265
		-0.610690 -0.772283 -0.175032
		-0.603214 -0.730269 -0.320687
		-0.613652 -0.697472 -0.370086
		-0.616155 -0.659437 -0.430691
		-0.611390 -0.606229 -0.508615
		-0.610999 -0.535825 -0.582727
		-0.631914 -0.455883 -0.626782
		-0.684029 -0.379898 -0.622722
		-0.759664 -0.321186 -0.565465
		-0.844707 -0.295816 -0.446052
		-0.915410 -0.337511 -0.219342
		-0.835803 -0.529874 -0.143760
		-0.558005 -0.488783 -0.670613
		-0.344630 -0.203165 -0.916490
		-0.331412 -0.160541 -0.929727
		-0.353508 -0.211784 -0.911142
		-0.376141 -0.281716 -0.882697
		-0.398650 -0.349773 -0.847784
		-0.420745 -0.408371 -0.810066
		-0.441972 -0.455464 -0.772796
		-0.468788 -0.495177 -0.731462
		-0.534904 -0.545811 -0.644956
		-0.707019 -0.623558 -0.333614
		-0.773951 -0.536297 0.336728
		-0.733384 -0.508558 0.451129
		-0.765646 -0.619801 0.172144
		-0.759437 -0.648575 0.051044
		-0.754942 -0.655531 0.018504
		-0.753016 -0.657780 0.017105
		-0.707017 -0.707017 0.015941
		-0.704939 -0.708171 0.039426
		-0.695268 -0.712493 0.094640
		-0.652054 -0.725880 0.218916
		-0.496919 -0.746471 0.442552
		-0.222208 -0.764131 0.605581
		-0.322422 -0.879345 0.350423
		-0.700188 -0.687382 -0.192986
		-0.742017 -0.642633 0.190878
		-0.631495 -0.617864 0.468464
		-0.606341 -0.606339 0.514493
		-0.602290 -0.603801 0.522179
		-0.597603 -0.597618 0.534531
		-0.593067 -0.586889 0.551210
		-0.582499 -0.564737 0.584608
		-0.549156 -0.511458 0.660938
		-0.452594 -0.392480 0.800699
		-0.380721 -0.376555 0.844546
		-0.554417 -0.740757 0.379343
		-0.559314 -0.815544 -0.148510
		-0.553872 -0.773752 -0.307462
		-0.564802 -0.739956 -0.365328
		-0.569814 -0.700912 -0.428993
		-0.570635 -0.647371 -0.505258
		-0.579015 -0.579015 -0.574007
		-0.610064 -0.504419 -0.611051
		-0.669784 -0.436018 -0.601064
		-0.748011 -0.384811 -0.540740
		-0.830806 -0.365393 -0.419820
		-0.891361 -0.409371 -0.194654
		-0.788541 -0.591431 -0.168559
		-0.513957 -0.513132 -0.687418
		-0.319059 -0.210008 -0.924174
		-0.320422 -0.180758 -0.929869
		-0.343126 -0.238063 -0.908620
		-0.362189 -0.310646 -0.878816
		-0.380273 -0.380474 -0.842990
		-0.398696 -0.441027 -0.804075
		-0.417854 -0.490774 -0.764552
		-0.444408 -0.534460 -0.718925
		-0.509861 -0.591610 -0.624531
		-0.672071 -0.675784 -0.302714
		-0.729375 -0.579075 0.364258
		-0.697661 -0.560886 0.445730
		-0.722056 -0.674282 0.154849
		-0.713613 -0.699418 0.039647
		-0.709298 -0.704839 0.009884
		-0.707823 -0.706356 0.006919
		-0.659338 -0.751830 0.005081
		-0.658603 -0.752295 0.017149
		-0.653879 -0.754852 0.051389
		-0.627129 -0.765456 0.144174
		-0.506722 -0.786733 0.352540
		-0.215716 -0.787317 0.577581
		-0.255058 -0.890943 0.375720
		-0.653047 -0.730219 -0.200773
		-0.722779 -0.685633 0.086588
		-0.612665 -0.670334 0.418680
		-0.570855 -0.649683 0.502033
		-0.566854 -0.646819 0.510198
		-0.563131 -0.642139 0.520136
		-0.559016 -0.632596 0.536026
		-0.550197 -0.611756 0.568365
		-0.521920 -0.559110 0.644201
		-0.431976 -0.430850 0.792316
		-0.344094 -0.387928 0.855050
		-0.494885 -0.766684 0.409004
		-0.504461 -0.854882 -0.121227
		-0.501656 -0.814063 -0.292648
		-0.513633 -0.779539 -0.358469
		-0.521594 -0.739921 -0.424803
		-0.528195 -0.686894 -0.499185
		-0.545071 -0.621543 -0.562656
		-0.585168 -0.552978 -0.593122
		-0.650944 -0.492193 -0.577943
		-0.730704 -0.447951 -0.515181
		-0.810778 -0.433761 -0.393053
		-0.861192 -0.478848 -0.170448
		-0.736133 -0.647959 -0.195594
		-0.467699 -0.532176 -0.705724
		-0.296341 -0.217695 -0.929941
		-0.310101 -0.202841 -0.928813
		-0.332363 -0.265886 -0.904897
		-0.347412 -0.340590 -0.873672
		-0.360806 -0.411616 -0.836894
		-0.375205 -0.473663 -0.796784
		-0.391806 -0.525725 -0.755051
		-0.417333 -0.573147 -0.705220
		-0.481014 -0.636341 -0.603072
		-0.632641 -0.725320 -0.271433
		-0.682137 -0.617852 0.391085
		-0.658645 -0.611356 0.438670
		-0.674495 -0.725138 0.138678
		-0.664553 -0.746606 0.030789
		-0.660672 -0.750660 0.004640
		-0.659651 -0.751571 0.001125
		-0.608763 -0.793352 0.000239
		-0.608674 -0.793416 0.002813
		-0.607028 -0.794473 0.018128
		-0.592385 -0.801779 0.078934
		-0.506030 -0.823501 0.256476
		-0.218115 -0.816904 0.533941
		-0.189192 -0.896928 0.399658
		-0.604565 -0.771592 -0.197856
		-0.694472 -0.719305 -0.017572
		-0.593707 -0.722649 0.353965
		-0.536789 -0.694194 0.479533
		-0.525961 -0.685445 0.503518
		-0.523895 -0.682759 0.509289
		-0.520472 -0.674740 0.523292
		-0.513432 -0.655664 0.553617
		-0.490324 -0.604734 0.627599
		-0.409020 -0.469417 0.782528
		-0.308299 -0.396946 0.864514
		-0.433712 -0.787316 0.438209
		-0.446415 -0.889950 -0.093290
		-0.446683 -0.850955 -0.276316
		-0.460208 -0.816091 -0.349578
		-0.471486 -0.776393 -0.418227
		-0.483949 -0.724678 -0.490546
		-0.508877 -0.663177 -0.548854
		-0.556877 -0.601106 -0.573200
		-0.627354 -0.547757 -0.553525
		-0.707774 -0.509977 -0.488855
		-0.784765 -0.500343 -0.365789
		-0.825172 -0.545463 -0.146838
		-0.679167 -0.698891 -0.224240
		-0.419986 -0.545821 -0.725046
		-0.275997 -0.226669 -0.934049
		-0.299813 -0.226840 -0.926637
		-0.320686 -0.295204 -0.900008
		-0.331370 -0.371481 -0.867292
		-0.339867 -0.443155 -0.829520
		-0.350014 -0.506171 -0.788214
		-0.363659 -0.560140 -0.744308
		-0.387468 -0.610986 -0.690336
		-0.448304 -0.679625 -0.580632
		-0.588945 -0.771759 -0.239857
		-0.632632 -0.652560 0.417064
		-0.616335 -0.659743 0.429967
		-0.623336 -0.772081 0.123865
		-0.612617 -0.789997 0.024592
		-0.609382 -0.792872 0.002854
		-0.608812 -0.793314 -0.000138
		-0.555570 -0.831468 -0.001670
		-0.555625 -0.831418 -0.004902
		-0.555444 -0.831542 -0.004430
		-0.549192 -0.835305 0.025584
		-0.492460 -0.855189 0.161665
		-0.227057 -0.852144 0.471482
		-0.126144 -0.898092 0.421329
		-0.554388 -0.811315 -0.185532
		-0.658471 -0.743957 -0.113770
		-0.572777 -0.772489 0.274204
		-0.503424 -0.739937 0.446159
		-0.482506 -0.721634 0.496420
		-0.480361 -0.718912 0.502413
		-0.477875 -0.712839 0.513319
		-0.472549 -0.695958 0.540684
		-0.454486 -0.647737 0.611457
		-0.383445 -0.507924 0.771351
		-0.273449 -0.403975 0.872943
		-0.371418 -0.802534 0.466893
		-0.385487 -0.920441 -0.064719
		-0.389097 -0.884177 -0.258523
		-0.404615 -0.849440 -0.338731
		-0.419455 -0.810237 -0.409357
		-0.437775 -0.760565 -0.479473
		-0.470163 -0.703649 -0.532751
		-0.524931 -0.648344 -0.551451
		-0.598883 -0.602137 -0.527987
		-0.679307 -0.570280 -0.461869
		-0.752937 -0.564590 -0.338118
		-0.783634 -0.608723 -0.123993
		-0.618267 -0.743806 -0.253964
		-0.371573 -0.554119 -0.744906
		-0.257533 -0.237210 -0.936701
		-0.289004 -0.252677 -0.923380
		-0.307616 -0.325871 -0.893969
		-0.313674 -0.403160 -0.859692
		-0.317147 -0.474933 -0.820887
		-0.322870 -0.538403 -0.778381
		-0.333206 -0.593849 -0.732337
		-0.354702 -0.647699 -0.674294
		-0.411832 -0.721049 -0.557209
		-0.541281 -0.814711 -0.207992
		-0.581279 -0.683081 0.442171
		-0.570734 -0.705732 0.419768
		-0.568973 -0.814873 0.110690
		-0.558141 -0.829477 0.021118
		-0.555722 -0.831355 0.004633
		-0.555553 -0.831477 0.002700
		-0.499980 -0.865988 -0.009272
		-0.500565 -0.865503 -0.018426
		-0.500297 -0.865615 -0.020356
		-0.498755 -0.866623 -0.014400
		-0.465773 -0.881722 0.074975
		-0.238389 -0.889927 0.388846
		-0.067156 -0.895709 0.439541
		-0.502115 -0.848817 -0.165499
		-0.617492 -0.761823 -0.195778
		-0.548018 -0.816611 0.181172
		-0.469883 -0.786440 0.400902
		-0.439273 -0.758505 0.481362
		-0.433012 -0.750001 0.499999
		-0.431706 -0.746450 0.506401
		-0.427968 -0.732207 0.529827
		-0.414620 -0.687577 0.596094
		-0.354908 -0.545937 0.758942
		-0.239672 -0.409327 0.880346
		-0.308500 -0.812236 0.495076
		-0.322054 -0.946049 -0.035672
		-0.329101 -0.913459 -0.239343
		-0.346956 -0.879398 -0.326006
		-0.365521 -0.841282 -0.398294
		-0.389565 -0.794349 -0.466100
		-0.428738 -0.742598 -0.514521
		-0.489117 -0.694186 -0.528082
		-0.565546 -0.654736 -0.501477
		-0.645478 -0.628316 -0.434253
		-0.715536 -0.625979 -0.310096
		-0.736947 -0.668206 -0.102029
		-0.554225 -0.782372 -0.284128
		-0.323258 -0.557352 -0.764763
		-0.240344 -0.249560 -0.938059
		-0.277114 -0.280216 -0.919068
		-0.292700 -0.357679 -0.886788
		-0.293959 -0.435417 -0.850882
		-0.292373 -0.506737 -0.811009
		-0.293556 -0.570157 -0.767298
		-0.300314 -0.626611 -0.719146
		-0.318944 -0.682993 -0.657111
		-0.371642 -0.760225 -0.532860
		-0.490001 -0.853790 -0.175906
		-0.528489 -0.709389 0.466333
		-0.521901 -0.749032 0.408131
		-0.511803 -0.853342 0.099318
		-0.501452 -0.864944 0.020450
		-0.499974 -0.865982 0.010086
		-0.499757 -0.866161 0.002766
		-0.442176 -0.896639 -0.022774
		-0.443832 -0.895221 -0.039914
		-0.444492 -0.894605 -0.045916
		-0.442071 -0.896046 -0.040915
		-0.427162 -0.904174 0.001291
		-0.246700 -0.925216 0.288297
		-0.013525 -0.891633 0.452557
		-0.447483 -0.883312 -0.139712
		-0.574058 -0.776314 -0.260374
		-0.518019 -0.851693 0.079221
		-0.435155 -0.832476 0.342964
		-0.395668 -0.796117 0.457869
		-0.383811 -0.778291 0.496944
		-0.382489 -0.775158 0.502825
		-0.380162 -0.764027 0.521287
		-0.371034 -0.723746 0.581830
		-0.323230 -0.583079 0.745347
		-0.207042 -0.413313 0.886739
		-0.245487 -0.816411 0.522695
		-0.256534 -0.966516 -0.006143
		-0.266930 -0.938537 -0.218852
		-0.287354 -0.905762 -0.311484
		-0.309745 -0.869323 -0.385144
		-0.339224 -0.825793 -0.450547
		-0.384488 -0.779629 -0.494315
		-0.449428 -0.738077 -0.503246
		-0.527483 -0.704969 -0.474110
		-0.606532 -0.683523 -0.406097
		-0.672867 -0.683983 -0.281812
		-0.685525 -0.723521 -0.081076
		-0.487858 -0.814468 -0.314063
		-0.275736 -0.555869 -0.784206
		-0.223818 -0.263771 -0.938259
		-0.263657 -0.309234 -0.913706
		-0.275541 -0.390350 -0.878467
		-0.271884 -0.467992 -0.840871
		-0.265287 -0.538322 -0.799895
		-0.261882 -0.601186 -0.754979
		-0.264856 -0.658167 -0.704747
		-0.280207 -0.716538 -0.638794
		-0.327848 -0.796755 -0.507638
		-0.435440 -0.888687 -0.143623
		-0.474597 -0.731491 0.489570
		-0.469920 -0.789287 0.395223
		-0.452241 -0.887349 0.089945
		-0.442866 -0.896302 0.022661
		-0.442034 -0.896869 0.015208
		-0.441545 -0.897238 -0.001753
		-0.382347 -0.923066 -0.041959
		-0.385590 -0.920088 -0.068977
		-0.388392 -0.917852 -0.081848
		-0.385232 -0.919871 -0.073708
		-0.378197 -0.923993 -0.056597
		-0.246499 -0.952840 0.177016
		0.033925 -0.888225 0.458154
		-0.390239 -0.914109 -0.110081
		-0.529845 -0.790658 -0.306797
		-0.482423 -0.875593 -0.024602
		-0.398202 -0.875949 0.272303
		-0.351043 -0.834209 0.425281
		-0.334092 -0.806559 0.487693
		-0.330778 -0.798550 0.502895
		-0.329635 -0.791102 0.515265
		-0.324109 -0.755789 0.568978
		-0.288243 -0.618729 0.730815
		-0.175538 -0.416288 0.892127
		-0.182884 -0.815089 0.549712
		-0.189316 -0.981629 0.023740
		-0.202814 -0.959171 -0.197123
		-0.225965 -0.928317 -0.295240
		-0.252163 -0.894155 -0.370001
		-0.286756 -0.854593 -0.432946
		-0.337313 -0.814351 -0.472285
		-0.405866 -0.779492 -0.477143
		-0.484865 -0.752314 -0.446015
		-0.562752 -0.735431 -0.377427
		-0.625266 -0.738148 -0.253338
		-0.629779 -0.774354 -0.061264
		-0.419983 -0.840122 -0.343233
		-0.229638 -0.550174 -0.802854
		-0.207413 -0.279817 -0.937381
		-0.248151 -0.339452 -0.907300
		-0.255806 -0.423567 -0.868996
		-0.247201 -0.500560 -0.829658
		-0.235672 -0.569402 -0.787553
		-0.227720 -0.631212 -0.741428
		-0.226773 -0.688209 -0.689161
		-0.238486 -0.747990 -0.619383
		-0.280647 -0.830262 -0.481562
		-0.377980 -0.919116 -0.111157
		-0.420009 -0.749460 0.511763
		-0.414917 -0.826097 0.381323
		-0.390675 -0.916810 0.082656
		-0.382690 -0.923458 0.027822
		-0.381836 -0.924080 0.016648
		-0.381124 -0.924462 -0.010708
		-0.320725 -0.944829 -0.066585
		-0.326092 -0.939471 -0.105157
		-0.332213 -0.934565 -0.127372
		-0.330663 -0.936123 -0.119729
		-0.319920 -0.942457 -0.097086
		-0.234214 -0.970000 0.065144
		0.074972 -0.888053 0.453586
		-0.330634 -0.940496 -0.078407
		-0.485500 -0.807103 -0.335968
		-0.442208 -0.888493 -0.122605
		-0.358153 -0.914087 0.190188
		-0.304725 -0.872041 0.382998
		-0.283391 -0.834814 0.471990
		-0.277525 -0.817862 0.504066
		-0.276930 -0.813137 0.511975
		-0.274305 -0.783372 0.557749
		-0.249919 -0.652389 0.715493
		-0.145086 -0.418590 0.896511
		-0.121168 -0.808387 0.576046
		-0.120889 -0.991201 0.053905
		-0.137062 -0.975121 -0.174219
		-0.162980 -0.946840 -0.277364
		-0.192871 -0.915543 -0.352962
		-0.232172 -0.880442 -0.413422
		-0.287273 -0.846304 -0.448602
		-0.358580 -0.817932 -0.449897
		-0.437963 -0.796287 -0.417272
		-0.514428 -0.783605 -0.348320
		-0.573132 -0.788026 -0.224799
		-0.570141 -0.820435 -0.042719
		-0.351447 -0.859572 -0.370972
		-0.185514 -0.541013 -0.820298
		-0.190572 -0.297562 -0.935489
		-0.230219 -0.370540 -0.899833
		-0.233167 -0.456954 -0.858386
		-0.219681 -0.532768 -0.817250
		-0.203366 -0.599648 -0.773992
		-0.190965 -0.659913 -0.726668
		-0.186035 -0.716431 -0.672397
		-0.193859 -0.777019 -0.598882
		-0.230269 -0.860375 -0.454676
		-0.318080 -0.944801 -0.078591
		-0.365094 -0.763320 0.532963
		-0.357101 -0.859162 0.366497
		-0.327497 -0.941660 0.077599
		-0.321227 -0.946318 0.035982
		-0.319618 -0.947435 0.014521
		-0.318713 -0.947548 -0.023969
		-0.257615 -0.961433 -0.096336
		-0.265695 -0.952664 -0.147775
		-0.276324 -0.943799 -0.181349
		-0.278629 -0.943848 -0.177530
		-0.260589 -0.955646 -0.137235
		-0.208720 -0.977260 -0.037399
		0.109844 -0.893373 0.435683
		-0.268925 -0.962067 -0.045902
		-0.440592 -0.826763 -0.349773
		-0.398977 -0.892978 -0.208343
		-0.314646 -0.943947 0.099811
		-0.256103 -0.908337 0.330658
		-0.231221 -0.862855 0.449465
		-0.223583 -0.836346 0.500535
		-0.222621 -0.829879 0.511607
		-0.222119 -0.806174 0.548404
		-0.208297 -0.683400 0.699697
		-0.115593 -0.420535 0.899882
		-0.060910 -0.796378 0.601725
		-0.051744 -0.995096 0.084306
		-0.070031 -0.986167 -0.150233
		-0.098633 -0.961114 -0.257936
		-0.132041 -0.933230 -0.334137
		-0.175547 -0.903020 -0.392095
		-0.234473 -0.875072 -0.423404
		-0.307782 -0.852898 -0.421705
		-0.387077 -0.836440 -0.387994
		-0.461964 -0.827623 -0.318792
		-0.516874 -0.833259 -0.196265
		-0.507101 -0.861507 -0.025580
		-0.282905 -0.873160 -0.396934
		-0.143731 -0.529012 -0.836354
		-0.172770 -0.316818 -0.932618
		-0.209567 -0.402095 -0.891292
		-0.207458 -0.490100 -0.846619
		-0.189145 -0.564237 -0.803654
		-0.168274 -0.628701 -0.759222
		-0.151576 -0.686968 -0.710703
		-0.142657 -0.742500 -0.654479
		-0.146418 -0.803263 -0.577348
		-0.176949 -0.886744 -0.427053
		-0.256151 -0.965545 -0.045920
		-0.310141 -0.773264 0.553061
		-0.296732 -0.888076 0.351100
		-0.263080 -0.961868 0.074831
		-0.258297 -0.965093 0.043347
		-0.255613 -0.966738 0.008920
		-0.254564 -0.966170 -0.041380
		-0.193416 -0.972367 -0.130740
		-0.204921 -0.958981 -0.195864
		-0.221305 -0.944668 -0.242131
		-0.229579 -0.941943 -0.245024
		-0.207721 -0.959120 -0.192198
		-0.170884 -0.977468 -0.123915
		0.139484 -0.905424 0.400938
		-0.205533 -0.978561 -0.013209
		-0.394111 -0.849603 -0.350501
		-0.354374 -0.892880 -0.277821
		-0.267980 -0.963405 0.006140
		-0.204750 -0.941281 0.268453
		-0.177103 -0.890203 0.419729
		-0.168632 -0.854089 0.492032
		-0.167304 -0.841082 0.514383
		-0.168078 -0.823970 0.541132
		-0.163570 -0.711224 0.683670
		-0.086862 -0.422417 0.902230
		-0.002518 -0.779296 0.626650
		0.017619 -0.993228 0.114838
		-0.002046 -0.992127 -0.125216
		-0.033146 -0.970935 -0.237038
		-0.069835 -0.946973 -0.313634
		-0.117069 -0.921982 -0.369113
		-0.179057 -0.900245 -0.396860
		-0.253674 -0.883999 -0.392678
		-0.332586 -0.872387 -0.358227
		-0.405744 -0.867122 -0.288914
		-0.456916 -0.873528 -0.167859
		-0.441123 -0.897392 -0.009962
		-0.215031 -0.881376 -0.420639
		-0.104534 -0.514993 -0.850796
		-0.153585 -0.337304 -0.928783
		-0.185894 -0.433707 -0.881670
		-0.178494 -0.522578 -0.833698
		-0.155530 -0.594548 -0.788875
		-0.130330 -0.656180 -0.743265
		-0.109553 -0.712018 -0.693562
		-0.096721 -0.766086 -0.635419
		-0.096357 -0.826399 -0.554779
		-0.120989 -0.909053 -0.398729
		-0.192652 -0.981178 -0.013204
		-0.255446 -0.779410 0.572073
		-0.234106 -0.912536 0.335369
		-0.197787 -0.977415 0.074436
		-0.193877 -0.979868 0.047660
		-0.190073 -0.981770 -0.000074
		-0.188978 -0.979974 -0.062760
		-0.128646 -0.977163 -0.169123
		-0.144451 -0.957920 -0.248040
		-0.167892 -0.936673 -0.307339
		-0.184135 -0.929631 -0.319188
		-0.161630 -0.952143 -0.259420
		-0.122161 -0.973900 -0.191300
		0.165230 -0.923606 0.345905
		-0.140973 -0.989821 0.019518
		-0.345018 -0.874609 -0.340619
		-0.309303 -0.891936 -0.329820
		-0.219047 -0.972010 -0.084935
		-0.150632 -0.968645 0.197578
		-0.120649 -0.916067 0.382446
		-0.112316 -0.870940 0.478381
		-0.111513 -0.848398 0.517479
		-0.112746 -0.836591 0.536101
		-0.115993 -0.735287 0.667756
		-0.058626 -0.424487 0.903534
		0.053499 -0.757322 0.650847
		0.086662 -0.985565 0.145436
		0.066463 -0.992836 -0.099297
		0.033160 -0.976105 -0.214752
		-0.006460 -0.956539 -0.291531
		-0.056907 -0.937024 -0.344599
		-0.121325 -0.921416 -0.369152
		-0.196644 -0.910814 -0.362972
		-0.274875 -0.903792 -0.328029
		-0.346194 -0.901778 -0.258741
		-0.393797 -0.908527 -0.139650
		-0.372601 -0.927983 0.004049
		-0.148269 -0.884757 -0.441838
		-0.067965 -0.499729 -0.863511
		-0.132576 -0.358701 -0.923990
		-0.159034 -0.464934 -0.870945
		-0.146196 -0.553925 -0.819630
		-0.118784 -0.623277 -0.772927
		-0.089567 -0.681699 -0.726129
		-0.064926 -0.734719 -0.675257
		-0.048327 -0.786845 -0.615255
		-0.043859 -0.846093 -0.531227
		-0.062765 -0.927012 -0.369742
		-0.128071 -0.991573 0.019521
		-0.201289 -0.781934 0.589967
		-0.169605 -0.932257 0.319579
		-0.131974 -0.988300 0.076460
		-0.128221 -0.990534 0.048999
		-0.123268 -0.992296 -0.012361
		-0.122320 -0.988597 -0.087834
		-0.063936 -0.975474 -0.210625
		-0.085095 -0.949307 -0.302615
		-0.116925 -0.919985 -0.374107
		-0.142922 -0.907065 -0.395989
		-0.122818 -0.933992 -0.335523
		-0.063501 -0.969030 -0.238640
		0.188477 -0.944706 0.268341
		-0.075786 -0.995761 0.052127
		-0.292437 -0.900214 -0.322637
		-0.263800 -0.892862 -0.364977
		-0.169098 -0.971214 -0.167778
		-0.094129 -0.988260 0.120340
		-0.061637 -0.939320 0.337458
		-0.054287 -0.886609 0.459323
		-0.055197 -0.854456 0.516583
		-0.056694 -0.843904 0.533491
		-0.065948 -0.755125 0.652255
		-0.030664 -0.426959 0.903751
		0.106676 -0.730736 0.674273
		0.154919 -0.972117 0.176036
		0.135076 -0.988176 -0.072539
		0.099971 -0.976448 -0.191192
		0.057800 -0.961692 -0.267969
		0.004707 -0.947851 -0.318679
		-0.061515 -0.938262 -0.340412
		-0.137138 -0.933010 -0.332695
		-0.214442 -0.930346 -0.297442
		-0.283828 -0.931301 -0.228298
		-0.327980 -0.938046 -0.111799
		-0.302005 -0.953167 0.016320
		-0.082942 -0.883850 -0.460358
		-0.033975 -0.483818 -0.874509
		-0.109433 -0.380631 -0.918229
		-0.128877 -0.495284 -0.859118
		-0.110554 -0.583685 -0.804419
		-0.078922 -0.649994 -0.755830
		-0.046006 -0.704873 -0.707840
		-0.017812 -0.754712 -0.655814
		0.002360 -0.804459 -0.594003
		0.010833 -0.862047 -0.506713
		-0.002656 -0.940355 -0.340184
		-0.062876 -0.996655 0.052209
		-0.147907 -0.781059 0.606689
		-0.103637 -0.947003 0.304049
		-0.065989 -0.994530 0.080967
		-0.061588 -0.996973 0.047451
		-0.055515 -0.998070 -0.027815
		-0.055038 -0.991694 -0.116250
		-0.000000 -0.967154 -0.254191
		-0.027675 -0.933456 -0.357624
		-0.069123 -0.895674 -0.439306
		-0.106383 -0.875702 -0.470988
		-0.091684 -0.904733 -0.415996
		-0.004810 -0.959442 -0.281865
		0.210343 -0.962894 0.169089
		-0.010403 -0.996395 0.084198
		-0.236051 -0.924609 -0.298962
		-0.217310 -0.896990 -0.384949
		-0.119088 -0.963818 -0.238482
		-0.036087 -0.998540 0.040186
		-0.000090 -0.958491 0.285124
		0.005730 -0.900596 0.434619
		0.001919 -0.859214 0.511613
		-0.000526 -0.845832 0.533448
		-0.013894 -0.770333 0.637491
		-0.002635 -0.429978 0.902835
		0.156676 -0.699950 0.696795
		0.221864 -0.952951 0.206546
		0.203378 -0.978063 -0.045048
		0.166901 -0.971825 -0.166435
		0.122605 -0.962238 -0.243036
		0.067411 -0.954189 -0.291513
		-0.000000 -0.950481 -0.310783
		-0.075528 -0.950336 -0.301922
		-0.151709 -0.951816 -0.266515
		-0.219039 -0.955474 -0.197713
		-0.259930 -0.961931 -0.084415
		-0.229771 -0.972877 0.026760
		-0.019279 -0.879216 -0.476032
		-0.002362 -0.467836 -0.883812
		-0.083906 -0.402691 -0.911482
		-0.095388 -0.524303 -0.846172
		-0.071614 -0.611404 -0.788072
		-0.036082 -0.674283 -0.737591
		0.000200 -0.725308 -0.688425
		0.031635 -0.771642 -0.635270
		0.055141 -0.818605 -0.571704
		0.067393 -0.873951 -0.481318
		0.058925 -0.948879 -0.310091
		0.002433 -0.996392 0.084838
		-0.095463 -0.776977 0.622249
		-0.036633 -0.956626 0.289005
		-0.000182 -0.996118 0.088026
		0.005759 -0.999056 0.043052
		0.012826 -0.998847 -0.046256
		0.012342 -0.988987 -0.147485
		0.062421 -0.952339 -0.298587
		0.027067 -0.911197 -0.411081
		-0.024998 -0.865618 -0.500081
		-0.074536 -0.838325 -0.540052
		-0.068120 -0.865943 -0.495483
		0.042553 -0.940241 -0.337841
		0.231692 -0.971307 0.053674
		0.054735 -0.991887 0.114738
		-0.176126 -0.946138 -0.271665
		-0.168843 -0.904410 -0.391836
		-0.069488 -0.952986 -0.294938
		0.022321 -0.998997 -0.038821
		0.063590 -0.971991 0.226250
		0.067907 -0.912198 0.404083
		0.060092 -0.862500 0.502476
		0.055144 -0.842323 0.536144
		0.039663 -0.780611 0.623757
		0.025838 -0.433618 0.900726
		0.203074 -0.665266 0.718458
		0.286946 -0.928192 0.236901
		0.270834 -0.962478 -0.016882
		0.233537 -0.962132 -0.140578
		0.187620 -0.958001 -0.216871
		0.130862 -0.955813 -0.263242
		0.062798 -0.957820 -0.280423
		-0.012271 -0.962570 -0.270754
		-0.087158 -0.968006 -0.235302
		-0.152360 -0.974107 -0.167039
		-0.190243 -0.980047 -0.057583
		-0.156284 -0.987082 0.035275
		0.042653 -0.871307 -0.488881
		0.027196 -0.452251 -0.891476
		-0.055777 -0.424447 -0.903733
		-0.058569 -0.551496 -0.832119
		-0.029483 -0.636616 -0.770617
		0.009615 -0.695719 -0.718249
		0.048860 -0.742644 -0.667902
		0.083198 -0.785188 -0.613643
		0.109743 -0.828980 -0.548405
		0.125535 -0.881566 -0.455062
		0.121559 -0.952421 -0.279496
		0.067368 -0.990798 0.117394
		-0.044109 -0.769916 0.636619
		0.030934 -0.961006 0.274792
		0.065093 -0.993086 0.097686
		0.073540 -0.996647 0.035878
		0.081341 -0.994401 -0.067453
		0.079222 -0.980301 -0.180923
		0.122631 -0.931461 -0.342552
		0.078635 -0.883785 -0.461239
		0.015389 -0.832172 -0.554305
		-0.046837 -0.798473 -0.600206
		-0.051259 -0.820891 -0.568779
		0.078410 -0.911774 -0.403137
		0.253159 -0.965043 -0.067844
		0.119280 -0.982624 0.142204
		-0.113154 -0.963579 -0.242303
		-0.117606 -0.914201 -0.387822
		-0.020188 -0.941368 -0.336777
		0.080015 -0.990407 -0.112656
		0.128651 -0.978298 0.162424
		0.132231 -0.920515 0.367650
		0.119559 -0.864046 0.489009
		0.109829 -0.833807 0.541020
		0.094166 -0.785736 0.611353
		0.055116 -0.437874 0.897345
		0.245611 -0.627128 0.739179
		0.349666 -0.898002 0.267067
		0.337015 -0.941425 0.011843
		0.299511 -0.947288 -0.113744
		0.252492 -0.948845 -0.189580
		0.194682 -0.952544 -0.234006
		0.126419 -0.960100 -0.249453
		0.052142 -0.969561 -0.239235
		-0.021288 -0.978776 -0.203825
		-0.084321 -0.987064 -0.136364
		-0.119431 -0.992343 -0.031479
		-0.081982 -0.995758 0.041768
		0.102843 -0.860547 -0.498881
		0.055051 -0.437370 -0.897595
		-0.024935 -0.445444 -0.894963
		-0.018547 -0.576403 -0.816955
		0.015680 -0.658898 -0.752069
		0.057960 -0.713915 -0.697830
		0.099780 -0.756518 -0.646316
		0.136624 -0.795033 -0.590980
		0.165895 -0.835330 -0.524121
		0.184864 -0.884666 -0.428009
		0.184808 -0.950837 -0.248504
		0.131445 -0.979932 0.149854
		0.006032 -0.760096 0.649783
		0.098603 -0.960132 0.261581
		0.130055 -0.985740 0.106779
		0.141442 -0.989605 0.026019
		0.149559 -0.984548 -0.091088
		0.144963 -0.965606 -0.215850
		0.180065 -0.905260 -0.384812
		0.126813 -0.852765 -0.506666
		0.052434 -0.797719 -0.600745
		-0.022248 -0.759582 -0.650031
		-0.039508 -0.773833 -0.632156
		0.102597 -0.874623 -0.473823
		0.275486 -0.943599 -0.183655
		0.182964 -0.969236 0.164639
		-0.047908 -0.976111 -0.211925
		-0.063041 -0.924844 -0.375086
		0.029365 -0.930650 -0.364730
		0.136244 -0.974532 -0.178113
		0.194031 -0.976302 0.095843
		0.198445 -0.924464 0.325553
		0.180497 -0.863447 0.471042
		0.164324 -0.823351 0.543222
		0.149021 -0.785580 0.600547
		0.085573 -0.442613 0.892620
		0.283976 -0.585974 0.758942
		0.409553 -0.862598 0.296969
		0.401435 -0.914968 0.041021
		0.364347 -0.927282 -0.086022
		0.316726 -0.934703 -0.161290
		0.258442 -0.944258 -0.203922
		0.190385 -0.957200 -0.217993
		0.117203 -0.971199 -0.207451
		0.045410 -0.984025 -0.172140
		-0.015412 -0.994271 -0.105767
		-0.047939 -0.998831 -0.006172
		-0.007286 -0.998908 0.046152
		0.161355 -0.847294 -0.506021
		0.081623 -0.423408 -0.902255
		0.008677 -0.465212 -0.885157
		0.024566 -0.598575 -0.800690
		0.063604 -0.677839 -0.732454
		0.108682 -0.728492 -0.676378
		0.152681 -0.766609 -0.623698
		0.191619 -0.800904 -0.567306
		0.223219 -0.837406 -0.498924
		0.244982 -0.883075 -0.400203
		0.248184 -0.944073 -0.217096
		0.194186 -0.963910 0.182124
		0.054890 -0.747742 0.661716
		0.165902 -0.954010 0.249682
		0.194818 -0.974287 0.113185
		0.209130 -0.977794 0.013569
		0.216960 -0.969168 -0.116797
		0.208929 -0.945049 -0.251457
		0.234361 -0.874648 -0.424343
		0.171690 -0.819697 -0.546460
		0.086849 -0.764316 -0.638966
		0.000569 -0.724335 -0.689448
		-0.030717 -0.729099 -0.683719
		0.115489 -0.830186 -0.545393
		0.299566 -0.910573 -0.284811
		0.245559 -0.952481 0.180223
		0.018957 -0.983284 -0.181088
		-0.004877 -0.934561 -0.355769
		0.079869 -0.921506 -0.380062
		0.190693 -0.953582 -0.233062
		0.258516 -0.965565 0.029206
		0.266000 -0.922935 0.278271
		0.242964 -0.860154 0.448445
		0.219032 -0.811441 0.541838
		0.203643 -0.780128 0.591549
		0.117542 -0.447659 0.886445
		0.317929 -0.542274 0.777727
		0.466127 -0.822248 0.326549
		0.463558 -0.883250 0.070586
		0.427591 -0.902141 -0.057512
		0.379918 -0.915534 -0.132138
		0.321663 -0.930887 -0.173156
		0.254294 -0.949046 -0.186134
		0.182461 -0.967435 -0.175436
		0.112420 -0.983706 -0.140300
		0.053834 -0.995700 -0.075389
		0.023718 -0.999553 0.018202
		0.067446 -0.996550 0.048361
		0.218303 -0.831781 -0.510376
		0.107296 -0.410415 -0.905564
		0.045030 -0.483310 -0.874290
		0.070543 -0.617566 -0.783349
		0.114013 -0.693046 -0.711821
		0.161498 -0.739134 -0.653911
		0.207216 -0.772623 -0.600096
		0.247847 -0.802524 -0.542704
		0.281382 -0.835010 -0.472846
		0.305494 -0.876658 -0.371679
		0.311219 -0.932081 -0.185383
		0.255118 -0.942888 0.214191
		0.102410 -0.733060 0.672410
		0.232400 -0.942748 0.239199
		0.259134 -0.958730 0.116991
		0.276221 -0.961093 -0.001324
		0.282992 -0.948235 -0.144104
		0.270545 -0.918971 -0.286877
		0.285359 -0.840649 -0.460304
		0.213691 -0.785932 -0.580213
		0.119566 -0.733368 -0.669235
		0.023031 -0.694319 -0.719299
		-0.022642 -0.689881 -0.723569
		0.118511 -0.781044 -0.613127
		0.326490 -0.871153 -0.366738
		0.307304 -0.933007 0.187248
		0.086900 -0.984854 -0.150033
		0.056379 -0.941674 -0.331771
		0.132035 -0.913705 -0.384332
		0.243458 -0.929643 -0.276570
		0.321015 -0.946436 -0.034750
		0.334063 -0.914868 0.226757
		0.306882 -0.853511 0.421120
		0.274165 -0.797914 0.536812
		0.257433 -0.769423 0.584566
		0.151295 -0.452675 0.878746
		0.347339 -0.496541 0.795489
		0.518958 -0.777231 0.355802
		0.522974 -0.846412 0.100420
		0.488808 -0.871931 -0.028344
		0.441666 -0.891337 -0.102226
		0.383893 -0.912420 -0.141831
		0.317597 -0.935637 -0.154001
		0.247373 -0.958277 -0.143220
		0.179263 -0.977817 -0.108345
		0.122943 -0.991379 -0.045305
		0.095029 -0.994608 0.041538
		0.141841 -0.988708 0.048355
		0.273813 -0.814211 -0.511945
		0.132454 -0.398379 -0.907607
		0.084048 -0.499287 -0.862351
		0.119039 -0.633010 -0.764936
		0.166579 -0.704203 -0.690180
		0.216017 -0.745528 -0.630496
		0.263033 -0.774302 -0.575561
		0.304936 -0.799718 -0.517170
		0.339987 -0.827974 -0.445946
		0.365937 -0.865317 -0.342515
		0.373406 -0.914897 -0.153401
		0.313835 -0.917068 0.245953
		0.148619 -0.716239 0.681846
		0.297644 -0.926462 0.230384
		0.322759 -0.939065 0.118251
		0.342298 -0.939410 -0.018479
		0.347094 -0.921838 -0.172452
		0.329299 -0.887882 -0.321290
		0.333143 -0.804280 -0.492087
		0.253398 -0.752524 -0.607863
		0.151605 -0.705606 -0.692197
		0.046480 -0.670080 -0.740833
		-0.013286 -0.657957 -0.752938
		0.114011 -0.730517 -0.673310
		0.357196 -0.829745 -0.428875
		0.368392 -0.911206 0.184364
		0.155255 -0.980659 -0.119180
		0.120143 -0.944830 -0.304732
		0.186349 -0.906388 -0.379123
		0.295118 -0.904257 -0.308584
		0.380779 -0.919922 -0.093549
		0.401572 -0.899463 0.172357
		0.371982 -0.842760 0.389082
		0.329902 -0.782510 0.528056
		0.309797 -0.753572 0.579788
		0.187090 -0.457262 0.869430
		0.372095 -0.449335 0.812184
		0.567648 -0.727920 0.384589
		0.579205 -0.804674 0.130463
		0.547524 -0.836789 0.001391
		0.501470 -0.862200 -0.071683
		0.444697 -0.888895 -0.110042
		0.379840 -0.917021 -0.121634
		0.311415 -0.943785 -0.110863
		0.245426 -0.966402 -0.076379
		0.191360 -0.981395 -0.015631
		0.165599 -0.984133 0.063712
		0.215483 -0.975420 0.046081
		0.328019 -0.794694 -0.510750
		0.157483 -0.387145 -0.908470
		0.125595 -0.512688 -0.849339
		0.169806 -0.644524 -0.745489
		0.220908 -0.711010 -0.667581
		0.271848 -0.747446 -0.606154
		0.319733 -0.771448 -0.550126
		0.362471 -0.792294 -0.490801
		0.398584 -0.816194 -0.418280
		0.425888 -0.848993 -0.312778
		0.434275 -0.892593 -0.121175
		0.369860 -0.886674 0.277511
		0.193521 -0.697452 0.690007
		0.361249 -0.905329 0.223337
		0.385441 -0.915285 0.116998
		0.406909 -0.912693 -0.037645
		0.408717 -0.890184 -0.201304
		0.384839 -0.852419 -0.353950
		0.377958 -0.766407 -0.519392
		0.291480 -0.720121 -0.629655
		0.183858 -0.681190 -0.708644
		0.071963 -0.651338 -0.755368
		-0.001009 -0.633748 -0.773539
		0.105173 -0.682188 -0.723573
		0.392452 -0.789010 -0.472700
		0.428738 -0.887184 0.170553
		0.223711 -0.970594 -0.088882
		0.185646 -0.943100 -0.275857
		0.242882 -0.898332 -0.366070
		0.346192 -0.878359 -0.329600
		0.437368 -0.887476 -0.145246
		0.467363 -0.876317 0.116795
		0.437747 -0.827081 0.352583
		0.386362 -0.764889 0.515431
		0.360143 -0.732743 0.577395
		0.225048 -0.460878 0.858455
		0.392226 -0.401156 0.827788
		0.611771 -0.674735 0.412880
		0.631759 -0.758343 0.160613
		0.603269 -0.796912 0.031587
		0.558886 -0.828248 -0.040635
		0.503588 -0.860421 -0.077938
		0.440547 -0.893297 -0.089104
		0.374193 -0.924033 -0.078377
		0.310405 -0.949565 -0.044451
		0.258616 -0.965886 0.013512
		0.235013 -0.968302 0.084621
		0.287949 -0.956745 0.041523
		0.381050 -0.773287 -0.506783
		0.182719 -0.376525 -0.908208
		0.169444 -0.523130 -0.835239
		0.222451 -0.651789 -0.725043
		0.276600 -0.713202 -0.644077
		0.328590 -0.744656 -0.580961
		0.376891 -0.763887 -0.523860
		0.420031 -0.780151 -0.463615
		0.456750 -0.799607 -0.389883
		0.484860 -0.827709 -0.282503
		0.493400 -0.865257 -0.088805
		0.422832 -0.852004 0.308709
		0.237175 -0.676842 0.696874
		0.422823 -0.879552 0.218193
		0.446908 -0.887375 0.113311
		0.469572 -0.880949 -0.058577
		0.467383 -0.853605 -0.230027
		0.436965 -0.813307 -0.384178
		0.420160 -0.727739 -0.542089
		0.328567 -0.689032 -0.645971
		0.217095 -0.659798 -0.719400
		0.100309 -0.637264 -0.764090
		0.015303 -0.616632 -0.787103
		0.095238 -0.639031 -0.763262
		0.433009 -0.750001 -0.500001
		0.488383 -0.860471 0.145163
		0.291783 -0.954612 -0.059822
		0.251840 -0.935985 -0.245985
		0.301405 -0.888190 -0.346804
		0.397160 -0.852269 -0.340443
		0.490760 -0.850620 -0.188679
		0.530329 -0.845529 0.061894
		0.503435 -0.805715 0.312052
		0.443560 -0.744617 0.498798
		0.407870 -0.707149 0.577566
		0.265123 -0.462956 0.845802
		0.407752 -0.352508 0.842304
		0.650973 -0.618072 0.440706
		0.680256 -0.707708 0.190793
		0.655639 -0.752515 0.062118
		0.613470 -0.789664 -0.009205
		0.560125 -0.827153 -0.045582
		0.499201 -0.864644 -0.056480
		0.435159 -0.899187 -0.045818
		0.373711 -0.927459 -0.012645
		0.324312 -0.945017 0.042002
		0.302879 -0.947319 0.104169
		0.358889 -0.932735 0.034707
		0.433013 -0.750000 -0.500001
		0.208386 -0.366274 -0.906873
		0.215343 -0.530201 -0.820070
		0.276535 -0.654562 -0.703617
		0.333192 -0.710605 -0.619697
		0.385773 -0.737032 -0.554944
		0.434064 -0.751510 -0.496810
		0.477164 -0.763202 -0.435703
		0.514048 -0.778171 -0.360839
		0.542394 -0.801522 -0.251737
		0.550264 -0.833092 -0.056274
		0.472362 -0.813364 0.339577
		0.279651 -0.654513 0.702430
		0.482019 -0.849365 0.215029
		0.506879 -0.855323 0.107216
		0.529784 -0.844270 -0.080850
		0.522686 -0.812536 -0.258040
		0.485627 -0.771246 -0.411517
		0.460183 -0.688713 -0.560273
		0.365251 -0.659226 -0.657277
		0.251930 -0.640787 -0.725205
		0.132000 -0.626734 -0.767972
		0.036397 -0.605339 -0.795135
		0.087128 -0.602742 -0.793165
		0.470864 -0.709542 -0.524249
		0.546768 -0.830302 0.107909
		0.358949 -0.932780 -0.032813
		0.318038 -0.923246 -0.215567
		0.361429 -0.874699 -0.322909
		0.448517 -0.825710 -0.342103
		0.541293 -0.810664 -0.223217
		0.589540 -0.807683 0.009546
		0.568092 -0.778026 0.268229
		0.501386 -0.721178 0.478031
		0.452376 -0.677055 0.580475
		0.307165 -0.462852 0.831515
		0.418747 -0.303953 0.855724
		0.685002 -0.558375 0.467963
		0.724305 -0.653136 0.220895
		0.704217 -0.703879 0.092914
		0.664804 -0.746679 0.022511
		0.613842 -0.789321 -0.013083
		0.555413 -0.831235 -0.023770
		0.493885 -0.869427 -0.013223
		0.434958 -0.900252 0.018904
		0.387970 -0.919032 0.069711
		0.368865 -0.921409 0.122248
		0.427869 -0.903476 0.025680
		0.483568 -0.723261 -0.493007
		0.234694 -0.356084 -0.904502
		0.262944 -0.533610 -0.803816
		0.331651 -0.652589 -0.681274
		0.390240 -0.703061 -0.594490
		0.442930 -0.724465 -0.528169
		0.490791 -0.734253 -0.469037
		0.533441 -0.741437 -0.407077
		0.570011 -0.751940 -0.331171
		0.598041 -0.770512 -0.220588
		0.604457 -0.796286 -0.023678
		0.518111 -0.771130 0.370027
		0.320997 -0.630551 0.706659
		0.538493 -0.815011 0.213967
		0.565046 -0.819125 0.098777
		0.587070 -0.802811 -0.104131
		0.574311 -0.767509 -0.284774
		0.530911 -0.726911 -0.435585
		0.498453 -0.649592 -0.574086
		0.402046 -0.630406 -0.664039
		0.288682 -0.623374 -0.726683
		0.167330 -0.618433 -0.767816
		0.062623 -0.598370 -0.798769
		0.082893 -0.573871 -0.814739
		0.497919 -0.665315 -0.556266
		0.602933 -0.795603 0.059062
		0.424917 -0.905190 -0.008734
		0.383534 -0.904836 -0.184861
		0.422090 -0.856949 -0.295768
		0.500319 -0.798134 -0.335654
		0.589371 -0.768604 -0.248778
		0.644458 -0.763663 -0.038632
		0.630633 -0.743623 0.222094
		0.559564 -0.693988 0.453065
		0.494098 -0.643690 0.584405
		0.350877 -0.459886 0.815714
		0.425403 -0.256035 0.868031
		0.713569 -0.496132 0.494644
		0.763539 -0.595032 0.250889
		0.748607 -0.651344 0.123849
		0.712479 -0.699580 0.054420
		0.664348 -0.747169 0.019500
		0.608740 -0.793319 0.008940
		0.549937 -0.834983 0.019332
		0.493661 -0.868208 0.050137
		0.449235 -0.888181 0.096548
		0.432671 -0.890810 0.138755
		0.494434 -0.869094 0.014498
		0.531985 -0.691713 -0.488390
		0.261821 -0.345598 -0.901117
		0.311905 -0.533041 -0.786500
		0.387319 -0.645762 -0.658009
		0.447253 -0.690474 -0.568516
		0.499583 -0.706922 -0.500678
		0.546608 -0.712119 -0.440575
		0.588391 -0.714866 -0.377840
		0.624179 -0.720977 -0.300986
		0.651339 -0.734855 -0.189063
		0.655580 -0.755073 0.008948
		0.559823 -0.725669 0.400003
		0.361326 -0.604994 0.709525
		0.591953 -0.776766 0.215003
		0.621059 -0.778794 0.088126
		0.640957 -0.756837 -0.127954
		0.622083 -0.719060 -0.309783
		0.572979 -0.680880 -0.456176
		0.535335 -0.610438 -0.583766
		0.439226 -0.602170 -0.666687
		0.327528 -0.606649 -0.724363
		0.206291 -0.611102 -0.764198
		0.093967 -0.594160 -0.798839
		0.084042 -0.551944 -0.829635
		0.514529 -0.618506 -0.593894
		0.655331 -0.755341 -0.000397
		0.489183 -0.872105 0.011572
		0.447760 -0.880769 -0.154133
		0.482481 -0.834358 -0.266567
		0.552426 -0.768772 -0.322202
		0.635443 -0.725032 -0.265596
		0.694797 -0.714596 -0.081297
		0.689931 -0.702429 0.174895
		0.617606 -0.662450 0.423937
		0.535400 -0.609331 0.584862
		0.395809 -0.453516 0.798536
		0.428026 -0.209183 0.879225
		0.736464 -0.431916 0.520642
		0.797667 -0.533813 0.280662
		0.788456 -0.595275 0.154867
		0.756135 -0.648685 0.086421
		0.711278 -0.700979 0.052080
		0.658768 -0.751192 0.041659
		0.602900 -0.796132 0.051814
		0.549431 -0.831614 0.080888
		0.507773 -0.852758 0.122351
		0.494022 -0.855771 0.153616
		0.558160 -0.829732 0.001295
		0.577795 -0.655668 -0.486058
		0.289792 -0.334501 -0.896733
		0.361853 -0.528204 -0.768156
		0.443070 -0.633925 -0.633899
		0.503721 -0.672835 -0.541809
		0.555258 -0.684397 -0.472536
		0.601030 -0.685156 -0.411491
		0.641526 -0.683618 -0.348010
		0.676126 -0.685408 -0.270312
		0.701871 -0.694737 -0.157220
		0.703201 -0.709774 0.041600
		0.597220 -0.677393 0.429496
		0.400689 -0.577844 0.711016
		0.642088 -0.734906 0.218255
		0.674563 -0.734363 0.075343
		0.691037 -0.706677 -0.151905
		0.665933 -0.667757 -0.332616
		0.612105 -0.633561 -0.473210
		0.571138 -0.571138 -0.589578
		0.476983 -0.573976 -0.665612
		0.368453 -0.589698 -0.718679
		0.248698 -0.603491 -0.757593
		0.130309 -0.591055 -0.796036
		0.091282 -0.535870 -0.839352
		0.520998 -0.570238 -0.635130
		0.702121 -0.708761 -0.068441
		0.551311 -0.833850 0.027384
		0.510251 -0.851089 -0.123660
		0.541772 -0.806670 -0.236152
		0.604445 -0.736795 -0.302950
		0.679811 -0.680226 -0.274134
		0.740561 -0.661620 -0.117597
		0.744970 -0.654706 0.127985
		0.674813 -0.625992 0.390847
		0.576596 -0.573825 0.581603
		0.441340 -0.443162 0.780273
		0.426946 -0.163854 0.889308
		0.753539 -0.366191 0.545970
		0.826377 -0.469993 0.310172
		0.823454 -0.536077 0.185860
		0.795448 -0.594337 0.118428
		0.754260 -0.651098 0.084636
		0.705151 -0.705151 0.074321
		0.652435 -0.753161 0.084120
		0.601976 -0.790752 0.111070
		0.563256 -0.813096 0.147031
		0.552657 -0.816562 0.166723
		0.618586 -0.785596 -0.013750
		0.620567 -0.615453 -0.485916
		0.318636 -0.322428 -0.891354
		0.412343 -0.518974 -0.748759
		0.498389 -0.617042 -0.608988
		0.559172 -0.650136 -0.514441
		0.609487 -0.656953 -0.443777
		0.653613 -0.653437 -0.381851
		0.692424 -0.647798 -0.317659
		0.725372 -0.645459 -0.239201
		0.749214 -0.650397 -0.125150
		0.746950 -0.660728 0.074188
		0.630146 -0.626739 0.458382
		0.439165 -0.549071 0.711094
		0.688629 -0.689734 0.223732
		0.725149 -0.685916 0.060644
		0.736966 -0.652762 -0.175448
		0.705855 -0.614147 -0.352977
		0.648509 -0.585293 -0.486691
		0.606063 -0.531497 -0.591776
		0.515365 -0.545240 -0.661144
		0.411265 -0.571650 -0.709984
		0.294219 -0.594439 -0.748383
		0.171223 -0.587683 -0.790766
		0.104876 -0.524256 -0.845078
		0.517981 -0.521713 -0.677872
		0.741558 -0.655641 -0.142221
		0.611055 -0.790671 0.038096
		0.570498 -0.815918 -0.093856
		0.599184 -0.773900 -0.205078
		0.655700 -0.701542 -0.279099
		0.722664 -0.634153 -0.274967
		0.782038 -0.605648 -0.146991
		0.794910 -0.601062 0.082725
		0.730303 -0.584149 0.354157
		0.617838 -0.536843 0.574521
		0.486793 -0.428400 0.761253
		0.422536 -0.120472 0.898304
		0.764666 -0.299539 0.570581
		0.849462 -0.404041 0.339359
		0.853327 -0.474190 0.216740
		0.830093 -0.536967 0.150375
		0.792951 -0.597928 0.117094
		0.747536 -0.655561 0.106906
		0.698162 -0.706451 0.116174
		0.650946 -0.746000 0.140545
		0.615447 -0.769521 0.170479
		0.608377 -0.773431 0.177996
		0.675282 -0.736932 -0.030431
		0.659891 -0.571419 -0.487878
		0.348322 -0.309015 -0.884975
		0.462916 -0.505142 -0.728381
		0.552764 -0.595152 -0.583306
		0.613122 -0.622479 -0.486417
		0.661762 -0.624734 -0.414462
		0.703889 -0.617123 -0.351709
		0.740645 -0.607576 -0.286872
		0.771529 -0.601329 -0.207719
		0.792986 -0.602122 -0.092859
		0.786512 -0.608281 0.106736
		0.658351 -0.574155 0.486745
		0.476753 -0.518565 0.709787
		0.731299 -0.641560 0.231524
		0.772424 -0.633569 0.044166
		0.778477 -0.595554 -0.198217
		0.741945 -0.558687 -0.370657
		0.682436 -0.536269 -0.496686
		0.640199 -0.491245 -0.590613
		0.554271 -0.515380 -0.653580
		0.455665 -0.551665 -0.698595
		0.342265 -0.583048 -0.736824
		0.216130 -0.582851 -0.783309
		0.124715 -0.515474 -0.847781
		0.506468 -0.474191 -0.720161
		0.772230 -0.596719 -0.218147
		0.667992 -0.742912 0.043221
		0.628030 -0.775446 -0.065284
		0.654143 -0.736170 -0.173639
		0.705415 -0.662542 -0.251849
		0.763989 -0.586591 -0.268758
		0.819522 -0.547477 -0.169274
		0.839213 -0.542300 0.040409
		0.783037 -0.536625 0.314463
		0.659179 -0.497993 0.563458
		0.531407 -0.408969 0.741856
		0.415304 -0.079354 0.906215
		0.769794 -0.232556 0.594420
		0.866761 -0.336433 0.368155
		0.877816 -0.410127 0.247457
		0.859809 -0.477000 0.182209
		0.827093 -0.541835 0.149438
		0.785611 -0.602826 0.139344
		0.739815 -0.656361 0.147863
		0.696092 -0.697735 0.169182
		0.664113 -0.722404 0.192579
		0.660996 -0.726626 0.187349
		0.727811 -0.684065 -0.048433
		0.695406 -0.523935 -0.491837
		0.378724 -0.293944 -0.877591
		0.513072 -0.486660 -0.707050
		0.605735 -0.568269 -0.556916
		0.665091 -0.589961 -0.457821
		0.711649 -0.587890 -0.384631
		0.751415 -0.576433 -0.321094
		0.785772 -0.563197 -0.255676
		0.814227 -0.553256 -0.175905
		0.832803 -0.550261 -0.060425
		0.821615 -0.552808 0.139113
		0.681788 -0.520130 0.514422
		0.513461 -0.486274 0.707033
		0.769846 -0.590717 0.241644
		0.815975 -0.577496 0.026134
		0.815415 -0.535545 -0.219750
		0.774343 -0.501780 -0.385499
		0.714121 -0.486521 -0.503317
		0.673555 -0.450055 -0.586323
		0.593455 -0.483875 -0.643177
		0.501191 -0.529087 -0.684745
		0.392274 -0.568489 -0.723147
		0.264378 -0.575420 -0.773948
		0.150435 -0.508061 -0.848082
		0.487962 -0.428881 -0.760233
		0.793646 -0.533508 -0.292397
		0.721718 -0.690887 0.042412
		0.682509 -0.729861 -0.038529
		0.706022 -0.693806 -0.142006
		0.752816 -0.619563 -0.222282
		0.803573 -0.537223 -0.256244
		0.853295 -0.487696 -0.184498
		0.877617 -0.479358 0.002101
		0.831886 -0.483386 0.272586
		0.700550 -0.456807 0.548230
		0.574355 -0.384733 0.722563
		0.405691 -0.040838 0.913098
		0.768926 -0.165818 0.617460
		0.878091 -0.267792 0.396539
		0.896767 -0.344307 0.277960
		0.884384 -0.414896 0.213836
		0.856435 -0.483257 0.181612
		0.819136 -0.547329 0.171603
		0.777145 -0.603304 0.179082
		0.737210 -0.646346 0.196870
		0.709129 -0.672063 0.213231
		0.710350 -0.676381 0.194709
		0.775803 -0.627352 -0.067516
		0.726759 -0.473385 -0.497723
		0.409674 -0.276891 -0.869194
		0.562343 -0.463510 -0.684784
		0.656818 -0.536546 -0.529819
		0.714591 -0.552812 -0.428671
		0.758706 -0.546621 -0.354359
		0.795776 -0.531595 -0.290081
		0.827409 -0.514944 -0.224115
		0.853062 -0.501589 -0.143853
		0.868344 -0.495178 -0.027893
		0.851960 -0.494764 0.171385
		0.700394 -0.465097 0.541418
		0.549259 -0.452050 0.702827
		0.805005 -0.537526 0.251064
		0.855379 -0.517957 0.006946
		0.847693 -0.473229 -0.239729
		0.803206 -0.443728 -0.397450
		0.743702 -0.436053 -0.506719
		0.706027 -0.407624 -0.579110
		0.632596 -0.450243 -0.630162
		0.547248 -0.503377 -0.668679
		0.443541 -0.550093 -0.707580
		0.315248 -0.564532 -0.762838
		0.181464 -0.500665 -0.846407
		0.464539 -0.386879 -0.796573
		0.806353 -0.467952 -0.361685
		0.771895 -0.634760 0.035460
		0.733537 -0.679499 -0.014269
		0.754445 -0.647025 -0.110328
		0.797259 -0.572531 -0.191274
		0.840954 -0.485835 -0.238246
		0.883645 -0.426594 -0.192845
		0.910114 -0.413170 -0.031355
		0.875776 -0.424658 0.229527
		0.741744 -0.412806 0.528591
		0.614908 -0.355773 0.703785
		0.394316 -0.005103 0.918961
		0.762149 -0.099903 0.639647
		0.883416 -0.198640 0.424403
		0.910040 -0.277255 0.308151
		0.903645 -0.351103 0.245260
		0.880753 -0.422676 0.213586
		0.847888 -0.489527 0.203593
		0.809967 -0.547700 0.209709
		0.774152 -0.592248 0.223451
		0.750379 -0.618832 0.232333
		0.756274 -0.622936 0.200000
		0.818906 -0.567246 -0.087320
		0.753658 -0.420203 -0.505400
		0.440943 -0.257624 -0.859767
		0.610266 -0.435667 -0.661641
		0.705526 -0.500121 -0.502107
		0.761193 -0.511235 -0.399030
		0.802509 -0.501231 -0.323646
		0.836590 -0.482897 -0.258705
		0.865187 -0.463127 -0.192263
		0.887711 -0.446674 -0.111587
		0.899351 -0.437203 0.004691
		0.877354 -0.434571 0.203466
		0.714145 -0.409535 0.567696
		0.584038 -0.415764 0.697165
		0.837240 -0.482158 0.257977
		0.890267 -0.455249 -0.013173
		0.875304 -0.409115 -0.257814
		0.828682 -0.384783 -0.406483
		0.771239 -0.384823 -0.507052
		0.737418 -0.363670 -0.569174
		0.671318 -0.414035 -0.614742
		0.593290 -0.474055 -0.650599
		0.495318 -0.527401 -0.690296
		0.367901 -0.549501 -0.750132
		0.217122 -0.492054 -0.843055
		0.438452 -0.348974 -0.828237
		0.811753 -0.402069 -0.423553
		0.818040 -0.574731 0.022233
		0.780765 -0.624787 0.006897
		0.799038 -0.596093 -0.078807
		0.838090 -0.521692 -0.159510
		0.875660 -0.432102 -0.215658
		0.910700 -0.364350 -0.194611
		0.936854 -0.344641 -0.059393
		0.913760 -0.360933 0.186468
		0.782320 -0.365473 0.504386
		0.652311 -0.322253 0.686034
		0.381875 0.027755 0.923797
		0.749611 -0.035335 0.660935
		0.882711 -0.129476 0.451727
		0.917521 -0.209539 0.338006
		0.917458 -0.286128 0.276409
		0.899921 -0.360499 0.245320
		0.871696 -0.429894 0.235238
		0.838151 -0.489988 0.239613
		0.806831 -0.535830 0.248816
		0.787750 -0.563083 0.249776
		0.798612 -0.566527 0.203139
		0.856856 -0.504225 -0.107492
		0.775886 -0.364872 -0.514654
		0.472297 -0.235835 -0.849304
		0.656378 -0.403272 -0.637604
		0.751412 -0.459218 -0.473813
		0.804502 -0.465468 -0.368940
		0.842688 -0.451973 -0.292570
		0.873486 -0.430679 -0.227019
		0.898789 -0.408081 -0.160152
		0.917882 -0.388883 -0.079134
		0.925537 -0.376814 0.037302
		0.897626 -0.372696 0.235300
		0.723118 -0.353902 0.593173
		0.617590 -0.377275 0.690105
		0.866442 -0.424730 0.262456
		0.920295 -0.389761 -0.033809
		0.898302 -0.343629 -0.273812
		0.850892 -0.325115 -0.412653
		0.796749 -0.332717 -0.504471
		0.767486 -0.317901 -0.556690
		0.709105 -0.374986 -0.597122
		0.638647 -0.440833 -0.630711
		0.546873 -0.500057 -0.671471
		0.421528 -0.529843 -0.735921
		0.256648 -0.481222 -0.838187
		0.411933 -0.315524 -0.854843
		0.811680 -0.337454 -0.476761
		0.859545 -0.511053 0.002730
		0.823937 -0.566157 0.024379
		0.839419 -0.541380 -0.047789
		0.874799 -0.467451 -0.127340
		0.907077 -0.375944 -0.189415
		0.934410 -0.301159 -0.190213
		0.958108 -0.274508 -0.081694
		0.945140 -0.292957 0.144525
		0.821614 -0.314347 0.475537
		0.685939 -0.284531 0.669724
		0.368954 0.057647 0.927658
		0.731514 0.027260 0.681281
		0.875979 -0.060942 0.478484
		0.919182 -0.141651 0.367478
		0.925742 -0.220468 0.307239
		0.913790 -0.297293 0.276777
		0.890481 -0.368847 0.266448
		0.861616 -0.430636 0.268644
		0.835207 -0.477479 0.272843
		0.821199 -0.505126 0.265481
		0.837217 -0.507362 0.204086
		0.889478 -0.438795 -0.127619
		0.793218 -0.307843 -0.525393
		0.503448 -0.211342 -0.837779
		0.700155 -0.366439 -0.612785
		0.794048 -0.414117 -0.444967
		0.844116 -0.415853 -0.338430
		0.878873 -0.399215 -0.261170
		0.906159 -0.375270 -0.195062
		0.927909 -0.350207 -0.127828
		0.943304 -0.328644 -0.046595
		0.946693 -0.314468 0.069871
		0.912625 -0.309642 0.266902
		0.727403 -0.298656 0.617810
		0.649716 -0.336456 0.681664
		0.892487 -0.365356 0.264542
		0.945189 -0.321922 -0.054630
		0.916789 -0.277193 -0.287511
		0.869952 -0.264808 -0.416004
		0.820170 -0.279630 -0.499127
		0.795885 -0.270159 -0.541831
		0.745457 -0.332900 -0.577469
		0.682647 -0.403571 -0.609200
		0.597397 -0.467979 -0.651239
		0.475270 -0.505255 -0.720302
		0.299226 -0.467274 -0.831937
		0.386969 -0.286485 -0.876460
		0.808060 -0.275144 -0.520897
		0.895731 -0.444005 -0.022922
		0.862917 -0.503935 0.037728
		0.875368 -0.483131 -0.017774
		0.907048 -0.410173 -0.094989
		0.934597 -0.317458 -0.160467
		0.954665 -0.237032 -0.180085
		0.974189 -0.203309 -0.098087
		0.969470 -0.221648 0.104881
		0.858752 -0.259068 0.442074
		0.715185 -0.243045 0.655317
		0.356271 0.084635 0.930542
		0.708131 0.087350 0.700657
		0.863325 0.006433 0.504607
		0.915034 -0.074182 0.396497
		0.928446 -0.154665 0.337737
		0.922324 -0.233516 0.307876
		0.904176 -0.306917 0.297098
		0.880357 -0.370070 0.296680
		0.859266 -0.417609 0.295407
		0.850720 -0.445239 0.279352
		0.871927 -0.445663 0.202800
		0.916653 -0.371513 -0.147393
		0.805516 -0.249615 -0.537435
		0.534021 -0.184008 -0.825205
		0.741179 -0.325377 -0.587183
		0.833045 -0.365104 -0.415614
		0.879684 -0.362725 -0.307550
		0.910752 -0.343328 -0.229469
		0.934305 -0.317089 -0.162876
		0.952283 -0.289935 -0.095368
		0.963769 -0.266372 -0.013983
		0.962669 -0.250573 0.102380
		0.922285 -0.245864 0.298229
		0.727125 -0.244226 0.641594
		0.680092 -0.293203 0.671942
		0.915236 -0.304141 0.264275
		0.964747 -0.252202 -0.075214
		0.930896 -0.210129 -0.298795
		0.885901 -0.203956 -0.416631
		0.841386 -0.225442 -0.491168
		0.822254 -0.220321 -0.524745
		0.779833 -0.287640 -0.555989
		0.724670 -0.362176 -0.586244
		0.646203 -0.431082 -0.629754
		0.528282 -0.475561 -0.703392
		0.343982 -0.449594 -0.824343
		0.365006 -0.261456 -0.893538
		0.802566 -0.215587 -0.556246
		0.925871 -0.373906 -0.054385
		0.897451 -0.438654 0.046537
		0.906634 -0.421784 0.010627
		0.934573 -0.350232 -0.062536
		0.957740 -0.256741 -0.129685
		0.971221 -0.171994 -0.164766
		0.985329 -0.131643 -0.108614
		0.986625 -0.147911 0.068508
		0.892654 -0.199440 0.404217
		0.739534 -0.198324 0.643240
		0.344584 0.108912 0.932416
		0.679860 0.144406 0.718984
		0.844878 0.072076 0.530081
		0.905134 -0.007614 0.425058
		0.925606 -0.089237 0.367820
		0.925519 -0.169665 0.338567
		0.912798 -0.244582 0.327077
		0.894431 -0.308706 0.323563
		0.879066 -0.356567 0.316392
		0.876310 -0.383702 0.291296
		0.902584 -0.381643 0.199226
		0.938378 -0.302914 -0.166399
		0.812797 -0.190755 -0.550431
		0.563687 -0.153703 -0.811561
		0.779026 -0.280297 -0.560850
		0.868034 -0.312558 -0.385779
		0.910885 -0.306478 -0.276334
		0.938044 -0.284702 -0.197529
		0.957675 -0.256562 -0.130520
		0.971710 -0.227680 -0.062774
		0.979098 -0.202527 0.018681
		0.973332 -0.185634 0.134774
		0.926576 -0.181860 0.329216
		0.722478 -0.191046 0.664474
		0.708430 -0.247482 0.660969
		0.934528 -0.241198 0.261688
		0.978849 -0.181094 -0.095186
		0.940747 -0.142740 -0.307605
		0.898746 -0.142615 -0.414628
		0.860220 -0.170072 -0.480726
		0.846193 -0.168307 -0.505599
		0.811694 -0.239208 -0.532853
		0.764074 -0.316752 -0.562013
		0.692621 -0.389459 -0.607123
		0.579829 -0.440726 -0.685244
		0.390023 -0.427667 -0.815465
		0.347162 -0.239754 -0.906640
		0.796467 -0.158741 -0.583474
		0.949142 -0.301377 -0.091108
		0.927382 -0.370695 0.050482
		0.933099 -0.357730 0.036808
		0.957118 -0.288137 -0.030050
		0.976070 -0.194220 -0.097811
		0.983724 -0.106264 -0.144896
		0.991752 -0.059785 -0.113376
		0.996696 -0.072701 0.036206
		0.922067 -0.135532 0.362524
		0.758563 -0.150969 0.633870
		0.334590 0.130704 0.933256
		0.647087 0.197965 0.736266
		0.820878 0.135437 0.554812
		0.889616 0.057496 0.453076
		0.917280 -0.024682 0.397478
		0.923433 -0.106265 0.368752
		0.916445 -0.182279 0.356233
		0.903928 -0.246985 0.349159
		0.894697 -0.294660 0.335698
		0.897984 -0.320759 0.301227
		0.929004 -0.315514 0.193398
		0.954721 -0.233506 -0.184346
		0.815022 -0.131745 -0.564254
		0.592066 -0.120370 -0.796850
		0.813260 -0.231506 -0.533866
		0.898691 -0.256803 -0.355537
		0.937445 -0.247530 -0.244797
		0.960509 -0.223775 -0.165369
		0.976071 -0.194111 -0.098015
		0.986019 -0.163893 -0.030103
		0.989155 -0.137616 0.051324
		0.978601 -0.120162 0.167034
		0.925507 -0.118160 0.359826
		0.713714 -0.139466 0.686412
		0.734320 -0.199306 0.648885
		0.950165 -0.176658 0.256863
		0.987446 -0.109121 -0.114204
		0.946456 -0.075284 -0.313931
		0.908453 -0.080826 -0.410098
		0.876439 -0.113504 -0.467944
		0.867281 -0.114196 -0.484543
		0.840503 -0.187735 -0.508242
		0.800274 -0.267509 -0.536657
		0.735979 -0.343359 -0.583472
		0.629167 -0.400802 -0.665963
		0.436518 -0.401163 -0.805308
		0.333945 -0.220532 -0.916431
		0.790678 -0.104258 -0.603290
		0.964839 -0.227124 -0.132290
		0.952565 -0.300306 0.049356
		0.954704 -0.291433 0.060059
		0.974506 -0.224352 0.002273
		0.989314 -0.130319 -0.065381
		0.991832 -0.039972 -0.121129
		0.993572 0.011942 -0.112568
		0.999958 0.003155 0.008591
		0.945758 -0.067662 0.317747
		0.771850 -0.101644 0.627627
		0.327034 0.150427 0.932963
		0.610361 0.247617 0.752426
		0.791559 0.196034 0.578796
		0.868641 0.120609 0.480537
		0.903612 0.038499 0.426619
		0.916190 -0.043809 0.398343
		0.915249 -0.120513 0.384441
		0.909018 -0.185250 0.373321
		0.906270 -0.232223 0.353195
		0.915764 -0.256634 0.309057
		0.950992 -0.247554 0.185285
		0.965808 -0.163764 -0.200990
		0.812324 -0.073109 -0.578605
		0.618783 -0.084022 -0.781056
		0.843552 -0.179373 -0.506207
		0.924737 -0.198268 -0.324885
		0.959125 -0.186298 -0.213009
		0.977946 -0.161015 -0.133029
		0.989325 -0.130220 -0.065409
		0.995080 -0.099046 0.002585
		0.993863 -0.072079 0.083912
		0.978455 -0.054624 0.199101
		0.919140 -0.055224 0.390042
		0.701101 -0.089793 0.707386
		0.757366 -0.148738 0.635826
		0.961961 -0.110651 0.249776
		0.990571 -0.036777 -0.131971
		0.948139 -0.007947 -0.317756
		0.914947 -0.018622 -0.403143
		0.889793 -0.055749 -0.452947
		0.885114 -0.058030 -0.461743
		0.865772 -0.133406 -0.482330
		0.832754 -0.214693 -0.510321
		0.775725 -0.293028 -0.558915
		0.675578 -0.356066 -0.645610
		0.482585 -0.369904 -0.793904
		0.325628 -0.202840 -0.923484
		0.785725 -0.051560 -0.616423
		0.972432 -0.151967 -0.176868
		0.972724 -0.227956 0.042947
		0.971470 -0.223348 0.079766
		0.986662 -0.159166 0.034116
		0.997320 -0.065433 -0.032720
		0.995193 0.026667 -0.094235
		0.990829 0.083199 -0.106473
		0.996779 0.078976 -0.013926
		0.962573 0.003517 0.270998
		0.778969 -0.051059 0.624981
		0.322611 0.168577 0.931399
		0.570251 0.292986 0.767446
		0.757301 0.253298 0.601943
		0.842461 0.181227 0.507361
		0.884779 0.099749 0.455210
		0.903974 0.017234 0.427240
		0.909447 -0.059626 0.411523
		0.909897 -0.123863 0.395910
		0.913928 -0.169480 0.368797
		0.929667 -0.191524 0.314703
		0.968344 -0.178023 0.174981
		0.971843 -0.094132 -0.216008
		0.804904 -0.015332 -0.593207
		0.643414 -0.044697 -0.764213
		0.869551 -0.124199 -0.477971
		0.945915 -0.137404 -0.293879
		0.975730 -0.123259 -0.180991
		0.990205 -0.096866 -0.100549
		0.997326 -0.065358 -0.032709
		0.998810 -0.033661 0.035297
		0.993181 -0.006435 0.116402
		0.972909 0.010470 0.230952
		0.907571 0.006466 0.419849
		0.684941 -0.042392 0.727364
		0.777045 -0.095941 0.622090
		0.969667 -0.043366 0.240551
		0.988328 0.035477 -0.148155
		0.945873 0.059070 -0.319117
		0.918118 0.043895 -0.393870
		0.900013 0.003139 -0.435851
	}

	*Faces
	{
		0 48 49  0 49 1
		1 49 50  1 50 2
		2 50 51  2 51 3
		3 51 52  3 52 4
		4 52 53  4 53 5
		5 53 54  5 54 6
		6 54 55  6 55 7
		7 55 56  7 56 8
		8 56 57  8 57 9
		9 57 58  9 58 10
		10 58 59  10 59 11
		11 59 60  11 60 12
		12 60 61  12 61 13
		13 61 62  13 62 14
		14 62 63  14 63 15
		15 63 64  15 64 16
		16 64 65  16 65 17
		17 65 66  17 66 18
		18 66 67  18 67 19
		19 67 68  19 68 20
		20 68 69  20 69 21
		21 69 70  21 70 22
		22 70 71  22 71 23
		23 71 72  23 72 24
		24 72 73  24 73 25
		25 73 74  25 74 26
		26 74 75  26 75 27
		27 75 76  27 76 28
		28 76 77  28 77 29
		29 77 78  29 78 30
		30 78 79  30 79 31
		31 79 80  31 80 32
		32 80 81  32 81 33
		33 81 82  33 82 34
		34 82 83  34 83 35
		35 83 84  35 84 36
		36 84 85  36 85 37
		37 85 86  37 86 38
		38 86 87  38 87 39
		39 87 88  39 88 40
		40 88 89  40 89 41
		41 89 90  41 90 42
		42 90 91  42 91 43
		43 91 92  43 92 44
		44 92 93  44 93 45
		45 93 94  45 94 46
		46 94 95  46 95 47
		47 95 48  47 48 0
		48 96 97  48 97 49
		49 97 98  49 98 50
		50 98 99  50 99 51
		51 99 100  51 100 52
		52 100 101  52 101 53
		53 101 102  53 102 54
		54 102 103  54 103 55
		55 103 104  55 104 56
		56 104 105  56 105 57
		57 105 106  57 106 58
		58 106 107  58 107 59
		59 107 108  59 108 60
		60 108 109  60 109 61
		61 109 110  61 110 62
		62 110 111  62 111 63
		63 111 112  63 112 64
		64 112 113  64 113 65
		65 113 114  65 114 66
		66 114 115  66 115 67
		67 115 116  67 116 68
		68 116 117  68 117 69
		69 117 118  69 118 70
		70 118 119  70 119 71
		71 119 120  71 120 72
		72 120 121  72 121 73
		73 121 122  73 122 74
		74 122 123  74 123 75
		75 123 124  75 124 76
		76 124 125  76 125 77
		77 125 126  77 126 78
		78 126 127  78 127 79
		79 127 128  79 128 80
		80 128 129  80 129 81
		81 129 130  81 130 82
		82 130 131  82 131 83
		83 131 132  83 132 84
		84 132 133  84 133 85
		85 133 134  85 134 86
		86 134 135  86 135 87
		87 135 136  87 136 88
		88 136 137  88 137 89
		89 137 138  89 138 90
		90 138 139  90 139 91
		91 139 140  91 140 92
		92 140 141  92 141 93
		93 141 142  93 142 94
		94 142 143  94 143 95
		95 143 96  95 96 48
		96 144 145  96 145 97
		97 145 146  97 146 98
		98 146 147  98 147 99
		99 147 148  99 148 100
		100 148 149  100 149 101
		101 149 150  101 150 102
		102 150 151  102 151 103
		103 151 152  103 152 104
		104 152 153  104 153 105
		105 153 154  105 154 106
		106 154 155  106 155 107
		107 155 156  107 156 108
		108 156 157  108 157 109
		109 157 158  109 158 110
		110 158 159  110 159 111
		111 159 160  111 160 112
		112 160 161  112 161 113
		113 161 162  113 162 114
		114 162 163  114 163 115
		115 163 164  115 164 116
		116 164 165  116 165 117
		117 165 166  117 166 118
		118 166 167  118 167 119
		119 167 168  119 168 120
		120 168 169  120 169 121
		121 169 170  121 170 122
		122 170 171  122 171 123
		123 171 172  123 172 124
		124 172 173  124 173 125
		125 173 174  125 174 126
		126 174 175  126 175 127
		127 175 176  127 176 128
		128 176 177  128 177 129
		129 177 178  129 178 130
		130 178 179  130 179 131
		131 179 180  131 180 132
		132 180 181  132 181 133
		133 181 182  133 182 134
		134 182 183  134 183 135
		135 183 184  135 184 136
		136 184 185  136 185 137
		137 185 186  137 186 138
		138 186 187  138 187 139
		139 187 188  139 188 140
		140 188 189  140 189 141
		141 189 190  141 190 142
		142 190 191  142 191 143
		143 191 144  143 144 96
		144 192 193  144 193 145
		145 193 194  145 194 146
		146 194 195  146 195 147
		147 195 196  147 196 148
		148 196 197  148 197 149
		149 197 198  149 198 150
		150 198 199  150 199 151
		151 199 200  151 200 152
		152 200 201  152 201 153
		153 201 202  153 202 154
		154 202 203  154 203 155
		155 203 204  155 204 156
		156 204 205  156 205 157
		157 205 206  157 206 158
		158 206 207  158 207 159
		159 207 208  159 208 160
		160 208 209  160 209 161
		161 209 210  161 210 162
		162 210 211  162 211 163
		163 211 212  163 212 164
		164 212 213  164 213 165
		165 213 214  165 214 166
		166 214 215  166 215 167
		167 215 216  167 216 168
		168 216 217  168 217 169
		169 217 218  169 218 170
		170 218 219  170 219 171
		171 219 220  171 220 172
		172 220 221  172 221 173
		173 221 222  173 222 174
		174 222 223  174 223 175
		175 223 224  175 224 176
		176 224 225  176 225 177
		177 225 226  177 226 178
		178 226 227  178 227 179
		179 227 228  179 228 180
		180 228 229  180 229 181
		181 229 230  181 230 182
		182 230 231  182 231 183
		183 231 232  183 232 184
		184 232 233  184 233 185
		185 233 234  185 234 186
		186 234 235  186 235 187
		187 235 236  187 236 188
		188 236 237  188 237 189
		189 237 238  189 238 190
		190 238 239  190 239 191
		191 239 192  191 192 144
		192 240 241  192 241 193
		193 241 242  193 242 194
		194 242 243  194 243 195
		195 243 244  195 244 196
		196 244 245  196 245 197
		197 245 246  197 246 198
		198 246 247  198 247 199
		199 247 248  199 248 200
		200 248 249  200 249 201
		201 249 250  201 250 202
		202 250 251  202 251 203
		203 251 252  203 252 204
		204 252 253  204 253 205
		205 253 254  205 254 206
		206 254 255  206 255 207
		207 255 256  207 256 208
		208 256 257  208 257 209
		209 257 258  209 258 210
		210 258 259  210 259 211
		211 259 260  211 260 212
		212 260 261  212 261 213
		213 261 262  213 262 214
		214 262 263  214 263 215
		215 263 264  215 264 216
		216 264 265  216 265 217
		217 265 266  217 266 218
		218 266 267  218 267 219
		219 267 268  219 268 220
		220 268 269  220 269 221
		221 269 270  221 270 222
		222 270 271  222 271 223
		223 271 272  223 272 224
		224 272 273  224 273 225
		225 273 274  225 274 226
		226 274 275  226 275 227
		227 275 276  227 276 228
		228 276 277  228 277 229
		229 277 278  229 278 230
		230 278 279  230 279 231
		231 279 280  231 280 232
		232 280 281  232 281 233
		233 281 282  233 282 234
		234 282 283  234 283 235
		235 283 284  235 284 236
		236 284 285  236 285 237
		237 285 286  237 286 238
		238 286 287  238 287 239
		239 287 240  239 240 192
		240 288 289  240 289 241
		241 289 290  241 290 242
		242 290 291  242 291 243
		243 291 292  243 292 244
		244 292 293  244 293 245
		245 293 294  245 294 246
		246 294 295  246 295 247
		247 295 296  247 296 248
		248 296 297  248 297 249
		249 297 298  249 298 250
		250 298 299  250 299 251
		251 299 300  251 300 252
		252 300 301  252 301 253
		253 301 302  253 302 254
		254 302 303  254 303 255
		255 303 304  255 304 256
		256 304 305  256 305 257
		257 305 306  257 306 258
		258 306 307  258 307 259
		259 307 308  259 308 260
		260 308 309  260 309 261
		261 309 310  261 310 262
		262 310 311  262 311 263
		263 311 312  263 312 264
		264 312 313  264 313 265
		265 313 314  265 314 266
		266 314 315  266 315 267
		267 315 316  267 316 268
		268 316 317  268 317 269
		269 317 318  269 318 270
		270 318 319  270 319 271
		271 319 320  271 320 272
		272 320 321  272 321 273
		273 321 322  273 322 274
		274 322 323  274 323 275
		275 323 324  275 324 276
		276 324 325  276 325 277
		277 325 326  277 326 278
		278 326 327  278 327 279
		279 327 328  279 328 280
		280 328 329  280 329 281
		281 329 330  281 330 282
		282 330 331  282 331 283
		283 331 332  283 332 284
		284 332 333  284 333 285
		285 333 334  285 334 286
		286 334 335  286 335 287
		287 335 288  287 288 240
		288 336 337  288 337 289
		289 337 338  289 338 290
		290 338 339  290 339 291
		291 339 340  291 340 292
		292 340 341  292 341 293
		293 341 342  293 342 294
		294 342 343  294 343 295
		295 343 344  295 344 296
		296 344 345  296 345 297
		297 345 346  297 346 298
		298 346 347  298 347 299
		299 347 348  299 348 300
		300 348 349  300 349 301
		301 349 350  301 350 302
		302 350 351  302 351 303
		303 351 352  303 352 304
		304 352 353  304 353 305
		305 353 354  305 354 306
		306 354 355  306 355 307
		307 355 356  307 356 308
		308 356 357  308 357 309
		309 357 358  309 358 310
		310 358 359  310 359 311
		311 359 360  311 360 312
		312 360 361  312 361 313
		313 361 362  313 362 314
		314 362 363  314 363 315
		315 363 364  315 364 316
		316 364 365  316 365 317
		317 365 366  317 366 318
		318 366 367  318 367 319
		319 367 368  319 368 320
		320 368 369  320 369 321
		321 369 370  321 370 322
		322 370 371  322 371 323
		323 371 372  323 372 324
		324 372 373  324 373 325
		325 373 374  325 374 326
		326 374 375  326 375 327
		327 375 376  327 376 328
		328 376 377  328 377 329
		329 377 378  329 378 330
		330 378 379  330 379 331
		331 379 380  331 380 332
		332 380 381  332 381 333
		333 381 382  333 382 334
		334 382 383  334 383 335
		335 383 336  335 336 288
		336 384 385  336 385 337
		337 385 386  337 386 338
		338 386 387  338 387 339
		339 387 388  339 388 340
		340 388 389  340 389 341
		341 389 390  341 390 342
		342 390 391  342 391 343
		343 391 392  343 392 344
		344 392 393  344 393 345
		345 393 394  345 394 346
		346 394 395  346 395 347
		347 395 396  347 396 348
		348 396 397  348 397 349
		349 397 398  349 398 350
		350 398 399  350 399 351
		351 399 400  351 400 352
		352 400 401  352 401 353
		353 401 402  353 402 354
		354 402 403  354 403 355
		355 403 404  355 404 356
		356 404 405  356 405 357
		357 405 406  357 406 358
		358 406 407  358 407 359
		359 407 408  359 408 360
		360 408 409  360 409 361
		361 409 410  361 410 362
		362 410 411  362 411 363
		363 411 412  363 412 364
		364 412 413  364 413 365
		365 413 414  365 414 366
		366 414 415  366 415 367
		367 415 416  367 416 368
		368 416 417  368 417 369
		369 417 418  369 418 370
		370 418 419  370 419 371
		371 419 420  371 420 372
		372 420 421  372 421 373
		373 421 422  373 422 374
		374 422 423  374 423 375
		375 423 424  375 424 376
		376 424 425  376 425 377
		377 425 426  377 426 378
		378 426 427  378 427 379
		379 427 428  379 428 380
		380 428 429  380 429 381
		381 429 430  381 430 382
		382 430 431  382 431 383
		383 431 384  383 384 336
		384 432 433  384 433 385
		385 433 434  385 434 386
		386 434 435  386 435 387
		387 435 436  387 436 388
		388 436 437  388 437 389
		389 437 438  389 438 390
		390 438 439  390 439 391
		391 439 440  391 440 392
		392 440 441  392 441 393
		393 441 442  393 442 394
		394 442 443  394 443 395
		395 443 444  395 444 396
		396 444 445  396 445 397
		397 445 446  397 446 398
		398 446 447  398 447 399
		399 447 448  399 448 400
		400 448 449  400 449 401
		401 449 450  401 450 402
		402 450 451  402 451 403
		403 451 452  403 452 404
		404 452 453  404 453 405
		405 453 454  405 454 406
		406 454 455  406 455 407
		407 455 456  407 456 408
		408 456 457  408 457 409
		409 457 458  409 458 410
		410 458 459  410 459 411
		411 459 460  411 460 412
		412 460 461  412 461 413
		413 461 462  413 462 414
		414 462 463  414 463 415
		415 463 464  415 464 416
		416 464 465  416 465 417
		417 465 466  417 466 418
		418 466 467  418 467 419
		419 467 468  419 468 420
		420 468 469  420 469 421
		421 469 470  421 470 422
		422 470 471  422 471 423
		423 471 472  423 472 424
		424 472 473  424 473 425
		425 473 474  425 474 426
		426 474 475  426 475 427
		427 475 476  427 476 428
		428 476 477  428 477 429
		429 477 478  429 478 430
		430 478 479  430 479 431
		431 479 432  431 432 384
		432 480 481  432 481 433
		433 481 482  433 482 434
		434 482 483  434 483 435
		435 483 484  435 484 436
		436 484 485  436 485 437
		437 485 486  437 486 438
		438 486 487  438 487 439
		439 487 488  439 488 440
		440 488 489  440 489 441
		441 489 490  441 490 442
		442 490 491  442 491 443
		443 491 492  443 492 444
		444 492 493  444 493 445
		445 493 494  445 494 446
		446 494 495  446 495 447
		447 495 496  447 496 448
		448 496 497  448 497 449
		449 497 498  449 498 450
		450 498 499  450 499 451
		451 499 500  451 500 452
		452 500 501  452 501 453
		453 501 502  453 502 454
		454 502 503  454 503 455
		455 503 504  455 504 456
		456 504 505  456 505 457
		457 505 506  457 506 458
		458 506 507  458 507 459
		459 507 508  459 508 460
		460 508 509  460 509 461
		461 509 510  461 510 462
		462 510 511  462 511 463
		463 511 512  463 512 464
		464 512 513  464 513 465
		465 513 514  465 514 466
		466 514 515  466 515 467
		467 515 516  467 516 468
		468 516 517  468 517 469
		469 517 518  469 518 470
		470 518 519  470 519 471
		471 519 520  471 520 472
		472 520 521  472 521 473
		473 521 522  473 522 474
		474 522 523  474 523 475
		475 523 524  475 524 476
		476 524 525  476 525 477
		477 525 526  477 526 478
		478 526 527  478 527 479
		479 527 480  479 480 432
		480 528 529  480 529 481
		481 529 530  481 530 482
		482 530 531  482 531 483
		483 531 532  483 532 484
		484 532 533  484 533 485
		485 533 534  485 534 486
		486 534 535  486 535 487
		487 535 536  487 536 488
		488 536 537  488 537 489
		489 537 538  489 538 490
		490 538 539  490 539 491
		491 539 540  491 540 492
		492 540 541  492 541 493
		493 541 542  493 542 494
		494 542 543  494 543 495
		495 543 544  495 544 496
		496 544 545  496 545 497
		497 545 546  497 546 498
		498 546 547  498 547 499
		499 547 548  499 548 500
		500 548 549  500 549 501
		501 549 550  501 550 502
		502 550 551  502 551 503
		503 551 552  503 552 504
		504 552 553  504 553 505
		505 553 554  505 554 506
		506 554 555  506 555 507
		507 555 556  507 556 508
		508 556 557  508 557 509
		509 557 558  509 558 510
		510 558 559  510 559 511
		511 559 560  511 560 512
		512 560 561  512 561 513
		513 561 562  513 562 514
		514 562 563  514 563 515
		515 563 564  515 564 516
		516 564 565  516 565 517
		517 565 566  517 566 518
		518 566 567  518 567 519
		519 567 568  519 568 520
		520 568 569  520 569 521
		521 569 570  521 570 522
		522 570 571  522 571 523
		523 571 572  523 572 524
		524 572 573  524 573 525
		525 573 574  525 574 526
		526 574 575  526 575 527
		527 575 528  527 528 480
		528 576 577  528 577 529
		529 577 578  529 578 530
		530 578 579  530 579 531
		531 579 580  531 580 532
		532 580 581  532 581 533
		533 581 582  533 582 534
		534 582 583  534 583 535
		535 583 584  535 584 536
		536 584 585  536 585 537
		537 585 586  537 586 538
		538 586 587  538 587 539
		539 587 588  539 588 540
		540 588 589  540 589 541
		541 589 590  541 590 542
		542 590 591  542 591 543
		543 591 592  543 592 544
		544 592 593  544 593 545
		545 593 594  545 594 546
		546 594 595  546 595 547
		547 595 596  547 596 548
		548 596 597  548 597 549
		549 597 598  549 598 550
		550 598 599  550 599 551
		551 599 600  551 600 552
		552 600 601  552 601 553
		553 601 602  553 602 554
		554 602 603  554 603 555
		555 603 604  555 604 556
		556 604 605  556 605 557
		557 605 606  557 606 558
		558 606 607  558 607 559
		559 607 608  559 608 560
		560 608 609  560 609 561
		561 609 610  561 610 562
		562 610 611  562 611 563
		563 611 612  563 612 564
		564 612 613  564 613 565
		565 613 614  565 614 566
		566 614 615  566 615 567
		567 615 616  567 616 568
		568 616 617  568 617 569
		569 617 618  569 618 570
		570 618 619  570 619 571
		571 619 620  571 620 572
		572 620 621  572 621 573
		573 621 622  573 622 574
		574 622 623  574 623 575
		575 623 576  575 576 528
		576 624 625  576 625 577
		577 625 626  577 626 578
		578 626 627  578 627 579
		579 627 628  579 628 580
		580 628 629  580 629 581
		581 629 630  581 630 582
		582 630 631  582 631 583
		583 631 632  583 632 584
		584 632 633  584 633 585
		585 633 634  585 634 586
		586 634 635  586 635 587
		587 635 636  587 636 588
		588 636 637  588 637 589
		589 637 638  589 638 590
		590 638 639  590 639 591
		591 639 640  591 640 592
		592 640 641  592 641 593
		593 641 642  593 642 594
		594 642 643  594 643 595
		595 643 644  595 644 596
		596 644 645  596 645 597
		597 645 646  597 646 598
		598 646 647  598 647 599
		599 647 648  599 648 600
		600 648 649  600 649 601
		601 649 650  601 650 602
		602 650 651  602 651 603
		603 651 652  603 652 604
		604 652 653  604 653 605
		605 653 654  605 654 606
		606 654 655  606 655 607
		607 655 656  607 656 608
		608 656 657  608 657 609
		609 657 658  609 658 610
		610 658 659  610 659 611
		611 659 660  611 660 612
		612 660 661  612 661 613
		613 661 662  613 662 614
		614 662 663  614 663 615
		615 663 664  615 664 616
		616 664 665  616 665 617
		617 665 666  617 666 618
		618 666 667  618 667 619
		619 667 668  619 668 620
		620 668 669  620 669 621
		621 669 670  621 670 622
		622 670 671  622 671 623
		623 671 624  623 624 576
		624 672 673  624 673 625
		625 673 674  625 674 626
		626 674 675  626 675 627
		627 675 676  627 676 628
		628 676 677  628 677 629
		629 677 678  629 678 630
		630 678 679  630 679 631
		631 679 680  631 680 632
		632 680 681  632 681 633
		633 681 682  633 682 634
		634 682 683  634 683 635
		635 683 684  635 684 636
		636 684 685  636 685 637
		637 685 686  637 686 638
		638 686 687  638 687 639
		639 687 688  639 688 640
		640 688 689  640 689 641
		641 689 690  641 690 642
		642 690 691  642 691 643
		643 691 692  643 692 644
		644 692 693  644 693 645
		645 693 694  645 694 646
		646 694 695  646 695 647
		647 695 696  647 696 648
		648 696 697  648 697 649
		649 697 698  649 698 650
		650 698 699  650 699 651
		651 699 700  651 700 652
		652 700 701  652 701 653
		653 701 702  653 702 654
		654 702 703  654 703 655
		655 703 704  655 704 656
		656 704 705  656 705 657
		657 705 706  657 706 658
		658 706 707  658 707 659
		659 707 708  659 708 660
		660 708 709  660 709 661
		661 709 710  661 710 662
		662 710 711  662 711 663
		663 711 712  663 712 664
		664 712 713  664 713 665
		665 713 714  665 714 666
		666 714 715  666 715 667
		667 715 716  667 716 668
		668 716 717  668 717 669
		669 717 718  669 718 670
		670 718 719  670 719 671
		671 719 672  671 672 624
		672 720 721  672 721 673
		673 721 722  673 722 674
		674 722 723  674 723 675
		675 723 724  675 724 676
		676 724 725  676 725 677
		677 725 726  677 726 678
		678 726 727  678 727 679
		679 727 728  679 728 680
		680 728 729  680 729 681
		681 729 730  681 730 682
		682 730 731  682 731 683
		683 731 732  683 732 684
		684 732 733  684 733 685
		685 733 734  685 734 686
		686 734 735  686 735 687
		687 735 736  687 736 688
		688 736 737  688 737 689
		689 737 738  689 738 690
		690 738 739  690 739 691
		691 739 740  691 740 692
		692 740 741  692 741 693
		693 741 742  693 742 694
		694 742 743  694 743 695
		695 743 744  695 744 696
		696 744 745  696 745 697
		697 745 746  697 746 698
		698 746 747  698 747 699
		699 747 748  699 748 700
		700 748 749  700 749 701
		701 749 750  701 750 702
		702 750 751  702 751 703
		703 751 752  703 752 704
		704 752 753  704 753 705
		705 753 754  705 754 706
		706 754 755  706 755 707
		707 755 756  707 756 708
		708 756 757  708 757 709
		709 757 758  709 758 710
		710 758 759  710 759 711
		711 759 760  711 760 712
		712 760 761  712 761 713
		713 761 762  713 762 714
		714 762 763  714 763 715
		715 763 764  715 764 716
		716 764 765  716 765 717
		717 765 766  717 766 718
		718 766 767  718 767 719
		719 767 720  719 720 672
		720 768 769  720 769 721
		721 769 770  721 770 722
		722 770 771  722 771 723
		723 771 772  723 772 724
		724 772 773  724 773 725
		725 773 774  725 774 726
		726 774 775  726 775 727
		727 775 776  727 776 728
		728 776 777  728 777 729
		729 777 778  729 778 730
		730 778 779  730 779 731
		731 779 780  731 780 732
		732 780 781  732 781 733
		733 781 782  733 782 734
		734 782 783  734 783 735
		735 783 784  735 784 736
		736 784 785  736 785 737
		737 785 786  737 786 738
		738 786 787  738 787 739
		739 787 788  739 788 740
		740 788 789  740 789 741
		741 789 790  741 790 742
		742 790 791  742 791 743
		743 791 792  743 792 744
		744 792 793  744 793 745
		745 793 794  745 794 746
		746 794 795  746 795 747
		747 795 796  747 796 748
		748 796 797  748 797 749
		749 797 798  749 798 750
		750 798 799  750 799 751
		751 799 800  751 800 752
		752 800 801  752 801 753
		753 801 802  753 802 754
		754 802 803  754 803 755
		755 803 804  755 804 756
		756 804 805  756 805 757
		757 805 806  757 806 758
		758 806 807  758 807 759
		759 807 808  759 808 760
		760 808 809  760 809 761
		761 809 810  761 810 762
		762 810 811  762 811 763
		763 811 812  763 812 764
		764 812 813  764 813 765
		765 813 814  765 814 766
		766 814 815  766 815 767
		767 815 768  767 768 720
		768 816 817  768 817 769
		769 817 818  769 818 770
		770 818 819  770 819 771
		771 819 820  771 820 772
		772 820 821  772 821 773
		773 821 822  773 822 774
		774 822 823  774 823 775
		775 823 824  775 824 776
		776 824 825  776 825 777
		777 825 826  777 826 778
		778 826 827  778 827 779
		779 827 828  779 828 780
		780 828 829  780 829 781
		781 829 830  781 830 782
		782 830 831  782 831 783
		783 831 832  783 832 784
		784 832 833  784 833 785
		785 833 834  785 834 786
		786 834 835  786 835 787
		787 835 836  787 836 788
		788 836 837  788 837 789
		789 837 838  789 838 790
		790 838 839  790 839 791
		791 839 840  791 840 792
		792 840 841  792 841 793
		793 841 842  793 842 794
		794 842 843  794 843 795
		795 843 844  795 844 796
		796 844 845  796 845 797
		797 845 846  797 846 798
		798 846 847  798 847 799
		799 847 848  799 848 800
		800 848 849  800 849 801
		801 849 850  801 850 802
		802 850 851  802 851 803
		803 851 852  803 852 804
		804 852 853  804 853 805
		805 853 854  805 854 806
		806 854 855  806 855 807
		807 855 856  807 856 808
		808 856 857  808 857 809
		809 857 858  809 858 810
		810 858 859  810 859 811
		811 859 860  811 860 812
		812 860 861  812 861 813
		813 861 862  813 862 814
		814 862 863  814 863 815
		815 863 816  815 816 768
		816 864 865  816 865 817
		817 865 866  817 866 818
		818 866 867  818 867 819
		819 867 868  819 868 820
		820 868 869  820 869 821
		821 869 870  821 870 822
		822 870 871  822 871 823
		823 871 872  823 872 824
		824 872 873  824 873 825
		825 873 874  825 874 826
		826 874 875  826 875 827
		827 875 876  827 876 828
		828 876 877  828 877 829
		829 877 878  829 878 830
		830 878 879  830 879 831
		831 879 880  831 880 832
		832 880 881  832 881 833
		833 881 882  833 882 834
		834 882 883  834 883 835
		835 883 884  835 884 836
		836 884 885  836 885 837
		837 885 886  837 886 838
		838 886 887  838 887 839
		839 887 888  839 888 840
		840 888 889  840 889 841
		841 889 890  841 890 842
		842 890 891  842 891 843
		843 891 892  843 892 844
		844 892 893  844 893 845
		845 893 894  845 894 846
		846 894 895  846 895 847
		847 895 896  847 896 848
		848 896 897  848 897 849
		849 897 898  849 898 850
		850 898 899  850 899 851
		851 899 900  851 900 852
		852 900 901  852 901 853
		853 901 902  853 902 854
		854 902 903  854 903 855
		855 903 904  855 904 856
		856 904 905  856 905 857
		857 905 906  857 906 858
		858 906 907  858 907 859
		859 907 908  859 908 860
		860 908 909  860 909 861
		861 909 910  861 910 862
		862 910 911  862 911 863
		863 911 864  863 864 816
		864 912 913  864 913 865
		865 913 914  865 914 866
		866 914 915  866 915 867
		867 915 916  867 916 868
		868 916 917  868 917 869
		869 917 918  869 918 870
		870 918 919  870 919 871
		871 919 920  871 920 872
		872 920 921  872 921 873
		873 921 922  873 922 874
		874 922 923  874 923 875
		875 923 924  875 924 876
		876 924 925  876 925 877
		877 925 926  877 926 878
		878 926 927  878 927 879
		879 927 928  879 928 880
		880 928 929  880 929 881
		881 929 930  881 930 882
		882 930 931  882 931 883
		883 931 932  883 932 884
		884 932 933  884 933 885
		885 933 934  885 934 886
		886 934 935  886 935 887
		887 935 936  887 936 888
		888 936 937  888 937 889
		889 937 938  889 938 890
		890 938 939  890 939 891
		891 939 940  891 940 892
		892 940 941  892 941 893
		893 941 942  893 942 894
		894 942 943  894 943 895
		895 943 944  895 944 896
		896 944 945  896 945 897
		897 945 946  897 946 898
		898 946 947  898 947 899
		899 947 948  899 948 900
		900 948 949  900 949 901
		901 949 950  901 950 902
		902 950 951  902 951 903
		903 951 952  903 952 904
		904 952 953  904 953 905
		905 953 954  905 954 906
		906 954 955  906 955 907
		907 955 956  907 956 908
		908 956 957  908 957 909
		909 957 958  909 958 910
		910 958 959  910 959 911
		911 959 912  911 912 864
		912 960 961  912 961 913
		913 961 962  913 962 914
		914 962 963  914 963 915
		915 963 964  915 964 916
		916 964 965  916 965 917
		917 965 966  917 966 918
		918 966 967  918 967 919
		919 967 968  919 968 920
		920 968 969  920 969 921
		921 969 970  921 970 922
		922 970 971  922 971 923
		923 971 972  923 972 924
		924 972 973  924 973 925
		925 973 974  925 974 926
		926 974 975  926 975 927
		927 975 976  927 976 928
		928 976 977  928 977 929
		929 977 978  929 978 930
		930 978 979  930 979 931
		931 979 980  931 980 932
		932 980 981  932 981 933
		933 981 982  933 982 934
		934 982 983  934 983 935
		935 983 984  935 984 936
		936 984 985  936 985 937
		937 985 986  937 986 938
		938 986 987  938 987 939
		939 987 988  939 988 940
		940 988 989  940 989 941
		941 989 990  941 990 942
		942 990 991  942 991 943
		943 991 992  943 992 944
		944 992 993  944 993 945
		945 993 994  945 994 946
		946 994 995  946 995 947
		947 995 996  947 996 948
		948 996 997  948 997 949
		949 997 998  949 998 950
		950 998 999  950 999 951
		951 999 1000  951 1000 952
		952 1000 1001  952 1001 953
		953 1001 1002  953 1002 954
		954 1002 1003  954 1003 955
		955 1003 1004  955 1004 956
		956 1004 1005  956 1005 957
		957 1005 1006  957 1006 958
		958 1006 1007  958 1007 959
		959 1007 960  959 960 912
		960 1008 1009  960 1009 961
		961 1009 1010  961 1010 962
		962 1010 1011  962 1011 963
		963 1011 1012  963 1012 964
		964 1012 1013  964 1013 965
		965 1013 1014  965 1014 966
		966 1014 1015  966 1015 967
		967 1015 1016  967 1016 968
		968 1016 1017  968 1017 969
		969 1017 1018  969 1018 970
		970 1018 1019  970 1019 971
		971 1019 1020  971 1020 972
		972 1020 1021  972 1021 973
		973 1021 1022  973 1022 974
		974 1022 1023  974 1023 975
		975 1023 1024  975 1024 976
		976 1024 1025  976 1025 977
		977 1025 1026  977 1026 978
		978 1026 1027  978 1027 979
		979 1027 1028  979 1028 980
		980 1028 1029  980 1029 981
		981 1029 1030  981 1030 982
		982 1030 1031  982 1031 983
		983 1031 1032  983 1032 984
		984 1032 1033  984 1033 985
		985 1033 1034  985 1034 986
		986 1034 1035  986 1035 987
		987 1035 1036  987 1036 988
		988 1036 1037  988 1037 989
		989 1037 1038  989 1038 990
		990 1038 1039  990 1039 991
		991 1039 1040  991 1040 992
		992 1040 1041  992 1041 993
		993 1041 1042  993 1042 994
		994 1042 1043  994 1043 995
		995 1043 1044  995 1044 996
		996 1044 1045  996 1045 997
		997 1045 1046  997 1046 998
		998 1046 1047  998 1047 999
		999 1047 1048  999 1048 1000
		1000 1048 1049  1000 1049 1001
		1001 1049 1050  1001 1050 1002
		1002 1050 1051  1002 1051 1003
		1003 1051 1052  1003 1052 1004
		1004 1052 1053  1004 1053 1005
		1005 1053 1054  1005 1054 1006
		1006 1054 1055  1006 1055 1007
		1007 1055 1008  1007 1008 960
		1008 1056 1057  1008 1057 1009
		1009 1057 1058  1009 1058 1010
		1010 1058 1059  1010 1059 1011
		1011 1059 1060  1011 1060 1012
		1012 1060 1061  1012 1061 1013
		1013 1061 1062  1013 1062 1014
		1014 1062 1063  1014 1063 1015
		1015 1063 1064  1015 1064 1016
		1016 1064 1065  1016 1065 1017
		1017 1065 1066  1017 1066 1018
		1018 1066 1067  1018 1067 1019
		1019 1067 1068  1019 1068 1020
		1020 1068 1069  1020 1069 1021
		1021 1069 1070  1021 1070 1022
		1022 1070 1071  1022 1071 1023
		1023 1071 1072  1023 1072 1024
		1024 1072 1073  1024 1073 1025
		1025 1073 1074  1025 1074 1026
		1026 1074 1075  1026 1075 1027
		1027 1075 1076  1027 1076 1028
		1028 1076 1077  1028 1077 1029
		1029 1077 1078  1029 1078 1030
		1030 1078 1079  1030 1079 1031
		1031 1079 1080  1031 1080 1032
		1032 1080 1081  1032 1081 1033
		1033 1081 1082  1033 1082 1034
		1034 1082 1083  1034 1083 1035
		1035 1083 1084  1035 1084 1036
		1036 1084 1085  1036 1085 1037
		1037 1085 1086  1037 1086 1038
		1038 1086 1087  1038 1087 1039
		1039 1087 1088  1039 1088 1040
		1040 1088 1089  1040 1089 1041
		1041 1089 1090  1041 1090 1042
		1042 1090 1091  1042 1091 1043
		1043 1091 1092  1043 1092 1044
		1044 1092 1093  1044 1093 1045
		1045 1093 1094  1045 1094 1046
		1046 1094 1095  1046 1095 1047
		1047 1095 1096  1047 1096 1048
		1048 1096 1097  1048 1097 1049
		1049 1097 1098  1049 1098 1050
		1050 1098 1099  1050 1099 1051
		1051 1099 1100  1051 1100 1052
		1052 1100 1101  1052 1101 1053
		1053 1101 1102  1053 1102 1054
		1054 1102 1103  1054 1103 1055
		1055 1103 1056  1055 1056 1008
		1056 1104 1105  1056 1105 1057
		1057 1105 1106  1057 1106 1058
		1058 1106 1107  1058 1107 1059
		1059 1107 1108  1059 1108 1060
		1060 1108 1109  1060 1109 1061
		1061 1109 1110  1061 1110 1062
		1062 1110 1111  1062 1111 1063
		1063 1111 1112  1063 1112 1064
		1064 1112 1113  1064 1113 1065
		1065 1113 1114  1065 1114 1066
		1066 1114 1115  1066 1115 1067
		1067 1115 1116  1067 1116 1068
		1068 1116 1117  1068 1117 1069
		1069 1117 1118  1069 1118 1070
		1070 1118 1119  1070 1119 1071
		1071 1119 1120  1071 1120 1072
		1072 1120 1121  1072 1121 1073
		1073 1121 1122  1073 1122 1074
		1074 1122 1123  1074 1123 1075
		1075 1123 1124  1075 1124 1076
		1076 1124 1125  1076 1125 1077
		1077 1125 1126  1077 1126 1078
		1078 1126 1127  1078 1127 1079
		1079 1127 1128  1079 1128 1080
		1080 1128 1129  1080 1129 1081
		1081 1129 1130  1081 1130 1082
		1082 1130 1131  1082 1131 1083
		1083 1131 1132  1083 1132 1084
		1084 1132 1133  1084 1133 1085
		1085 1133 1134  1085 1134 1086
		1086 1134 1135  1086 1135 1087
		1087 1135 1136  1087 1136 1088
		1088 1136 1137  1088 1137 1089
		1089 1137 1138  1089 1138 1090
		1090 1138 1139  1090 1139 1091
		1091 1139 1140  1091 1140 1092
		1092 1140 1141  1092 1141 1093
		1093 1141 1142  1093 1142 1094
		1094 1142 1143  1094 1143 1095
		1095 1143 1144  1095 1144 1096
		1096 1144 1145  1096 1145 1097
		1097 1145 1146  1097 1146 1098
		1098 1146 1147  1098 1147 1099
		1099 1147 1148  1099 1148 1100
		1100 1148 1149  1100 1149 1101
		1101 1149 1150  1101 1150 1102
		1102 1150 1151  1102 1151 1103
		1103 1151 1104  1103 1104 1056
		1104 1152 1153  1104 1153 1105
		1105 1153 1154  1105 1154 1106
		1106 1154 1155  1106 1155 1107
		1107 1155 1156  1107 1156 1108
		1108 1156 1157  1108 1157 1109
		1109 1157 1158  1109 1158 1110
		1110 1158 1159  1110 1159 1111
		1111 1159 1160  1111 1160 1112
		1112 1160 1161  1112 1161 1113
		1113 1161 1162  1113 1162 1114
		1114 1162 1163  1114 1163 1115
		1115 1163 1164  1115 1164 1116
		1116 1164 1165  1116 1165 1117
		1117 1165 1166  1117 1166 1118
		1118 1166 1167  1118 1167 1119
		1119 1167 1168  1119 1168 1120
		1120 1168 1169  1120 1169 1121
		1121 1169 1170  1121 1170 1122
		1122 1170 1171  1122 1171 1123
		1123 1171 1172  1123 1172 1124
		1124 1172 1173  1124 1173 1125
		1125 1173 1174  1125 1174 1126
		1126 1174 1175  1126 1175 1127
		1127 1175 1176  1127 1176 1128
		1128 1176 1177  1128 1177 1129
		1129 1177 1178  1129 1178 1130
		1130 1178 1179  1130 1179 1131
		1131 1179 1180  1131 1180 1132
		1132 1180 1181  1132 1181 1133
		1133 1181 1182  1133 1182 1134
		1134 1182 1183  1134 1183 1135
		1135 1183 1184  1135 1184 1136
		1136 1184 1185  1136 1185 1137
		1137 1185 1186  1137 1186 1138
		1138 1186 1187  1138 1187 1139
		1139 1187 1188  1139 1188 1140
		1140 1188 1189  1140 1189 1141
		1141 1189 1190  1141 1190 1142
		1142 1190 1191  1142 1191 1143
		1143 1191 1192  1143 1192 1144
		1144 1192 1193  1144 1193 1145
		1145 1193 1194  1145 1194 1146
		1146 1194 1195  1146 1195 1147
		1147 1195 1196  1147 1196 1148
		1148 1196 1197  1148 1197 1149
		1149 1197 1198  1149 1198 1150
		1150 1198 1199  1150 1199 1151
		1151 1199 1152  1151 1152 1104
		1152 1200 1201  1152 1201 1153
		1153 1201 1202  1153 1202 1154
		1154 1202 1203  1154 1203 1155
		1155 1203 1204  1155 1204 1156
		1156 1204 1205  1156 1205 1157
		1157 1205 1206  1157 1206 1158
		1158 1206 1207  1158 1207 1159
		1159 1207 1208  1159 1208 1160
		1160 1208 1209  1160 1209 1161
		1161 1209 1210  1161 1210 1162
		1162 1210 1211  1162 1211 1163
		1163 1211 1212  1163 1212 1164
		1164 1212 1213  1164 1213 1165
		1165 1213 1214  1165 1214 1166
		1166 1214 1215  1166 1215 1167
		1167 1215 1216  1167 1216 1168
		1168 1216 1217  1168 1217 1169
		1169 1217 1218  1169 1218 1170
		1170 1218 1219  1170 1219 1171
		1171 1219 1220  1171 1220 1172
		1172 1220 1221  1172 1221 1173
		1173 1221 1222  1173 1222 1174
		1174 1222 1223  1174 1223 1175
		1175 1223 1224  1175 1224 1176
		1176 1224 1225  1176 1225 1177
		1177 1225 1226  1177 1226 1178
		1178 1226 1227  1178 1227 1179
		1179 1227 1228  1179 1228 1180
		1180 1228 1229  1180 1229 1181
		1181 1229 1230  1181 1230 1182
		1182 1230 1231  1182 1231 1183
		1183 1231 1232  1183 1232 1184
		1184 1232 1233  1184 1233 1185
		1185 1233 1234  1185 1234 1186
		1186 1234 1235  1186 1235 1187
		1187 1235 1236  1187 1236 1188
		1188 1236 1237  1188 1237 1189
		1189 1237 1238  1189 1238 1190
		1190 1238 1239  1190 1239 1191
		1191 1239 1240  1191 1240 1192
		1192 1240 1241  1192 1241 1193
		1193 1241 1242  1193 1242 1194
		1194 1242 1243  1194 1243 1195
		1195 1243 1244  1195 1244 1196
		1196 1244 1245  1196 1245 1197
		1197 1245 1246  1197 1246 1198
		1198 1246 1247  1198 1247 1199
		1199 1247 1200  1199 1200 1152
		1200 1248 1249  1200 1249 1201
		1201 1249 1250  1201 1250 1202
		1202 1250 1251  1202 1251 1203
		1203 1251 1252  1203 1252 1204
		1204 1252 1253  1204 1253 1205
		1205 1253 1254  1205 1254 1206
		1206 1254 1255  1206 1255 1207
		1207 1255 1256  1207 1256 1208
		1208 1256 1257  1208 1257 1209
		1209 1257 1258  1209 1258 1210
		1210 1258 1259  1210 1259 1211
		1211 1259 1260  1211 1260 1212
		1212 1260 1261  1212 1261 1213
		1213 1261 1262  1213 1262 1214
		1214 1262 1263  1214 1263 1215
		1215 1263 1264  1215 1264 1216
		1216 1264 1265  1216 1265 1217
		1217 1265 1266  1217 1266 1218
		1218 1266 1267  1218 1267 1219
		1219 1267 1268  1219 1268 1220
		1220 1268 1269  1220 1269 1221
		1221 1269 1270  1221 1270 1222
		1222 1270 1271  1222 1271 1223
		1223 1271 1272  1223 1272 1224
		1224 1272 1273  1224 1273 1225
		1225 1273 1274  1225 1274 1226
		1226 1274 1275  1226 1275 1227
		1227 1275 1276  1227 1276 1228
		1228 1276 1277  1228 1277 1229
		1229 1277 1278  1229 1278 1230
		1230 1278 1279  1230 1279 1231
		1231 1279 1280  1231 1280 1232
		1232 1280 1281  1232 1281 1233
		1233 1281 1282  1233 1282 1234
		1234 1282 1283  1234 1283 1235
		1235 1283 1284  1235 1284 1236
		1236 1284 1285  1236 1285 1237
		1237 1285 1286  1237 1286 1238
		1238 1286 1287  1238 1287 1239
		1239 1287 1288  1239 1288 1240
		1240 1288 1289  1240 1289 1241
		1241 1289 1290  1241 1290 1242
		1242 1290 1291  1242 1291 1243
		1243 1291 1292  1243 1292 1244
		1244 1292 1293  1244 1293 1245
		1245 1293 1294  1245 1294 1246
		1246 1294 1295  1246 1295 1247
		1247 1295 1248  1247 1248 1200
		1248 1296 1297  1248 1297 1249
		1249 1297 1298  1249 1298 1250
		1250 1298 1299  1250 1299 1251
		1251 1299 1300  1251 1300 1252
		1252 1300 1301  1252 1301 1253
		1253 1301 1302  1253 1302 1254
		1254 1302 1303  1254 1303 1255
		1255 1303 1304  1255 1304 1256
		1256 1304 1305  1256 1305 1257
		1257 1305 1306  1257 1306 1258
		1258 1306 1307  1258 1307 1259
		1259 1307 1308  1259 1308 1260
		1260 1308 1309  1260 1309 1261
		1261 1309 1310  1261 1310 1262
		1262 1310 1311  1262 1311 1263
		1263 1311 1312  1263 1312 1264
		1264 1312 1313  1264 1313 1265
		1265 1313 1314  1265 1314 1266
		1266 1314 1315  1266 1315 1267
		1267 1315 1316  1267 1316 1268
		1268 1316 1317  1268 1317 1269
		1269 1317 1318  1269 1318 1270
		1270 1318 1319  1270 1319 1271
		1271 1319 1320  1271 1320 1272
		1272 1320 1321  1272 1321 1273
		1273 1321 1322  1273 1322 1274
		1274 1322 1323  1274 1323 1275
		1275 1323 1324  1275 1324 1276
		1276 1324 1325  1276 1325 1277
		1277 1325 1326  1277 1326 1278
		1278 1326 1327  1278 1327 1279
		1279 1327 1328  1279 1328 1280
		1280 1328 1329  1280 1329 1281
		1281 1329 1330  1281 1330 1282
		1282 1330 1331  1282 1331 1283
		1283 1331 1332  1283 1332 1284
		1284 1332 1333  1284 1333 1285
		1285 1333 1334  1285 1334 1286
		1286 1334 1335  1286 1335 1287
		1287 1335 1336  1287 1336 1288
		1288 1336 1337  1288 1337 1289
		1289 1337 1338  1289 1338 1290
		1290 1338 1339  1290 1339 1291
		1291 1339 1340  1291 1340 1292
		1292 1340 1341  1292 1341 1293
		1293 1341 1342  1293 1342 1294
		1294 1342 1343  1294 1343 1295
		1295 1343 1296  1295 1296 1248
		1296 1344 1345  1296 1345 1297
		1297 1345 1346  1297 1346 1298
		1298 1346 1347  1298 1347 1299
		1299 1347 1348  1299 1348 1300
		1300 1348 1349  1300 1349 1301
		1301 1349 1350  1301 1350 1302
		1302 1350 1351  1302 1351 1303
		1303 1351 1352  1303 1352 1304
		1304 1352 1353  1304 1353 1305
		1305 1353 1354  1305 1354 1306
		1306 1354 1355  1306 1355 1307
		1307 1355 1356  1307 1356 1308
		1308 1356 1357  1308 1357 1309
		1309 1357 1358  1309 1358 1310
		1310 1358 1359  1310 1359 1311
		1311 1359 1360  1311 1360 1312
		1312 1360 1361  1312 1361 1313
		1313 1361 1362  1313 1362 1314
		1314 1362 1363  1314 1363 1315
		1315 1363 1364  1315 1364 1316
		1316 1364 1365  1316 1365 1317
		1317 1365 1366  1317 1366 1318
		1318 1366 1367  1318 1367 1319
		1319 1367 1368  1319 1368 1320
		1320 1368 1369  1320 1369 1321
		1321 1369 1370  1321 1370 1322
		1322 1370 1371  1322 1371 1323
		1323 1371 1372  1323 1372 1324
		1324 1372 1373  1324 1373 1325
		1325 1373 1374  1325 1374 1326
		1326 1374 1375  1326 1375 1327
		1327 1375 1376  1327 1376 1328
		1328 1376 1377  1328 1377 1329
		1329 1377 1378  1329 1378 1330
		1330 1378 1379  1330 1379 1331
		1331 1379 1380  1331 1380 1332
		1332 1380 1381  1332 1381 1333
		1333 1381 1382  1333 1382 1334
		1334 1382 1383  1334 1383 1335
		1335 1383 1384  1335 1384 1336
		1336 1384 1385  1336 1385 1337
		1337 1385 1386  1337 1386 1338
		1338 1386 1387  1338 1387 1339
		1339 1387 1388  1339 1388 1340
		1340 1388 1389  1340 1389 1341
		1341 1389 1390  1341 1390 1342
		1342 1390 1391  1342 1391 1343
		1343 1391 1344  1343 1344 1296
		1344 1392 1393  1344 1393 1345
		1345 1393 1394  1345 1394 1346
		1346 1394 1395  1346 1395 1347
		1347 1395 1396  1347 1396 1348
		1348 1396 1397  1348 1397 1349
		1349 1397 1398  1349 1398 1350
		1350 1398 1399  1350 1399 1351
		1351 1399 1400  1351 1400 1352
		1352 1400 1401  1352 1401 1353
		1353 1401 1402  1353 1402 1354
		1354 1402 1403  1354 1403 1355
		1355 1403 1404  1355 1404 1356
		1356 1404 1405  1356 1405 1357
		1357 1405 1406  1357 1406 1358
		1358 1406 1407  1358 1407 1359
		1359 1407 1408  1359 1408 1360
		1360 1408 1409  1360 1409 1361
		1361 1409 1410  1361 1410 1362
		1362 1410 1411  1362 1411 1363
		1363 1411 1412  1363 1412 1364
		1364 1412 1413  1364 1413 1365
		1365 1413 1414  1365 1414 1366
		1366 1414 1415  1366 1415 1367
		1367 1415 1416  1367 1416 1368
		1368 1416 1417  1368 1417 1369
		1369 1417 1418  1369 1418 1370
		1370 1418 1419  1370 1419 1371
		1371 1419 1420  1371 1420 1372
		1372 1420 1421  1372 1421 1373
		1373 1421 1422  1373 1422 1374
		1374 1422 1423  1374 1423 1375
		1375 1423 1424  1375 1424 1376
		1376 1424 1425  1376 1425 1377
		1377 1425 1426  1377 1426 1378
		1378 1426 1427  1378 1427 1379
		1379 1427 1428  1379 1428 1380
		1380 1428 1429  1380 1429 1381
		1381 1429 1430  1381 1430 1382
		1382 1430 1431  1382 1431 1383
		1383 1431 1432  1383 1432 1384
		1384 1432 1433  1384 1433 1385
		1385 1433 1434  1385 1434 1386
		1386 1434 1435  1386 1435 1387
		1387 1435 1436  1387 1436 1388
		1388 1436 1437  1388 1437 1389
		1389 1437 1438  1389 1438 1390
		1390 1438 1439  1390 1439 1391
		1391 1439 1392  1391 1392 1344
		1392 1440 1441  1392 1441 1393
		1393 1441 1442  1393 1442 1394
		1394 1442 1443  1394 1443 1395
		1395 1443 1444  1395 1444 1396
		1396 1444 1445  1396 1445 1397
		1397 1445 1446  1397 1446 1398
		1398 1446 1447  1398 1447 1399
		1399 1447 1448  1399 1448 1400
		1400 1448 1449  1400 1449 1401
		1401 1449 1450  1401 1450 1402
		1402 1450 1451  1402 1451 1403
		1403 1451 1452  1403 1452 1404
		1404 1452 1453  1404 1453 1405
		1405 1453 1454  1405 1454 1406
		1406 1454 1455  1406 1455 1407
		1407 1455 1456  1407 1456 1408
		1408 1456 1457  1408 1457 1409
		1409 1457 1458  1409 1458 1410
		1410 1458 1459  1410 1459 1411
		1411 1459 1460  1411 1460 1412
		1412 1460 1461  1412 1461 1413
		1413 1461 1462  1413 1462 1414
		1414 1462 1463  1414 1463 1415
		1415 1463 1464  1415 1464 1416
		1416 1464 1465  1416 1465 1417
		1417 1465 1466  1417 1466 1418
		1418 1466 1467  1418 1467 1419
		1419 1467 1468  1419 1468 1420
		1420 1468 1469  1420 1469 1421
		1421 1469 1470  1421 1470 1422
		1422 1470 1471  1422 1471 1423
		1423 1471 1472  1423 1472 1424
		1424 1472 1473  1424 1473 1425
		1425 1473 1474  1425 1474 1426
		1426 1474 1475  1426 1475 1427
		1427 1475 1476  1427 1476 1428
		1428 1476 1477  1428 1477 1429
		1429 1477 1478  1429 1478 1430
		1430 1478 1479  1430 1479 1431
		1431 1479 1480  1431 1480 1432
		1432 1480 1481  1432 1481 1433
		1433 1481 1482  1433 1482 1434
		1434 1482 1483  1434 1483 1435
		1435 1483 1484  1435 1484 1436
		1436 1484 1485  1436 1485 1437
		1437 1485 1486  1437 1486 1438
		1438 1486 1487  1438 1487 1439
		1439 1487 1440  1439 1440 1392
		1440 1488 1489  1440 1489 1441
		1441 1489 1490  1441 1490 1442
		1442 1490 1491  1442 1491 1443
		1443 1491 1492  1443 1492 1444
		1444 1492 1493  1444 1493 1445
		1445 1493 1494  1445 1494 1446
		1446 1494 1495  1446 1495 1447
		1447 1495 1496  1447 1496 1448
		1448 1496 1497  1448 1497 1449
		1449 1497 1498  1449 1498 1450
		1450 1498 1499  1450 1499 1451
		1451 1499 1500  1451 1500 1452
		1452 1500 1501  1452 1501 1453
		1453 1501 1502  1453 1502 1454
		1454 1502 1503  1454 1503 1455
		1455 1503 1504  1455 1504 1456
		1456 1504 1505  1456 1505 1457
		1457 1505 1506  1457 1506 1458
		1458 1506 1507  1458 1507 1459
		1459 1507 1508  1459 1508 1460
		1460 1508 1509  1460 1509 1461
		1461 1509 1510  1461 1510 1462
		1462 1510 1511  1462 1511 1463
		1463 1511 1512  1463 1512 1464
		1464 1512 1513  1464 1513 1465
		1465 1513 1514  1465 1514 1466
		1466 1514 1515  1466 1515 1467
		1467 1515 1516  1467 1516 1468
		1468 1516 1517  1468 1517 1469
		1469 1517 1518  1469 1518 1470
		1470 1518 1519  1470 1519 1471
		1471 1519 1520  1471 1520 1472
		1472 1520 1521  1472 1521 1473
		1473 1521 1522  1473 1522 1474
		1474 1522 1523  1474 1523 1475
		1475 1523 1524  1475 1524 1476
		1476 1524 1525  1476 1525 1477
		1477 1525 1526  1477 1526 1478
		1478 1526 1527  1478 1527 1479
		1479 1527 1528  1479 1528 1480
		1480 1528 1529  1480 1529 1481
		1481 1529 1530  1481 1530 1482
		1482 1530 1531  1482 1531 1483
		1483 1531 1532  1483 1532 1484
		1484 1532 1533  1484 1533 1485
		1485 1533 1534  1485 1534 1486
		1486 1534 1535  1486 1535 1487
		1487 1535 1488  1487 1488 1440
		1488 1536 1537  1488 1537 1489
		1489 1537 1538  1489 1538 1490
		1490 1538 1539  1490 1539 1491
		1491 1539 1540  1491 1540 1492
		1492 1540 1541  1492 1541 1493
		1493 1541 1542  1493 1542 1494
		1494 1542 1543  1494 1543 1495
		1495 1543 1544  1495 1544 1496
		1496 1544 1545  1496 1545 1497
		1497 1545 1546  1497 1546 1498
		1498 1546 1547  1498 1547 1499
		1499 1547 1548  1499 1548 1500
		1500 1548 1549  1500 1549 1501
		1501 1549 1550  1501 1550 1502
		1502 1550 1551  1502 1551 1503
		1503 1551 1552  1503 1552 1504
		1504 1552 1553  1504 1553 1505
		1505 1553 1554  1505 1554 1506
		1506 1554 1555  1506 1555 1507
		1507 1555 1556  1507 1556 1508
		1508 1556 1557  1508 1557 1509
		1509 1557 1558  1509 1558 1510
		1510 1558 1559  1510 1559 1511
		1511 1559 1560  1511 1560 1512
		1512 1560 1561  1512 1561 1513
		1513 1561 1562  1513 1562 1514
		1514 1562 1563  1514 1563 1515
		1515 1563 1564  1515 1564 1516
		1516 1564 1565  1516 1565 1517
		1517 1565 1566  1517 1566 1518
		1518 1566 1567  1518 1567 1519
		1519 1567 1568  1519 1568 1520
		1520 1568 1569  1520 1569 1521
		1521 1569 1570  1521 1570 1522
		1522 1570 1571  1522 1571 1523
		1523 1571 1572  1523 1572 1524
		1524 1572 1573  1524 1573 1525
		1525 1573 1574  1525 1574 1526
		1526 1574 1575  1526 1575 1527
		1527 1575 1576  1527 1576 1528
		1528 1576 1577  1528 1577 1529
		1529 1577 1578  1529 1578 1530
		1530 1578 1579  1530 1579 1531
		1531 1579 1580  1531 1580 1532
		1532 1580 1581  1532 1581 1533
		1533 1581 1582  1533 1582 1534
		1534 1582 1583  1534 1583 1535
		1535 1583 1536  1535 1536 1488
		1536 1584 1585  1536 1585 1537
		1537 1585 1586  1537 1586 1538
		1538 1586 1587  1538 1587 1539
		1539 1587 1588  1539 1588 1540
		1540 1588 1589  1540 1589 1541
		1541 1589 1590  1541 1590 1542
		1542 1590 1591  1542 1591 1543
		1543 1591 1592  1543 1592 1544
		1544 1592 1593  1544 1593 1545
		1545 1593 1594  1545 1594 1546
		1546 1594 1595  1546 1595 1547
		1547 1595 1596  1547 1596 1548
		1548 1596 1597  1548 1597 1549
		1549 1597 1598  1549 1598 1550
		1550 1598 1599  1550 1599 1551
		1551 1599 1600  1551 1600 1552
		1552 1600 1601  1552 1601 1553
		1553 1601 1602  1553 1602 1554
		1554 1602 1603  1554 1603 1555
		1555 1603 1604  1555 1604 1556
		1556 1604 1605  1556 1605 1557
		1557 1605 1606  1557 1606 1558
		1558 1606 1607  1558 1607 1559
		1559 1607 1608  1559 1608 1560
		1560 1608 1609  1560 1609 1561
		1561 1609 1610  1561 1610 1562
		1562 1610 1611  1562 1611 1563
		1563 1611 1612  1563 1612 1564
		1564 1612 1613  1564 1613 1565
		1565 1613 1614  1565 1614 1566
		1566 1614 1615  1566 1615 1567
		1567 1615 1616  1567 1616 1568
		1568 1616 1617  1568 1617 1569
		1569 1617 1618  1569 1618 1570
		1570 1618 1619  1570 1619 1571
		1571 1619 1620  1571 1620 1572
		1572 1620 1621  1572 1621 1573
		1573 1621 1622  1573 1622 1574
		1574 1622 1623  1574 1623 1575
		1575 1623 1624  1575 1624 1576
		1576 1624 1625  1576 1625 1577
		1577 1625 1626  1577 1626 1578
		1578 1626 1627  1578 1627 1579
		1579 1627 1628  1579 1628 1580
		1580 1628 1629  1580 1629 1581
		1581 1629 1630  1581 1630 1582
		1582 1630 1631  1582 1631 1583
		1583 1631 1584  1583 1584 1536
		1584 1632 1633  1584 1633 1585
		1585 1633 1634  1585 1634 1586
		1586 1634 1635  1586 1635 1587
		1587 1635 1636  1587 1636 1588
		1588 1636 1637  1588 1637 1589
		1589 1637 1638  1589 1638 1590
		1590 1638 1639  1590 1639 1591
		1591 1639 1640  1591 1640 1592
		1592 1640 1641  1592 1641 1593
		1593 1641 1642  1593 1642 1594
		1594 1642 1643  1594 1643 1595
		1595 1643 1644  1595 1644 1596
		1596 1644 1645  1596 1645 1597
		1597 1645 1646  1597 1646 1598
		1598 1646 1647  1598 1647 1599
		1599 1647 1648  1599 1648 1600
		1600 1648 1649  1600 1649 1601
		1601 1649 1650  1601 1650 1602
		1602 1650 1651  1602 1651 1603
		1603 1651 1652  1603 1652 1604
		1604 1652 1653  1604 1653 1605
		1605 1653 1654  1605 1654 1606
		1606 1654 1655  1606 1655 1607
		1607 1655 1656  1607 1656 1608
		1608 1656 1657  1608 1657 1609
		1609 1657 1658  1609 1658 1610
		1610 1658 1659  1610 1659 1611
		1611 1659 1660  1611 1660 1612
		1612 1660 1661  1612 1661 1613
		1613 1661 1662  1613 1662 1614
		1614 1662 1663  1614 1663 1615
		1615 1663 1664  1615 1664 1616
		1616 1664 1665  1616 1665 1617
		1617 1665 1666  1617 1666 1618
		1618 1666 1667  1618 1667 1619
		1619 1667 1668  1619 1668 1620
		1620 1668 1669  1620 1669 1621
		1621 1669 1670  1621 1670 1622
		1622 1670 1671  1622 1671 1623
		1623 1671 1672  1623 1672 1624
		1624 1672 1673  1624 1673 1625
		1625 1673 1674  1625 1674 1626
		1626 1674 1675  1626 1675 1627
		1627 1675 1676  1627 1676 1628
		1628 1676 1677  1628 1677 1629
		1629 1677 1678  1629 1678 1630
		1630 1678 1679  1630 1679 1631
		1631 1679 1632  1631 1632 1584
		1632 1680 1681  1632 1681 1633
		1633 1681 1682  1633 1682 1634
		1634 1682 1683  1634 1683 1635
		1635 1683 1684  1635 1684 1636
		1636 1684 1685  1636 1685 1637
		1637 1685 1686  1637 1686 1638
		1638 1686 1687  1638 1687 1639
		1639 1687 1688  1639 1688 1640
		1640 1688 1689  1640 1689 1641
		1641 1689 1690  1641 1690 1642
		1642 1690 1691  1642 1691 1643
		1643 1691 1692  1643 1692 1644
		1644 1692 1693  1644 1693 1645
		1645 1693 1694  1645 1694 1646
		1646 1694 1695  1646 1695 1647
		1647 1695 1696  1647 1696 1648
		1648 1696 1697  1648 1697 1649
		1649 1697 1698  1649 1698 1650
		1650 1698 1699  1650 1699 1651
		1651 1699 1700  1651 1700 1652
		1652 1700 1701  1652 1701 1653
		1653 1701 1702  1653 1702 1654
		1654 1702 1703  1654 1703 1655
		1655 1703 1704  1655 1704 1656
		1656 1704 1705  1656 1705 1657
		1657 1705 1706  1657 1706 1658
		1658 1706 1707  1658 1707 1659
		1659 1707 1708  1659 1708 1660
		1660 1708 1709  1660 1709 1661
		1661 1709 1710  1661 1710 1662
		1662 1710 1711  1662 1711 1663
		1663 1711 1712  1663 1712 1664
		1664 1712 1713  1664 1713 1665
		1665 1713 1714  1665 1714 1666
		1666 1714 1715  1666 1715 1667
		1667 1715 1716  1667 1716 1668
		1668 1716 1717  1668 1717 1669
		1669 1717 1718  1669 1718 1670
		1670 1718 1719  1670 1719 1671
		1671 1719 1720  1671 1720 1672
		1672 1720 1721  1672 1721 1673
		1673 1721 1722  1673 1722 1674
		1674 1722 1723  1674 1723 1675
		1675 1723 1724  1675 1724 1676
		1676 1724 1725  1676 1725 1677
		1677 1725 1726  1677 1726 1678
		1678 1726 1727  1678 1727 1679
		1679 1727 1680  1679 1680 1632
		1680 1728 1729  1680 1729 1681
		1681 1729 1730  1681 1730 1682
		1682 1730 1731  1682 1731 1683
		1683 1731 1732  1683 1732 1684
		1684 1732 1733  1684 1733 1685
		1685 1733 1734  1685 1734 1686
		1686 1734 1735  1686 1735 1687
		1687 1735 1736  1687 1736 1688
		1688 1736 1737  1688 1737 1689
		1689 1737 1738  1689 1738 1690
		1690 1738 1739  1690 1739 1691
		1691 1739 1740  1691 1740 1692
		1692 1740 1741  1692 1741 1693
		1693 1741 1742  1693 1742 1694
		1694 1742 1743  1694 1743 1695
		1695 1743 1744  1695 1744 1696
		1696 1744 1745  1696 1745 1697
		1697 1745 1746  1697 1746 1698
		1698 1746 1747  1698 1747 1699
		1699 1747 1748  1699 1748 1700
		1700 1748 1749  1700 1749 1701
		1701 1749 1750  1701 1750 1702
		1702 1750 1751  1702 1751 1703
		1703 1751 1752  1703 1752 1704
		1704 1752 1753  1704 1753 1705
		1705 1753 1754  1705 1754 1706
		1706 1754 1755  1706 1755 1707
		1707 1755 1756  1707 1756 1708
		1708 1756 1757  1708 1757 1709
		1709 1757 1758  1709 1758 1710
		1710 1758 1759  1710 1759 1711
		1711 1759 1760  1711 1760 1712
		1712 1760 1761  1712 1761 1713
		1713 1761 1762  1713 1762 1714
		1714 1762 1763  1714 1763 1715
		1715 1763 1764  1715 1764 1716
		1716 1764 1765  1716 1765 1717
		1717 1765 1766  1717 1766 1718
		1718 1766 1767  1718 1767 1719
		1719 1767 1768  1719 1768 1720
		1720 1768 1769  1720 1769 1721
		1721 1769 1770  1721 1770 1722
		1722 1770 1771  1722 1771 1723
		1723 1771 1772  1723 1772 1724
		1724 1772 1773  1724 1773 1725
		1725 1773 1774  1725 1774 1726
		1726 1774 1775  1726 1775 1727
		1727 1775 1728  1727 1728 1680
		1728 1776 1777  1728 1777 1729
		1729 1777 1778  1729 1778 1730
		1730 1778 1779  1730 1779 1731
		1731 1779 1780  1731 1780 1732
		1732 1780 1781  1732 1781 1733
		1733 1781 1782  1733 1782 1734
		1734 1782 1783  1734 1783 1735
		1735 1783 1784  1735 1784 1736
		1736 1784 1785  1736 1785 1737
		1737 1785 1786  1737 1786 1738
		1738 1786 1787  1738 1787 1739
		1739 1787 1788  1739 1788 1740
		1740 1788 1789  1740 1789 1741
		1741 1789 1790  1741 1790 1742
		1742 1790 1791  1742 1791 1743
		1743 1791 1792  1743 1792 1744
		1744 1792 1793  1744 1793 1745
		1745 1793 1794  1745 1794 1746
		1746 1794 1795  1746 1795 1747
		1747 1795 1796  1747 1796 1748
		1748 1796 1797  1748 1797 1749
		1749 1797 1798  1749 1798 1750
		1750 1798 1799  1750 1799 1751
		1751 1799 1800  1751 1800 1752
		1752 1800 1801  1752 1801 1753
		1753 1801 1802  1753 1802 1754
		1754 1802 1803  1754 1803 1755
		1755 1803 1804  1755 1804 1756
		1756 1804 1805  1756 1805 1757
		1757 1805 1806  1757 1806 1758
		1758 1806 1807  1758 1807 1759
		1759 1807 1808  1759 1808 1760
		1760 1808 1809  1760 1809 1761
		1761 1809 1810  1761 1810 1762
		1762 1810 1811  1762 1811 1763
		1763 1811 1812  1763 1812 1764
		1764 1812 1813  1764 1813 1765
		1765 1813 1814  1765 1814 1766
		1766 1814 1815  1766 1815 1767
		1767 1815 1816  1767 1816 1768
		1768 1816 1817  1768 1817 1769
		1769 1817 1818  1769 1818 1770
		1770 1818 1819  1770 1819 1771
		1771 1819 1820  1771 1820 1772
		1772 1820 1821  1772 1821 1773
		1773 1821 1822  1773 1822 1774
		1774 1822 1823  1774 1823 1775
		1775 1823 1776  1775 1776 1728
		1776 1824 1825  1776 1825 1777
		1777 1825 1826  1777 1826 1778
		1778 1826 1827  1778 1827 1779
		1779 1827 1828  1779 1828 1780
		1780 1828 1829  1780 1829 1781
		1781 1829 1830  1781 1830 1782
		1782 1830 1831  1782 1831 1783
		1783 1831 1832  1783 1832 1784
		1784 1832 1833  1784 1833 1785
		1785 1833 1834  1785 1834 1786
		1786 1834 1835  1786 1835 1787
		1787 1835 1836  1787 1836 1788
		1788 1836 1837  1788 1837 1789
		1789 1837 1838  1789 1838 1790
		1790 1838 1839  1790 1839 1791
		1791 1839 1840  1791 1840 1792
		1792 1840 1841  1792 1841 1793
		1793 1841 1842  1793 1842 1794
		1794 1842 1843  1794 1843 1795
		1795 1843 1844  1795 1844 1796
		1796 1844 1845  1796 1845 1797
		1797 1845 1846  1797 1846 1798
		1798 1846 1847  1798 1847 1799
		1799 1847 1848  1799 1848 1800
		1800 1848 1849  1800 1849 1801
		1801 1849 1850  1801 1850 1802
		1802 1850 1851  1802 1851 1803
		1803 1851 1852  1803 1852 1804
		1804 1852 1853  1804 1853 1805
		1805 1853 1854  1805 1854 1806
		1806 1854 1855  1806 1855 1807
		1807 1855 1856  1807 1856 1808
		1808 1856 1857  1808 1857 1809
		1809 1857 1858  1809 1858 1810
		1810 1858 1859  1810 1859 1811
		1811 1859 1860  1811 1860 1812
		1812 1860 1861  1812 1861 1813
		1813 1861 1862  1813 1862 1814
		1814 1862 1863  1814 1863 1815
		1815 1863 1864  1815 1864 1816
		1816 1864 1865  1816 1865 1817
		1817 1865 1866  1817 1866 1818
		1818 1866 1867  1818 1867 1819
		1819 1867 1868  1819 1868 1820
		1820 1868 1869  1820 1869 1821
		1821 1869 1870  1821 1870 1822
		1822 1870 1871  1822 1871 1823
		1823 1871 1824  1823 1824 1776
		1824 1872 1873  1824 1873 1825
		1825 1873 1874  1825 1874 1826
		1826 1874 1875  1826 1875 1827
		1827 1875 1876  1827 1876 1828
		1828 1876 1877  1828 1877 1829
		1829 1877 1878  1829 1878 1830
		1830 1878 1879  1830 1879 1831
		1831 1879 1880  1831 1880 1832
		1832 1880 1881  1832 1881 1833
		1833 1881 1882  1833 1882 1834
		1834 1882 1883  1834 1883 1835
		1835 1883 1884  1835 1884 1836
		1836 1884 1885  1836 1885 1837
		1837 1885 1886  1837 1886 1838
		1838 1886 1887  1838 1887 1839
		1839 1887 1888  1839 1888 1840
		1840 1888 1889  1840 1889 1841
		1841 1889 1890  1841 1890 1842
		1842 1890 1891  1842 1891 1843
		1843 1891 1892  1843 1892 1844
		1844 1892 1893  1844 1893 1845
		1845 1893 1894  1845 1894 1846
		1846 1894 1895  1846 1895 1847
		1847 1895 1896  1847 1896 1848
		1848 1896 1897  1848 1897 1849
		1849 1897 1898  1849 1898 1850
		1850 1898 1899  1850 1899 1851
		1851 1899 1900  1851 1900 1852
		1852 1900 1901  1852 1901 1853
		1853 1901 1902  1853 1902 1854
		1854 1902 1903  1854 1903 1855
		1855 1903 1904  1855 1904 1856
		1856 1904 1905  1856 1905 1857
		1857 1905 1906  1857 1906 1858
		1858 1906 1907  1858 1907 1859
		1859 1907 1908  1859 1908 1860
		1860 1908 1909  1860 1909 1861
		1861 1909 1910  1861 1910 1862
		1862 1910 1911  1862 1911 1863
		1863 1911 1912  1863 1912 1864
		1864 1912 1913  1864 1913 1865
		1865 1913 1914  1865 1914 1866
		1866 1914 1915  1866 1915 1867
		1867 1915 1916  1867 1916 1868
		1868 1916 1917  1868 1917 1869
		1869 1917 1918  1869 1918 1870
		1870 1918 1919  1870 1919 1871
		1871 1919 1872  1871 1872 1824
		1872 1920 1921  1872 1921 1873
		1873 1921 1922  1873 1922 1874
		1874 1922 1923  1874 1923 1875
		1875 1923 1924  1875 1924 1876
		1876 1924 1925  1876 1925 1877
		1877 1925 1926  1877 1926 1878
		1878 1926 1927  1878 1927 1879
		1879 1927 1928  1879 1928 1880
		1880 1928 1929  1880 1929 1881
		1881 1929 1930  1881 1930 1882
		1882 1930 1931  1882 1931 1883
		1883 1931 1932  1883 1932 1884
		1884 1932 1933  1884 1933 1885
		1885 1933 1934  1885 1934 1886
		1886 1934 1935  1886 1935 1887
		1887 1935 1936  1887 1936 1888
		1888 1936 1937  1888 1937 1889
		1889 1937 1938  1889 1938 1890
		1890 1938 1939  1890 1939 1891
		1891 1939 1940  1891 1940 1892
		1892 1940 1941  1892 1941 1893
		1893 1941 1942  1893 1942 1894
		1894 1942 1943  1894 1943 1895
		1895 1943 1944  1895 1944 1896
		1896 1944 1945  1896 1945 1897
		1897 1945 1946  1897 1946 1898
		1898 1946 1947  1898 1947 1899
		1899 1947 1948  1899 1948 1900
		1900 1948 1949  1900 1949 1901
		1901 1949 1950  1901 1950 1902
		1902 1950 1951  1902 1951 1903
		1903 1951 1952  1903 1952 1904
		1904 1952 1953  1904 1953 1905
		1905 1953 1954  1905 1954 1906
		1906 1954 1955  1906 1955 1907
		1907 1955 1956  1907 1956 1908
		1908 1956 1957  1908 1957 1909
		1909 1957 1958  1909 1958 1910
		1910 1958 1959  1910 1959 1911
		1911 1959 1960  1911 1960 1912
		1912 1960 1961  1912 1961 1913
		1913 1961 1962  1913 1962 1914
		1914 1962 1963  1914 1963 1915
		1915 1963 1964  1915 1964 1916
		1916 1964 1965  1916 1965 1917
		1917 1965 1966  1917 1966 1918
		1918 1966 1967  1918 1967 1919
		1919 1967 1920  1919 1920 1872
		1920 1968 1969  1920 1969 1921
		1921 1969 1970  1921 1970 1922
		1922 1970 1971  1922 1971 1923
		1923 1971 1972  1923 1972 1924
		1924 1972 1973  1924 1973 1925
		1925 1973 1974  1925 1974 1926
		1926 1974 1975  1926 1975 1927
		1927 1975 1976  1927 1976 1928
		1928 1976 1977  1928 1977 1929
		1929 1977 1978  1929 1978 1930
		1930 1978 1979  1930 1979 1931
		1931 1979 1980  1931 1980 1932
		1932 1980 1981  1932 1981 1933
		1933 1981 1982  1933 1982 1934
		1934 1982 1983  1934 1983 1935
		1935 1983 1984  1935 1984 1936
		1936 1984 1985  1936 1985 1937
		1937 1985 1986  1937 1986 1938
		1938 1986 1987  1938 1987 1939
		1939 1987 1988  1939 1988 1940
		1940 1988 1989  1940 1989 1941
		1941 1989 1990  1941 1990 1942
		1942 1990 1991  1942 1991 1943
		1943 1991 1992  1943 1992 1944
		1944 1992 1993  1944 1993 1945
		1945 1993 1994  1945 1994 1946
		1946 1994 1995  1946 1995 1947
		1947 1995 1996  1947 1996 1948
		1948 1996 1997  1948 1997 1949
		1949 1997 1998  1949 1998 1950
		1950 1998 1999  1950 1999 1951
		1951 1999 2000  1951 2000 1952
		1952 2000 2001  1952 2001 1953
		1953 2001 2002  1953 2002 1954
		1954 2002 2003  1954 2003 1955
		1955 2003 2004  1955 2004 1956
		1956 2004 2005  1956 2005 1957
		1957 2005 2006  1957 2006 1958
		1958 2006 2007  1958 2007 1959
		1959 2007 2008  1959 2008 1960
		1960 2008 2009  1960 2009 1961
		1961 2009 2010  1961 2010 1962
		1962 2010 2011  1962 2011 1963
		1963 2011 2012  1963 2012 1964
		1964 2012 2013  1964 2013 1965
		1965 2013 2014  1965 2014 1966
		1966 2014 2015  1966 2015 1967
		1967 2015 1968  1967 1968 1920
		1968 2016 2017  1968 2017 1969
		1969 2017 2018  1969 2018 1970
		1970 2018 2019  1970 2019 1971
		1971 2019 2020  1971 2020 1972
		1972 2020 2021  1972 2021 1973
		1973 2021 2022  1973 2022 1974
		1974 2022 2023  1974 2023 1975
		1975 2023 2024  1975 2024 1976
		1976 2024 2025  1976 2025 1977
		1977 2025 2026  1977 2026 1978
		1978 2026 2027  1978 2027 1979
		1979 2027 2028  1979 2028 1980
		1980 2028 2029  1980 2029 1981
		1981 2029 2030  1981 2030 1982
		1982 2030 2031  1982 2031 1983
		1983 2031 2032  1983 2032 1984
		1984 2032 2033  1984 2033 1985
		1985 2033 2034  1985 2034 1986
		1986 2034 2035  1986 2035 1987
		1987 2035 2036  1987 2036 1988
		1988 2036 2037  1988 2037 1989
		1989 2037 2038  1989 2038 1990
		1990 2038 2039  1990 2039 1991
		1991 2039 2040  1991 2040 1992
		1992 2040 2041  1992 2041 1993
		1993 2041 2042  1993 2042 1994
		1994 2042 2043  1994 2043 1995
		1995 2043 2044  1995 2044 1996
		1996 2044 2045  1996 2045 1997
		1997 2045 2046  1997 2046 1998
		1998 2046 2047  1998 2047 1999
		1999 2047 2048  1999 2048 2000
		2000 2048 2049  2000 2049 2001
		2001 2049 2050  2001 2050 2002
		2002 2050 2051  2002 2051 2003
		2003 2051 2052  2003 2052 2004
		2004 2052 2053  2004 2053 2005
		2005 2053 2054  2005 2054 2006
		2006 2054 2055  2006 2055 2007
		2007 2055 2056  2007 2056 2008
		2008 2056 2057  2008 2057 2009
		2009 2057 2058  2009 2058 2010
		2010 2058 2059  2010 2059 2011
		2011 2059 2060  2011 2060 2012
		2012 2060 2061  2012 2061 2013
		2013 2061 2062  2013 2062 2014
		2014 2062 2063  2014 2063 2015
		2015 2063 2016  2015 2016 1968
		2016 2064 2065  2016 2065 2017
		2017 2065 2066  2017 2066 2018
		2018 2066 2067  2018 2067 2019
		2019 2067 2068  2019 2068 2020
		2020 2068 2069  2020 2069 2021
		2021 2069 2070  2021 2070 2022
		2022 2070 2071  2022 2071 2023
		2023 2071 2072  2023 2072 2024
		2024 2072 2073  2024 2073 2025
		2025 2073 2074  2025 2074 2026
		2026 2074 2075  2026 2075 2027
		2027 2075 2076  2027 2076 2028
		2028 2076 2077  2028 2077 2029
		2029 2077 2078  2029 2078 2030
		2030 2078 2079  2030 2079 2031
		2031 2079 2080  2031 2080 2032
		2032 2080 2081  2032 2081 2033
		2033 2081 2082  2033 2082 2034
		2034 2082 2083  2034 2083 2035
		2035 2083 2084  2035 2084 2036
		2036 2084 2085  2036 2085 2037
		2037 2085 2086  2037 2086 2038
		2038 2086 2087  2038 2087 2039
		2039 2087 2088  2039 2088 2040
		2040 2088 2089  2040 2089 2041
		2041 2089 2090  2041 2090 2042
		2042 2090 2091  2042 2091 2043
		2043 2091 2092  2043 2092 2044
		2044 2092 2093  2044 2093 2045
		2045 2093 2094  2045 2094 2046
		2046 2094 2095  2046 2095 2047
		2047 2095 2096  2047 2096 2048
		2048 2096 2097  2048 2097 2049
		2049 2097 2098  2049 2098 2050
		2050 2098 2099  2050 2099 2051
		2051 2099 2100  2051 2100 2052
		2052 2100 2101  2052 2101 2053
		2053 2101 2102  2053 2102 2054
		2054 2102 2103  2054 2103 2055
		2055 2103 2104  2055 2104 2056
		2056 2104 2105  2056 2105 2057
		2057 2105 2106  2057 2106 2058
		2058 2106 2107  2058 2107 2059
		2059 2107 2108  2059 2108 2060
		2060 2108 2109  2060 2109 2061
		2061 2109 2110  2061 2110 2062
		2062 2110 2111  2062 2111 2063
		2063 2111 2064  2063 2064 2016
		2064 2112 2113  2064 2113 2065
		2065 2113 2114  2065 2114 2066
		2066 2114 2115  2066 2115 2067
		2067 2115 2116  2067 2116 2068
		2068 2116 2117  2068 2117 2069
		2069 2117 2118  2069 2118 2070
		2070 2118 2119  2070 2119 2071
		2071 2119 2120  2071 2120 2072
		2072 2120 2121  2072 2121 2073
		2073 2121 2122  2073 2122 2074
		2074 2122 2123  2074 2123 2075
		2075 2123 2124  2075 2124 2076
		2076 2124 2125  2076 2125 2077
		2077 2125 2126  2077 2126 2078
		2078 2126 2127  2078 2127 2079
		2079 2127 2128  2079 2128 2080
		2080 2128 2129  2080 2129 2081
		2081 2129 2130  2081 2130 2082
		2082 2130 2131  2082 2131 2083
		2083 2131 2132  2083 2132 2084
		2084 2132 2133  2084 2133 2085
		2085 2133 2134  2085 2134 2086
		2086 2134 2135  2086 2135 2087
		2087 2135 2136  2087 2136 2088
		2088 2136 2137  2088 2137 2089
		2089 2137 2138  2089 2138 2090
		2090 2138 2139  2090 2139 2091
		2091 2139 2140  2091 2140 2092
		2092 2140 2141  2092 2141 2093
		2093 2141 2142  2093 2142 2094
		2094 2142 2143  2094 2143 2095
		2095 2143 2144  2095 2144 2096
		2096 2144 2145  2096 2145 2097
		2097 2145 2146  2097 2146 2098
		2098 2146 2147  2098 2147 2099
		2099 2147 2148  2099 2148 2100
		2100 2148 2149  2100 2149 2101
		2101 2149 2150  2101 2150 2102
		2102 2150 2151  2102 2151 2103
		2103 2151 2152  2103 2152 2104
		2104 2152 2153  2104 2153 2105
		2105 2153 2154  2105 2154 2106
		2106 2154 2155  2106 2155 2107
		2107 2155 2156  2107 2156 2108
		2108 2156 2157  2108 2157 2109
		2109 2157 2158  2109 2158 2110
		2110 2158 2159  2110 2159 2111
		2111 2159 2112  2111 2112 2064
		2112 2160 2161  2112 2161 2113
		2113 2161 2162  2113 2162 2114
		2114 2162 2163  2114 2163 2115
		2115 2163 2164  2115 2164 2116
		2116 2164 2165  2116 2165 2117
		2117 2165 2166  2117 2166 2118
		2118 2166 2167  2118 2167 2119
		2119 2167 2168  2119 2168 2120
		2120 2168 2169  2120 2169 2121
		2121 2169 2170  2121 2170 2122
		2122 2170 2171  2122 2171 2123
		2123 2171 2172  2123 2172 2124
		2124 2172 2173  2124 2173 2125
		2125 2173 2174  2125 2174 2126
		2126 2174 2175  2126 2175 2127
		2127 2175 2176  2127 2176 2128
		2128 2176 2177  2128 2177 2129
		2129 2177 2178  2129 2178 2130
		2130 2178 2179  2130 2179 2131
		2131 2179 2180  2131 2180 2132
		2132 2180 2181  2132 2181 2133
		2133 2181 2182  2133 2182 2134
		2134 2182 2183  2134 2183 2135
		2135 2183 2184  2135 2184 2136
		2136 2184 2185  2136 2185 2137
		2137 2185 2186  2137 2186 2138
		2138 2186 2187  2138 2187 2139
		2139 2187 2188  2139 2188 2140
		2140 2188 2189  2140 2189 2141
		2141 2189 2190  2141 2190 2142
		2142 2190 2191  2142 2191 2143
		2143 2191 2192  2143 2192 2144
		2144 2192 2193  2144 2193 2145
		2145 2193 2194  2145 2194 2146
		2146 2194 2195  2146 2195 2147
		2147 2195 2196  2147 2196 2148
		2148 2196 2197  2148 2197 2149
		2149 2197 2198  2149 2198 2150
		2150 2198 2199  2150 2199 2151
		2151 2199 2200  2151 2200 2152
		2152 2200 2201  2152 2201 2153
		2153 2201 2202  2153 2202 2154
		2154 2202 2203  2154 2203 2155
		2155 2203 2204  2155 2204 2156
		2156 2204 2205  2156 2205 2157
		2157 2205 2206  2157 2206 2158
		2158 2206 2207  2158 2207 2159
		2159 2207 2160  2159 2160 2112
		2160 2208 2209  2160 2209 2161
		2161 2209 2210  2161 2210 2162
		2162 2210 2211  2162 2211 2163
		2163 2211 2212  2163 2212 2164
		2164 2212 2213  2164 2213 2165
		2165 2213 2214  2165 2214 2166
		2166 2214 2215  2166 2215 2167
		2167 2215 2216  2167 2216 2168
		2168 2216 2217  2168 2217 2169
		2169 2217 2218  2169 2218 2170
		2170 2218 2219  2170 2219 2171
		2171 2219 2220  2171 2220 2172
		2172 2220 2221  2172 2221 2173
		2173 2221 2222  2173 2222 2174
		2174 2222 2223  2174 2223 2175
		2175 2223 2224  2175 2224 2176
		2176 2224 2225  2176 2225 2177
		2177 2225 2226  2177 2226 2178
		2178 2226 2227  2178 2227 2179
		2179 2227 2228  2179 2228 2180
		2180 2228 2229  2180 2229 2181
		2181 2229 2230  2181 2230 2182
		2182 2230 2231  2182 2231 2183
		2183 2231 2232  2183 2232 2184
		2184 2232 2233  2184 2233 2185
		2185 2233 2234  2185 2234 2186
		2186 2234 2235  2186 2235 2187
		2187 2235 2236  2187 2236 2188
		2188 2236 2237  2188 2237 2189
		2189 2237 2238  2189 2238 2190
		2190 2238 2239  2190 2239 2191
		2191 2239 2240  2191 2240 2192
		2192 2240 2241  2192 2241 2193
		2193 2241 2242  2193 2242 2194
		2194 2242 2243  2194 2243 2195
		2195 2243 2244  2195 2244 2196
		2196 2244 2245  2196 2245 2197
		2197 2245 2246  2197 2246 2198
		2198 2246 2247  2198 2247 2199
		2199 2247 2248  2199 2248 2200
		2200 2248 2249  2200 2249 2201
		2201 2249 2250  2201 2250 2202
		2202 2250 2251  2202 2251 2203
		2203 2251 2252  2203 2252 2204
		2204 2252 2253  2204 2253 2205
		2205 2253 2254  2205 2254 2206
		2206 2254 2255  2206 2255 2207
		2207 2255 2208  2207 2208 2160
		2208 2256 2257  2208 2257 2209
		2209 2257 2258  2209 2258 2210
		2210 2258 2259  2210 2259 2211
		2211 2259 2260  2211 2260 2212
		2212 2260 2261  2212 2261 2213
		2213 2261 2262  2213 2262 2214
		2214 2262 2263  2214 2263 2215
		2215 2263 2264  2215 2264 2216
		2216 2264 2265  2216 2265 2217
		2217 2265 2266  2217 2266 2218
		2218 2266 2267  2218 2267 2219
		2219 2267 2268  2219 2268 2220
		2220 2268 2269  2220 2269 2221
		2221 2269 2270  2221 2270 2222
		2222 2270 2271  2222 2271 2223
		2223 2271 2272  2223 2272 2224
		2224 2272 2273  2224 2273 2225
		2225 2273 2274  2225 2274 2226
		2226 2274 2275  2226 2275 2227
		2227 2275 2276  2227 2276 2228
		2228 2276 2277  2228 2277 2229
		2229 2277 2278  2229 2278 2230
		2230 2278 2279  2230 2279 2231
		2231 2279 2280  2231 2280 2232
		2232 2280 2281  2232 2281 2233
		2233 2281 2282  2233 2282 2234
		2234 2282 2283  2234 2283 2235
		2235 2283 2284  2235 2284 2236
		2236 2284 2285  2236 2285 2237
		2237 2285 2286  2237 2286 2238
		2238 2286 2287  2238 2287 2239
		2239 2287 2288  2239 2288 2240
		2240 2288 2289  2240 2289 2241
		2241 2289 2290  2241 2290 2242
		2242 2290 2291  2242 2291 2243
		2243 2291 2292  2243 2292 2244
		2244 2292 2293  2244 2293 2245
		2245 2293 2294  2245 2294 2246
		2246 2294 2295  2246 2295 2247
		2247 2295 2296  2247 2296 2248
		2248 2296 2297  2248 2297 2249
		2249 2297 2298  2249 2298 2250
		2250 2298 2299  2250 2299 2251
		2251 2299 2300  2251 2300 2252
		2252 2300 2301  2252 2301 2253
		2253 2301 2302  2253 2302 2254
		2254 2302 2303  2254 2303 2255
		2255 2303 2256  2255 2256 2208
		2256 2304 2305  2256 2305 2257
		2257 2305 2306  2257 2306 2258
		2258 2306 2307  2258 2307 2259
		2259 2307 2308  2259 2308 2260
		2260 2308 2309  2260 2309 2261
		2261 2309 2310  2261 2310 2262
		2262 2310 2311  2262 2311 2263
		2263 2311 2312  2263 2312 2264
		2264 2312 2313  2264 2313 2265
		2265 2313 2314  2265 2314 2266
		2266 2314 2315  2266 2315 2267
		2267 2315 2316  2267 2316 2268
		2268 2316 2317  2268 2317 2269
		2269 2317 2318  2269 2318 2270
		2270 2318 2319  2270 2319 2271
		2271 2319 2320  2271 2320 2272
		2272 2320 2321  2272 2321 2273
		2273 2321 2322  2273 2322 2274
		2274 2322 2323  2274 2323 2275
		2275 2323 2324  2275 2324 2276
		2276 2324 2325  2276 2325 2277
		2277 2325 2326  2277 2326 2278
		2278 2326 2327  2278 2327 2279
		2279 2327 2328  2279 2328 2280
		2280 2328 2329  2280 2329 2281
		2281 2329 2330  2281 2330 2282
		2282 2330 2331  2282 2331 2283
		2283 2331 2332  2283 2332 2284
		2284 2332 2333  2284 2333 2285
		2285 2333 2334  2285 2334 2286
		2286 2334 2335  2286 2335 2287
		2287 2335 2336  2287 2336 2288
		2288 2336 2337  2288 2337 2289
		2289 2337 2338  2289 2338 2290
		2290 2338 2339  2290 2339 2291
		2291 2339 2340  2291 2340 2292
		2292 2340 2341  2292 2341 2293
		2293 2341 2342  2293 2342 2294
		2294 2342 2343  2294 2343 2295
		2295 2343 2344  2295 2344 2296
		2296 2344 2345  2296 2345 2297
		2297 2345 2346  2297 2346 2298
		2298 2346 2347  2298 2347 2299
		2299 2347 2348  2299 2348 2300
		2300 2348 2349  2300 2349 2301
		2301 2349 2350  2301 2350 2302
		2302 2350 2351  2302 2351 2303
		2303 2351 2304  2303 2304 2256
		2304 2352 2353  2304 2353 2305
		2305 2353 2354  2305 2354 2306
		2306 2354 2355  2306 2355 2307
		2307 2355 2356  2307 2356 2308
		2308 2356 2357  2308 2357 2309
		2309 2357 2358  2309 2358 2310
		2310 2358 2359  2310 2359 2311
		2311 2359 2360  2311 2360 2312
		2312 2360 2361  2312 2361 2313
		2313 2361 2362  2313 2362 2314
		2314 2362 2363  2314 2363 2315
		2315 2363 2364  2315 2364 2316
		2316 2364 2365  2316 2365 2317
		2317 2365 2366  2317 2366 2318
		2318 2366 2367  2318 2367 2319
		2319 2367 2368  2319 2368 2320
		2320 2368 2369  2320 2369 2321
		2321 2369 2370  2321 2370 2322
		2322 2370 2371  2322 2371 2323
		2323 2371 2372  2323 2372 2324
		2324 2372 2373  2324 2373 2325
		2325 2373 2374  2325 2374 2326
		2326 2374 2375  2326 2375 2327
		2327 2375 2376  2327 2376 2328
		2328 2376 2377  2328 2377 2329
		2329 2377 2378  2329 2378 2330
		2330 2378 2379  2330 2379 2331
		2331 2379 2380  2331 2380 2332
		2332 2380 2381  2332 2381 2333
		2333 2381 2382  2333 2382 2334
		2334 2382 2383  2334 2383 2335
		2335 2383 2384  2335 2384 2336
		2336 2384 2385  2336 2385 2337
		2337 2385 2386  2337 2386 2338
		2338 2386 2387  2338 2387 2339
		2339 2387 2388  2339 2388 2340
		2340 2388 2389  2340 2389 2341
		2341 2389 2390  2341 2390 2342
		2342 2390 2391  2342 2391 2343
		2343 2391 2392  2343 2392 2344
		2344 2392 2393  2344 2393 2345
		2345 2393 2394  2345 2394 2346
		2346 2394 2395  2346 2395 2347
		2347 2395 2396  2347 2396 2348
		2348 2396 2397  2348 2397 2349
		2349 2397 2398  2349 2398 2350
		2350 2398 2399  2350 2399 2351
		2351 2399 2352  2351 2352 2304
		2352 2400 2401  2352 2401 2353
		2353 2401 2402  2353 2402 2354
		2354 2402 2403  2354 2403 2355
		2355 2403 2404  2355 2404 2356
		2356 2404 2405  2356 2405 2357
		2357 2405 2406  2357 2406 2358
		2358 2406 2407  2358 2407 2359
		2359 2407 2408  2359 2408 2360
		2360 2408 2409  2360 2409 2361
		2361 2409 2410  2361 2410 2362
		2362 2410 2411  2362 2411 2363
		2363 2411 2412  2363 2412 2364
		2364 2412 2413  2364 2413 2365
		2365 2413 2414  2365 2414 2366
		2366 2414 2415  2366 2415 2367
		2367 2415 2416  2367 2416 2368
		2368 2416 2417  2368 2417 2369
		2369 2417 2418  2369 2418 2370
		2370 2418 2419  2370 2419 2371
		2371 2419 2420  2371 2420 2372
		2372 2420 2421  2372 2421 2373
		2373 2421 2422  2373 2422 2374
		2374 2422 2423  2374 2423 2375
		2375 2423 2424  2375 2424 2376
		2376 2424 2425  2376 2425 2377
		2377 2425 2426  2377 2426 2378
		2378 2426 2427  2378 2427 2379
		2379 2427 2428  2379 2428 2380
		2380 2428 2429  2380 2429 2381
		2381 2429 2430  2381 2430 2382
		2382 2430 2431  2382 2431 2383
		2383 2431 2432  2383 2432 2384
		2384 2432 2433  2384 2433 2385
		2385 2433 2434  2385 2434 2386
		2386 2434 2435  2386 2435 2387
		2387 2435 2436  2387 2436 2388
		2388 2436 2437  2388 2437 2389
		2389 2437 2438  2389 2438 2390
		2390 2438 2439  2390 2439 2391
		2391 2439 2440  2391 2440 2392
		2392 2440 2441  2392 2441 2393
		2393 2441 2442  2393 2442 2394
		2394 2442 2443  2394 2443 2395
		2395 2443 2444  2395 2444 2396
		2396 2444 2445  2396 2445 2397
		2397 2445 2446  2397 2446 2398
		2398 2446 2447  2398 2447 2399
		2399 2447 2400  2399 2400 2352
		2400 2448 2449  2400 2449 2401
		2401 2449 2450  2401 2450 2402
		2402 2450 2451  2402 2451 2403
		2403 2451 2452  2403 2452 2404
		2404 2452 2453  2404 2453 2405
		2405 2453 2454  2405 2454 2406
		2406 2454 2455  2406 2455 2407
		2407 2455 2456  2407 2456 2408
		2408 2456 2457  2408 2457 2409
		2409 2457 2458  2409 2458 2410
		2410 2458 2459  2410 2459 2411
		2411 2459 2460  2411 2460 2412
		2412 2460 2461  2412 2461 2413
		2413 2461 2462  2413 2462 2414
		2414 2462 2463  2414 2463 2415
		2415 2463 2464  2415 2464 2416
		2416 2464 2465  2416 2465 2417
		2417 2465 2466  2417 2466 2418
		2418 2466 2467  2418 2467 2419
		2419 2467 2468  2419 2468 2420
		2420 2468 2469  2420 2469 2421
		2421 2469 2470  2421 2470 2422
		2422 2470 2471  2422 2471 2423
		2423 2471 2472  2423 2472 2424
		2424 2472 2473  2424 2473 2425
		2425 2473 2474  2425 2474 2426
		2426 2474 2475  2426 2475 2427
		2427 2475 2476  2427 2476 2428
		2428 2476 2477  2428 2477 2429
		2429 2477 2478  2429 2478 2430
		2430 2478 2479  2430 2479 2431
		2431 2479 2480  2431 2480 2432
		2432 2480 2481  2432 2481 2433
		2433 2481 2482  2433 2482 2434
		2434 2482 2483  2434 2483 2435
		2435 2483 2484  2435 2484 2436
		2436 2484 2485  2436 2485 2437
		2437 2485 2486  2437 2486 2438
		2438 2486 2487  2438 2487 2439
		2439 2487 2488  2439 2488 2440
		2440 2488 2489  2440 2489 2441
		2441 2489 2490  2441 2490 2442
		2442 2490 2491  2442 2491 2443
		2443 2491 2492  2443 2492 2444
		2444 2492 2493  2444 2493 2445
		2445 2493 2494  2445 2494 2446
		2446 2494 2495  2446 2495 2447
		2447 2495 2448  2447 2448 2400
		2448 2496 2497  2448 2497 2449
		2449 2497 2498  2449 2498 2450
		2450 2498 2499  2450 2499 2451
		2451 2499 2500  2451 2500 2452
		2452 2500 2501  2452 2501 2453
		2453 2501 2502  2453 2502 2454
		2454 2502 2503  2454 2503 2455
		2455 2503 2504  2455 2504 2456
		2456 2504 2505  2456 2505 2457
		2457 2505 2506  2457 2506 2458
		2458 2506 2507  2458 2507 2459
		2459 2507 2508  2459 2508 2460
		2460 2508 2509  2460 2509 2461
		2461 2509 2510  2461 2510 2462
		2462 2510 2511  2462 2511 2463
		2463 2511 2512  2463 2512 2464
		2464 2512 2513  2464 2513 2465
		2465 2513 2514  2465 2514 2466
		2466 2514 2515  2466 2515 2467
		2467 2515 2516  2467 2516 2468
		2468 2516 2517  2468 2517 2469
		2469 2517 2518  2469 2518 2470
		2470 2518 2519  2470 2519 2471
		2471 2519 2520  2471 2520 2472
		2472 2520 2521  2472 2521 2473
		2473 2521 2522  2473 2522 2474
		2474 2522 2523  2474 2523 2475
		2475 2523 2524  2475 2524 2476
		2476 2524 2525  2476 2525 2477
		2477 2525 2526  2477 2526 2478
		2478 2526 2527  2478 2527 2479
		2479 2527 2528  2479 2528 2480
		2480 2528 2529  2480 2529 2481
		2481 2529 2530  2481 2530 2482
		2482 2530 2531  2482 2531 2483
		2483 2531 2532  2483 2532 2484
		2484 2532 2533  2484 2533 2485
		2485 2533 2534  2485 2534 2486
		2486 2534 2535  2486 2535 2487
		2487 2535 2536  2487 2536 2488
		2488 2536 2537  2488 2537 2489
		2489 2537 2538  2489 2538 2490
		2490 2538 2539  2490 2539 2491
		2491 2539 2540  2491 2540 2492
		2492 2540 2541  2492 2541 2493
		2493 2541 2542  2493 2542 2494
		2494 2542 2543  2494 2543 2495
		2495 2543 2496  2495 2496 2448
		2496 2544 2545  2496 2545 2497
		2497 2545 2546  2497 2546 2498
		2498 2546 2547  2498 2547 2499
		2499 2547 2548  2499 2548 2500
		2500 2548 2549  2500 2549 2501
		2501 2549 2550  2501 2550 2502
		2502 2550 2551  2502 2551 2503
		2503 2551 2552  2503 2552 2504
		2504 2552 2553  2504 2553 2505
		2505 2553 2554  2505 2554 2506
		2506 2554 2555  2506 2555 2507
		2507 2555 2556  2507 2556 2508
		2508 2556 2557  2508 2557 2509
		2509 2557 2558  2509 2558 2510
		2510 2558 2559  2510 2559 2511
		2511 2559 2560  2511 2560 2512
		2512 2560 2561  2512 2561 2513
		2513 2561 2562  2513 2562 2514
		2514 2562 2563  2514 2563 2515
		2515 2563 2564  2515 2564 2516
		2516 2564 2565  2516 2565 2517
		2517 2565 2566  2517 2566 2518
		2518 2566 2567  2518 2567 2519
		2519 2567 2568  2519 2568 2520
		2520 2568 2569  2520 2569 2521
		2521 2569 2570  2521 2570 2522
		2522 2570 2571  2522 2571 2523
		2523 2571 2572  2523 2572 2524
		2524 2572 2573  2524 2573 2525
		2525 2573 2574  2525 2574 2526
		2526 2574 2575  2526 2575 2527
		2527 2575 2576  2527 2576 2528
		2528 2576 2577  2528 2577 2529
		2529 2577 2578  2529 2578 2530
		2530 2578 2579  2530 2579 2531
		2531 2579 2580  2531 2580 2532
		2532 2580 2581  2532 2581 2533
		2533 2581 2582  2533 2582 2534
		2534 2582 2583  2534 2583 2535
		2535 2583 2584  2535 2584 2536
		2536 2584 2585  2536 2585 2537
		2537 2585 2586  2537 2586 2538
		2538 2586 2587  2538 2587 2539
		2539 2587 2588  2539 2588 2540
		2540 2588 2589  2540 2589 2541
		2541 2589 2590  2541 2590 2542
		2542 2590 2591  2542 2591 2543
		2543 2591 2544  2543 2544 2496
		2544 2592 2593  2544 2593 2545
		2545 2593 2594  2545 2594 2546
		2546 2594 2595  2546 2595 2547
		2547 2595 2596  2547 2596 2548
		2548 2596 2597  2548 2597 2549
		2549 2597 2598  2549 2598 2550
		2550 2598 2599  2550 2599 2551
		2551 2599 2600  2551 2600 2552
		2552 2600 2601  2552 2601 2553
		2553 2601 2602  2553 2602 2554
		2554 2602 2603  2554 2603 2555
		2555 2603 2604  2555 2604 2556
		2556 2604 2605  2556 2605 2557
		2557 2605 2606  2557 2606 2558
		2558 2606 2607  2558 2607 2559
		2559 2607 2608  2559 2608 2560
		2560 2608 2609  2560 2609 2561
		2561 2609 2610  2561 2610 2562
		2562 2610 2611  2562 2611 2563
		2563 2611 2612  2563 2612 2564
		2564 2612 2613  2564 2613 2565
		2565 2613 2614  2565 2614 2566
		2566 2614 2615  2566 2615 2567
		2567 2615 2616  2567 2616 2568
		2568 2616 2617  2568 2617 2569
		2569 2617 2618  2569 2618 2570
		2570 2618 2619  2570 2619 2571
		2571 2619 2620  2571 2620 2572
		2572 2620 2621  2572 2621 2573
		2573 2621 2622  2573 2622 2574
		2574 2622 2623  2574 2623 2575
		2575 2623 2624  2575 2624 2576
		2576 2624 2625  2576 2625 2577
		2577 2625 2626  2577 2626 2578
		2578 2626 2627  2578 2627 2579
		2579 2627 2628  2579 2628 2580
		2580 2628 2629  2580 2629 2581
		2581 2629 2630  2581 2630 2582
		2582 2630 2631  2582 2631 2583
		2583 2631 2632  2583 2632 2584
		2584 2632 2633  2584 2633 2585
		2585 2633 2634  2585 2634 2586
		2586 2634 2635  2586 2635 2587
		2587 2635 2636  2587 2636 2588
		2588 2636 2637  2588 2637 2589
		2589 2637 2638  2589 2638 2590
		2590 2638 2639  2590 2639 2591
		2591 2639 2592  2591 2592 2544
		2592 2640 2641  2592 2641 2593
		2593 2641 2642  2593 2642 2594
		2594 2642 2643  2594 2643 2595
		2595 2643 2644  2595 2644 2596
		2596 2644 2645  2596 2645 2597
		2597 2645 2646  2597 2646 2598
		2598 2646 2647  2598 2647 2599
		2599 2647 2648  2599 2648 2600
		2600 2648 2649  2600 2649 2601
		2601 2649 2650  2601 2650 2602
		2602 2650 2651  2602 2651 2603
		2603 2651 2652  2603 2652 2604
		2604 2652 2653  2604 2653 2605
		2605 2653 2654  2605 2654 2606
		2606 2654 2655  2606 2655 2607
		2607 2655 2656  2607 2656 2608
		2608 2656 2657  2608 2657 2609
		2609 2657 2658  2609 2658 2610
		2610 2658 2659  2610 2659 2611
		2611 2659 2660  2611 2660 2612
		2612 2660 2661  2612 2661 2613
		2613 2661 2662  2613 2662 2614
		2614 2662 2663  2614 2663 2615
		2615 2663 2664  2615 2664 2616
		2616 2664 2665  2616 2665 2617
		2617 2665 2666  2617 2666 2618
		2618 2666 2667  2618 2667 2619
		2619 2667 2668  2619 2668 2620
		2620 2668 2669  2620 2669 2621
		2621 2669 2670  2621 2670 2622
		2622 2670 2671  2622 2671 2623
		2623 2671 2672  2623 2672 2624
		2624 2672 2673  2624 2673 2625
		2625 2673 2674  2625 2674 2626
		2626 2674 2675  2626 2675 2627
		2627 2675 2676  2627 2676 2628
		2628 2676 2677  2628 2677 2629
		2629 2677 2678  2629 2678 2630
		2630 2678 2679  2630 2679 2631
		2631 2679 2680  2631 2680 2632
		2632 2680 2681  2632 2681 2633
		2633 2681 2682  2633 2682 2634
		2634 2682 2683  2634 2683 2635
		2635 2683 2684  2635 2684 2636
		2636 2684 2685  2636 2685 2637
		2637 2685 2686  2637 2686 2638
		2638 2686 2687  2638 2687 2639
		2639 2687 2640  2639 2640 2592
		2640 2688 2689  2640 2689 2641
		2641 2689 2690  2641 2690 2642
		2642 2690 2691  2642 2691 2643
		2643 2691 2692  2643 2692 2644
		2644 2692 2693  2644 2693 2645
		2645 2693 2694  2645 2694 2646
		2646 2694 2695  2646 2695 2647
		2647 2695 2696  2647 2696 2648
		2648 2696 2697  2648 2697 2649
		2649 2697 2698  2649 2698 2650
		2650 2698 2699  2650 2699 2651
		2651 2699 2700  2651 2700 2652
		2652 2700 2701  2652 2701 2653
		2653 2701 2702  2653 2702 2654
		2654 2702 2703  2654 2703 2655
		2655 2703 2704  2655 2704 2656
		2656 2704 2705  2656 2705 2657
		2657 2705 2706  2657 2706 2658
		2658 2706 2707  2658 2707 2659
		2659 2707 2708  2659 2708 2660
		2660 2708 2709  2660 2709 2661
		2661 2709 2710  2661 2710 2662
		2662 2710 2711  2662 2711 2663
		2663 2711 2712  2663 2712 2664
		2664 2712 2713  2664 2713 2665
		2665 2713 2714  2665 2714 2666
		2666 2714 2715  2666 2715 2667
		2667 2715 2716  2667 2716 2668
		2668 2716 2717  2668 2717 2669
		2669 2717 2718  2669 2718 2670
		2670 2718 2719  2670 2719 2671
		2671 2719 2720  2671 2720 2672
		2672 2720 2721  2672 2721 2673
		2673 2721 2722  2673 2722 2674
		2674 2722 2723  2674 2723 2675
		2675 2723 2724  2675 2724 2676
		2676 2724 2725  2676 2725 2677
		2677 2725 2726  2677 2726 2678
		2678 2726 2727  2678 2727 2679
		2679 2727 2728  2679 2728 2680
		2680 2728 2729  2680 2729 2681
		2681 2729 2730  2681 2730 2682
		2682 2730 2731  2682 2731 2683
		2683 2731 2732  2683 2732 2684
		2684 2732 2733  2684 2733 2685
		2685 2733 2734  2685 2734 2686
		2686 2734 2735  2686 2735 2687
		2687 2735 2688  2687 2688 2640
		2688 2736 2737  2688 2737 2689
		2689 2737 2738  2689 2738 2690
		2690 2738 2739  2690 2739 2691
		2691 2739 2740  2691 2740 2692
		2692 2740 2741  2692 2741 2693
		2693 2741 2742  2693 2742 2694
		2694 2742 2743  2694 2743 2695
		2695 2743 2744  2695 2744 2696
		2696 2744 2745  2696 2745 2697
		2697 2745 2746  2697 2746 2698
		2698 2746 2747  2698 2747 2699
		2699 2747 2748  2699 2748 2700
		2700 2748 2749  2700 2749 2701
		2701 2749 2750  2701 2750 2702
		2702 2750 2751  2702 2751 2703
		2703 2751 2752  2703 2752 2704
		2704 2752 2753  2704 2753 2705
		2705 2753 2754  2705 2754 2706
		2706 2754 2755  2706 2755 2707
		2707 2755 2756  2707 2756 2708
		2708 2756 2757  2708 2757 2709
		2709 2757 2758  2709 2758 2710
		2710 2758 2759  2710 2759 2711
		2711 2759 2760  2711 2760 2712
		2712 2760 2761  2712 2761 2713
		2713 2761 2762  2713 2762 2714
		2714 2762 2763  2714 2763 2715
		2715 2763 2764  2715 2764 2716
		2716 2764 2765  2716 2765 2717
		2717 2765 2766  2717 2766 2718
		2718 2766 2767  2718 2767 2719
		2719 2767 2768  2719 2768 2720
		2720 2768 2769  2720 2769 2721
		2721 2769 2770  2721 2770 2722
		2722 2770 2771  2722 2771 2723
		2723 2771 2772  2723 2772 2724
		2724 2772 2773  2724 2773 2725
		2725 2773 2774  2725 2774 2726
		2726 2774 2775  2726 2775 2727
		2727 2775 2776  2727 2776 2728
		2728 2776 2777  2728 2777 2729
		2729 2777 2778  2729 2778 2730
		2730 2778 2779  2730 2779 2731
		2731 2779 2780  2731 2780 2732
		2732 2780 2781  2732 2781 2733
		2733 2781 2782  2733 2782 2734
		2734 2782 2783  2734 2783 2735
		2735 2783 2736  2735 2736 2688
		2736 2784 2785  2736 2785 2737
		2737 2785 2786  2737 2786 2738
		2738 2786 2787  2738 2787 2739
		2739 2787 2788  2739 2788 2740
		2740 2788 2789  2740 2789 2741
		2741 2789 2790  2741 2790 2742
		2742 2790 2791  2742 2791 2743
		2743 2791 2792  2743 2792 2744
		2744 2792 2793  2744 2793 2745
		2745 2793 2794  2745 2794 2746
		2746 2794 2795  2746 2795 2747
		2747 2795 2796  2747 2796 2748
		2748 2796 2797  2748 2797 2749
		2749 2797 2798  2749 2798 2750
		2750 2798 2799  2750 2799 2751
		2751 2799 2800  2751 2800 2752
		2752 2800 2801  2752 2801 2753
		2753 2801 2802  2753 2802 2754
		2754 2802 2803  2754 2803 2755
		2755 2803 2804  2755 2804 2756
		2756 2804 2805  2756 2805 2757
		2757 2805 2806  2757 2806 2758
		2758 2806 2807  2758 2807 2759
		2759 2807 2808  2759 2808 2760
		2760 2808 2809  2760 2809 2761
		2761 2809 2810  2761 2810 2762
		2762 2810 2811  2762 2811 2763
		2763 2811 2812  2763 2812 2764
		2764 2812 2813  2764 2813 2765
		2765 2813 2814  2765 2814 2766
		2766 2814 2815  2766 2815 2767
		2767 2815 2816  2767 2816 2768
		2768 2816 2817  2768 2817 2769
		2769 2817 2818  2769 2818 2770
		2770 2818 2819  2770 2819 2771
		2771 2819 2820  2771 2820 2772
		2772 2820 2821  2772 2821 2773
		2773 2821 2822  2773 2822 2774
		2774 2822 2823  2774 2823 2775
		2775 2823 2824  2775 2824 2776
		2776 2824 2825  2776 2825 2777
		2777 2825 2826  2777 2826 2778
		2778 2826 2827  2778 2827 2779
		2779 2827 2828  2779 2828 2780
		2780 2828 2829  2780 2829 2781
		2781 2829 2830  2781 2830 2782
		2782 2830 2831  2782 2831 2783
		2783 2831 2784  2783 2784 2736
		2784 2832 2833  2784 2833 2785
		2785 2833 2834  2785 2834 2786
		2786 2834 2835  2786 2835 2787
		2787 2835 2836  2787 2836 2788
		2788 2836 2837  2788 2837 2789
		2789 2837 2838  2789 2838 2790
		2790 2838 2839  2790 2839 2791
		2791 2839 2840  2791 2840 2792
		2792 2840 2841  2792 2841 2793
		2793 2841 2842  2793 2842 2794
		2794 2842 2843  2794 2843 2795
		2795 2843 2844  2795 2844 2796
		2796 2844 2845  2796 2845 2797
		2797 2845 2846  2797 2846 2798
		2798 2846 2847  2798 2847 2799
		2799 2847 2848  2799 2848 2800
		2800 2848 2849  2800 2849 2801
		2801 2849 2850  2801 2850 2802
		2802 2850 2851  2802 2851 2803
		2803 2851 2852  2803 2852 2804
		2804 2852 2853  2804 2853 2805
		2805 2853 2854  2805 2854 2806
		2806 2854 2855  2806 2855 2807
		2807 2855 2856  2807 2856 2808
		2808 2856 2857  2808 2857 2809
		2809 2857 2858  2809 2858 2810
		2810 2858 2859  2810 2859 2811
		2811 2859 2860  2811 2860 2812
		2812 2860 2861  2812 2861 2813
		2813 2861 2862  2813 2862 2814
		2814 2862 2863  2814 2863 2815
		2815 2863 2864  2815 2864 2816
		2816 2864 2865  2816 2865 2817
		2817 2865 2866  2817 2866 2818
		2818 2866 2867  2818 2867 2819
		2819 2867 2868  2819 2868 2820
		2820 2868 2869  2820 2869 2821
		2821 2869 2870  2821 2870 2822
		2822 2870 2871  2822 2871 2823
		2823 2871 2872  2823 2872 2824
		2824 2872 2873  2824 2873 2825
		2825 2873 2874  2825 2874 2826
		2826 2874 2875  2826 2875 2827
		2827 2875 2876  2827 2876 2828
		2828 2876 2877  2828 2877 2829
		2829 2877 2878  2829 2878 2830
		2830 2878 2879  2830 2879 2831
		2831 2879 2832  2831 2832 2784
		2832 2880 2881  2832 2881 2833
		2833 2881 2882  2833 2882 2834
		2834 2882 2883  2834 2883 2835
		2835 2883 2884  2835 2884 2836
		2836 2884 2885  2836 2885 2837
		2837 2885 2886  2837 2886 2838
		2838 2886 2887  2838 2887 2839
		2839 2887 2888  2839 2888 2840
		2840 2888 2889  2840 2889 2841
		2841 2889 2890  2841 2890 2842
		2842 2890 2891  2842 2891 2843
		2843 2891 2892  2843 2892 2844
		2844 2892 2893  2844 2893 2845
		2845 2893 2894  2845 2894 2846
		2846 2894 2895  2846 2895 2847
		2847 2895 2896  2847 2896 2848
		2848 2896 2897  2848 2897 2849
		2849 2897 2898  2849 2898 2850
		2850 2898 2899  2850 2899 2851
		2851 2899 2900  2851 2900 2852
		2852 2900 2901  2852 2901 2853
		2853 2901 2902  2853 2902 2854
		2854 2902 2903  2854 2903 2855
		2855 2903 2904  2855 2904 2856
		2856 2904 2905  2856 2905 2857
		2857 2905 2906  2857 2906 2858
		2858 2906 2907  2858 2907 2859
		2859 2907 2908  2859 2908 2860
		2860 2908 2909  2860 2909 2861
		2861 2909 2910  2861 2910 2862
		2862 2910 2911  2862 2911 2863
		2863 2911 2912  2863 2912 2864
		2864 2912 2913  2864 2913 2865
		2865 2913 2914  2865 2914 2866
		2866 2914 2915  2866 2915 2867
		2867 2915 2916  2867 2916 2868
		2868 2916 2917  2868 2917 2869
		2869 2917 2918  2869 2918 2870
		2870 2918 2919  2870 2919 2871
		2871 2919 2920  2871 2920 2872
		2872 2920 2921  2872 2921 2873
		2873 2921 2922  2873 2922 2874
		2874 2922 2923  2874 2923 2875
		2875 2923 2924  2875 2924 2876
		2876 2924 2925  2876 2925 2877
		2877 2925 2926  2877 2926 2878
		2878 2926 2927  2878 2927 2879
		2879 2927 2880  2879 2880 2832
		2880 2928 2929  2880 2929 2881
		2881 2929 2930  2881 2930 2882
		2882 2930 2931  2882 2931 2883
		2883 2931 2932  2883 2932 2884
		2884 2932 2933  2884 2933 2885
		2885 2933 2934  2885 2934 2886
		2886 2934 2935  2886 2935 2887
		2887 2935 2936  2887 2936 2888
		2888 2936 2937  2888 2937 2889
		2889 2937 2938  2889 2938 2890
		2890 2938 2939  2890 2939 2891
		2891 2939 2940  2891 2940 2892
		2892 2940 2941  2892 2941 2893
		2893 2941 2942  2893 2942 2894
		2894 2942 2943  2894 2943 2895
		2895 2943 2944  2895 2944 2896
		2896 2944 2945  2896 2945 2897
		2897 2945 2946  2897 2946 2898
		2898 2946 2947  2898 2947 2899
		2899 2947 2948  2899 2948 2900
		2900 2948 2949  2900 2949 2901
		2901 2949 2950  2901 2950 2902
		2902 2950 2951  2902 2951 2903
		2903 2951 2952  2903 2952 2904
		2904 2952 2953  2904 2953 2905
		2905 2953 2954  2905 2954 2906
		2906 2954 2955  2906 2955 2907
		2907 2955 2956  2907 2956 2908
		2908 2956 2957  2908 2957 2909
		2909 2957 2958  2909 2958 2910
		2910 2958 2959  2910 2959 2911
		2911 2959 2960  2911 2960 2912
		2912 2960 2961  2912 2961 2913
		2913 2961 2962  2913 2962 2914
		2914 2962 2963  2914 2963 2915
		2915 2963 2964  2915 2964 2916
		2916 2964 2965  2916 2965 2917
		2917 2965 2966  2917 2966 2918
		2918 2966 2967  2918 2967 2919
		2919 2967 2968  2919 2968 2920
		2920 2968 2969  2920 2969 2921
		2921 2969 2970  2921 2970 2922
		2922 2970 2971  2922 2971 2923
		2923 2971 2972  2923 2972 2924
		2924 2972 2973  2924 2973 2925
		2925 2973 2974  2925 2974 2926
		2926 2974 2975  2926 2975 2927
		2927 2975 2928  2927 2928 2880
		2928 2976 2977  2928 2977 2929
		2929 2977 2978  2929 2978 2930
		2930 2978 2979  2930 2979 2931
		2931 2979 2980  2931 2980 2932
		2932 2980 2981  2932 2981 2933
		2933 2981 2982  2933 2982 2934
		2934 2982 2983  2934 2983 2935
		2935 2983 2984  2935 2984 2936
		2936 2984 2985  2936 2985 2937
		2937 2985 2986  2937 2986 2938
		2938 2986 2987  2938 2987 2939
		2939 2987 2988  2939 2988 2940
		2940 2988 2989  2940 2989 2941
		2941 2989 2990  2941 2990 2942
		2942 2990 2991  2942 2991 2943
		2943 2991 2992  2943 2992 2944
		2944 2992 2993  2944 2993 2945
		2945 2993 2994  2945 2994 2946
		2946 2994 2995  2946 2995 2947
		2947 2995 2996  2947 2996 2948
		2948 2996 2997  2948 2997 2949
		2949 2997 2998  2949 2998 2950
		2950 2998 2999  2950 2999 2951
		2951 2999 3000  2951 3000 2952
		2952 3000 3001  2952 3001 2953
		2953 3001 3002  2953 3002 2954
		2954 3002 3003  2954 3003 2955
		2955 3003 3004  2955 3004 2956
		2956 3004 3005  2956 3005 2957
		2957 3005 3006  2957 3006 2958
		2958 3006 3007  2958 3007 2959
		2959 3007 3008  2959 3008 2960
		2960 3008 3009  2960 3009 2961
		2961 3009 3010  2961 3010 2962
		2962 3010 3011  2962 3011 2963
		2963 3011 3012  2963 3012 2964
		2964 3012 3013  2964 3013 2965
		2965 3013 3014  2965 3014 2966
		2966 3014 3015  2966 3015 2967
		2967 3015 3016  2967 3016 2968
		2968 3016 3017  2968 3017 2969
		2969 3017 3018  2969 3018 2970
		2970 3018 3019  2970 3019 2971
		2971 3019 3020  2971 3020 2972
		2972 3020 3021  2972 3021 2973
		2973 3021 3022  2973 3022 2974
		2974 3022 3023  2974 3023 2975
		2975 3023 2976  2975 2976 2928
		2976 3024 3025  2976 3025 2977
		2977 3025 3026  2977 3026 2978
		2978 3026 3027  2978 3027 2979
		2979 3027 3028  2979 3028 2980
		2980 3028 3029  2980 3029 2981
		2981 3029 3030  2981 3030 2982
		2982 3030 3031  2982 3031 2983
		2983 3031 3032  2983 3032 2984
		2984 3032 3033  2984 3033 2985
		2985 3033 3034  2985 3034 2986
		2986 3034 3035  2986 3035 2987
		2987 3035 3036  2987 3036 2988
		2988 3036 3037  2988 3037 2989
		2989 3037 3038  2989 3038 2990
		2990 3038 3039  2990 3039 2991
		2991 3039 3040  2991 3040 2992
		2992 3040 3041  2992 3041 2993
		2993 3041 3042  2993 3042 2994
		2994 3042 3043  2994 3043 2995
		2995 3043 3044  2995 3044 2996
		2996 3044 3045  2996 3045 2997
		2997 3045 3046  2997 3046 2998
		2998 3046 3047  2998 3047 2999
		2999 3047 3048  2999 3048 3000
		3000 3048 3049  3000 3049 3001
		3001 3049 3050  3001 3050 3002
		3002 3050 3051  3002 3051 3003
		3003 3051 3052  3003 3052 3004
		3004 3052 3053  3004 3053 3005
		3005 3053 3054  3005 3054 3006
		3006 3054 3055  3006 3055 3007
		3007 3055 3056  3007 3056 3008
		3008 3056 3057  3008 3057 3009
		3009 3057 3058  3009 3058 3010
		3010 3058 3059  3010 3059 3011
		3011 3059 3060  3011 3060 3012
		3012 3060 3061  3012 3061 3013
		3013 3061 3062  3013 3062 3014
		3014 3062 3063  3014 3063 3015
		3015 3063 3064  3015 3064 3016
		3016 3064 3065  3016 3065 3017
		3017 3065 3066  3017 3066 3018
		3018 3066 3067  3018 3067 3019
		3019 3067 3068  3019 3068 3020
		3020 3068 3069  3020 3069 3021
		3021 3069 3070  3021 3070 3022
		3022 3070 3071  3022 3071 3023
		3023 3071 3024  3023 3024 2976
		3024 3072 3073  3024 3073 3025
		3025 3073 3074  3025 3074 3026
		3026 3074 3075  3026 3075 3027
		3027 3075 3076  3027 3076 3028
		3028 3076 3077  3028 3077 3029
		3029 3077 3078  3029 3078 3030
		3030 3078 3079  3030 3079 3031
		3031 3079 3080  3031 3080 3032
		3032 3080 3081  3032 3081 3033
		3033 3081 3082  3033 3082 3034
		3034 3082 3083  3034 3083 3035
		3035 3083 3084  3035 3084 3036
		3036 3084 3085  3036 3085 3037
		3037 3085 3086  3037 3086 3038
		3038 3086 3087  3038 3087 3039
		3039 3087 3088  3039 3088 3040
		3040 3088 3089  3040 3089 3041
		3041 3089 3090  3041 3090 3042
		3042 3090 3091  3042 3091 3043
		3043 3091 3092  3043 3092 3044
		3044 3092 3093  3044 3093 3045
		3045 3093 3094  3045 3094 3046
		3046 3094 3095  3046 3095 3047
		3047 3095 3096  3047 3096 3048
		3048 3096 3097  3048 3097 3049
		3049 3097 3098  3049 3098 3050
		3050 3098 3099  3050 3099 3051
		3051 3099 3100  3051 3100 3052
		3052 3100 3101  3052 3101 3053
		3053 3101 3102  3053 3102 3054
		3054 3102 3103  3054 3103 3055
		3055 3103 3104  3055 3104 3056
		3056 3104 3105  3056 3105 3057
		3057 3105 3106  3057 3106 3058
		3058 3106 3107  3058 3107 3059
		3059 3107 3108  3059 3108 3060
		3060 3108 3109  3060 3109 3061
		3061 3109 3110  3061 3110 3062
		3062 3110 3111  3062 3111 3063
		3063 3111 3112  3063 3112 3064
		3064 3112 3113  3064 3113 3065
		3065 3113 3114  3065 3114 3066
		3066 3114 3115  3066 3115 3067
		3067 3115 3116  3067 3116 3068
		3068 3116 3117  3068 3117 3069
		3069 3117 3118  3069 3118 3070
		3070 3118 3119  3070 3119 3071
		3071 3119 3072  3071 3072 3024
		3072 3120 3121  3072 3121 3073
		3073 3121 3122  3073 3122 3074
		3074 3122 3123  3074 3123 3075
		3075 3123 3124  3075 3124 3076
		3076 3124 3125  3076 3125 3077
		3077 3125 3126  3077 3126 3078
		3078 3126 3127  3078 3127 3079
		3079 3127 3128  3079 3128 3080
		3080 3128 3129  3080 3129 3081
		3081 3129 3130  3081 3130 3082
		3082 3130 3131  3082 3131 3083
		3083 3131 3132  3083 3132 3084
		3084 3132 3133  3084 3133 3085
		3085 3133 3134  3085 3134 3086
		3086 3134 3135  3086 3135 3087
		3087 3135 3136  3087 3136 3088
		3088 3136 3137  3088 3137 3089
		3089 3137 3138  3089 3138 3090
		3090 3138 3139  3090 3139 3091
		3091 3139 3140  3091 3140 3092
		3092 3140 3141  3092 3141 3093
		3093 3141 3142  3093 3142 3094
		3094 3142 3143  3094 3143 3095
		3095 3143 3144  3095 3144 3096
		3096 3144 3145  3096 3145 3097
		3097 3145 3146  3097 3146 3098
		3098 3146 3147  3098 3147 3099
		3099 3147 3148  3099 3148 3100
		3100 3148 3149  3100 3149 3101
		3101 3149 3150  3101 3150 3102
		3102 3150 3151  3102 3151 3103
		3103 3151 3152  3103 3152 3104
		3104 3152 3153  3104 3153 3105
		3105 3153 3154  3105 3154 3106
		3106 3154 3155  3106 3155 3107
		3107 3155 3156  3107 3156 3108
		3108 3156 3157  3108 3157 3109
		3109 3157 3158  3109 3158 3110
		3110 3158 3159  3110 3159 3111
		3111 3159 3160  3111 3160 3112
		3112 3160 3161  3112 3161 3113
		3113 3161 3162  3113 3162 3114
		3114 3162 3163  3114 3163 3115
		3115 3163 3164  3115 3164 3116
		3116 3164 3165  3116 3165 3117
		3117 3165 3166  3117 3166 3118
		3118 3166 3167  3118 3167 3119
		3119 3167 3120  3119 3120 3072
		3120 3168 3169  3120 3169 3121
		3121 3169 3170  3121 3170 3122
		3122 3170 3171  3122 3171 3123
		3123 3171 3172  3123 3172 3124
		3124 3172 3173  3124 3173 3125
		3125 3173 3174  3125 3174 3126
		3126 3174 3175  3126 3175 3127
		3127 3175 3176  3127 3176 3128
		3128 3176 3177  3128 3177 3129
		3129 3177 3178  3129 3178 3130
		3130 3178 3179  3130 3179 3131
		3131 3179 3180  3131 3180 3132
		3132 3180 3181  3132 3181 3133
		3133 3181 3182  3133 3182 3134
		3134 3182 3183  3134 3183 3135
		3135 3183 3184  3135 3184 3136
		3136 3184 3185  3136 3185 3137
		3137 3185 3186  3137 3186 3138
		3138 3186 3187  3138 3187 3139
		3139 3187 3188  3139 3188 3140
		3140 3188 3189  3140 3189 3141
		3141 3189 3190  3141 3190 3142
		3142 3190 3191  3142 3191 3143
		3143 3191 3192  3143 3192 3144
		3144 3192 3193  3144 3193 3145
		3145 3193 3194  3145 3194 3146
		3146 3194 3195  3146 3195 3147
		3147 3195 3196  3147 3196 3148
		3148 3196 3197  3148 3197 3149
		3149 3197 3198  3149 3198 3150
		3150 3198 3199  3150 3199 3151
		3151 3199 3200  3151 3200 3152
		3152 3200 3201  3152 3201 3153
		3153 3201 3202  3153 3202 3154
		3154 3202 3203  3154 3203 3155
		3155 3203 3204  3155 3204 3156
		3156 3204 3205  3156 3205 3157
		3157 3205 3206  3157 3206 3158
		3158 3206 3207  3158 3207 3159
		3159 3207 3208  3159 3208 3160
		3160 3208 3209  3160 3209 3161
		3161 3209 3210  3161 3210 3162
		3162 3210 3211  3162 3211 3163
		3163 3211 3212  3163 3212 3164
		3164 3212 3213  3164 3213 3165
		3165 3213 3214  3165 3214 3166
		3166 3214 3215  3166 3215 3167
		3167 3215 3168  3167 3168 3120
		3168 3216 3217  3168 3217 3169
		3169 3217 3218  3169 3218 3170
		3170 3218 3219  3170 3219 3171
		3171 3219 3220  3171 3220 3172
		3172 3220 3221  3172 3221 3173
		3173 3221 3222  3173 3222 3174
		3174 3222 3223  3174 3223 3175
		3175 3223 3224  3175 3224 3176
		3176 3224 3225  3176 3225 3177
		3177 3225 3226  3177 3226 3178
		3178 3226 3227  3178 3227 3179
		3179 3227 3228  3179 3228 3180
		3180 3228 3229  3180 3229 3181
		3181 3229 3230  3181 3230 3182
		3182 3230 3231  3182 3231 3183
		3183 3231 3232  3183 3232 3184
		3184 3232 3233  3184 3233 3185
		3185 3233 3234  3185 3234 3186
		3186 3234 3235  3186 3235 3187
		3187 3235 3236  3187 3236 3188
		3188 3236 3237  3188 3237 3189
		3189 3237 3238  3189 3238 3190
		3190 3238 3239  3190 3239 3191
		3191 3239 3240  3191 3240 3192
		3192 3240 3241  3192 3241 3193
		3193 3241 3242  3193 3242 3194
		3194 3242 3243  3194 3243 3195
		3195 3243 3244  3195 3244 3196
		3196 3244 3245  3196 3245 3197
		3197 3245 3246  3197 3246 3198
		3198 3246 3247  3198 3247 3199
		3199 3247 3248  3199 3248 3200
		3200 3248 3249  3200 3249 3201
		3201 3249 3250  3201 3250 3202
		3202 3250 3251  3202 3251 3203
		3203 3251 3252  3203 3252 3204
		3204 3252 3253  3204 3253 3205
		3205 3253 3254  3205 3254 3206
		3206 3254 3255  3206 3255 3207
		3207 3255 3256  3207 3256 3208
		3208 3256 3257  3208 3257 3209
		3209 3257 3258  3209 3258 3210
		3210 3258 3259  3210 3259 3211
		3211 3259 3260  3211 3260 3212
		3212 3260 3261  3212 3261 3213
		3213 3261 3262  3213 3262 3214
		3214 3262 3263  3214 3263 3215
		3215 3263 3216  3215 3216 3168
		3216 3264 3265  3216 3265 3217
		3217 3265 3266  3217 3266 3218
		3218 3266 3267  3218 3267 3219
		3219 3267 3268  3219 3268 3220
		3220 3268 3269  3220 3269 3221
		3221 3269 3270  3221 3270 3222
		3222 3270 3271  3222 3271 3223
		3223 3271 3272  3223 3272 3224
		3224 3272 3273  3224 3273 3225
		3225 3273 3274  3225 3274 3226
		3226 3274 3275  3226 3275 3227
		3227 3275 3276  3227 3276 3228
		3228 3276 3277  3228 3277 3229
		3229 3277 3278  3229 3278 3230
		3230 3278 3279  3230 3279 3231
		3231 3279 3280  3231 3280 3232
		3232 3280 3281  3232 3281 3233
		3233 3281 3282  3233 3282 3234
		3234 3282 3283  3234 3283 3235
		3235 3283 3284  3235 3284 3236
		3236 3284 3285  3236 3285 3237
		3237 3285 3286  3237 3286 3238
		3238 3286 3287  3238 3287 3239
		3239 3287 3288  3239 3288 3240
		3240 3288 3289  3240 3289 3241
		3241 3289 3290  3241 3290 3242
		3242 3290 3291  3242 3291 3243
		3243 3291 3292  3243 3292 3244
		3244 3292 3293  3244 3293 3245
		3245 3293 3294  3245 3294 3246
		3246 3294 3295  3246 3295 3247
		3247 3295 3296  3247 3296 3248
		3248 3296 3297  3248 3297 3249
		3249 3297 3298  3249 3298 3250
		3250 3298 3299  3250 3299 3251
		3251 3299 3300  3251 3300 3252
		3252 3300 3301  3252 3301 3253
		3253 3301 3302  3253 3302 3254
		3254 3302 3303  3254 3303 3255
		3255 3303 3304  3255 3304 3256
		3256 3304 3305  3256 3305 3257
		3257 3305 3306  3257 3306 3258
		3258 3306 3307  3258 3307 3259
		3259 3307 3308  3259 3308 3260
		3260 3308 3309  3260 3309 3261
		3261 3309 3310  3261 3310 3262
		3262 3310 3311  3262 3311 3263
		3263 3311 3264  3263 3264 3216
		3264 3312 3313  3264 3313 3265
		3265 3313 3314  3265 3314 3266
		3266 3314 3315  3266 3315 3267
		3267 3315 3316  3267 3316 3268
		3268 3316 3317  3268 3317 3269
		3269 3317 3318  3269 3318 3270
		3270 3318 3319  3270 3319 3271
		3271 3319 3320  3271 3320 3272
		3272 3320 3321  3272 3321 3273
		3273 3321 3322  3273 3322 3274
		3274 3322 3323  3274 3323 3275
		3275 3323 3324  3275 3324 3276
		3276 3324 3325  3276 3325 3277
		3277 3325 3326  3277 3326 3278
		3278 3326 3327  3278 3327 3279
		3279 3327 3328  3279 3328 3280
		3280 3328 3329  3280 3329 3281
		3281 3329 3330  3281 3330 3282
		3282 3330 3331  3282 3331 3283
		3283 3331 3332  3283 3332 3284
		3284 3332 3333  3284 3333 3285
		3285 3333 3334  3285 3334 3286
		3286 3334 3335  3286 3335 3287
		3287 3335 3336  3287 3336 3288
		3288 3336 3337  3288 3337 3289
		3289 3337 3338  3289 3338 3290
		3290 3338 3339  3290 3339 3291
		3291 3339 3340  3291 3340 3292
		3292 3340 3341  3292 3341 3293
		3293 3341 3342  3293 3342 3294
		3294 3342 3343  3294 3343 3295
		3295 3343 3344  3295 3344 3296
		3296 3344 3345  3296 3345 3297
		3297 3345 3346  3297 3346 3298
		3298 3346 3347  3298 3347 3299
		3299 3347 3348  3299 3348 3300
		3300 3348 3349  3300 3349 3301
		3301 3349 3350  3301 3350 3302
		3302 3350 3351  3302 3351 3303
		3303 3351 3352  3303 3352 3304
		3304 3352 3353  3304 3353 3305
		3305 3353 3354  3305 3354 3306
		3306 3354 3355  3306 3355 3307
		3307 3355 3356  3307 3356 3308
		3308 3356 3357  3308 3357 3309
		3309 3357 3358  3309 3358 3310
		3310 3358 3359  3310 3359 3311
		3311 3359 3312  3311 3312 3264
		3312 3360 3361  3312 3361 3313
		3313 3361 3362  3313 3362 3314
		3314 3362 3363  3314 3363 3315
		3315 3363 3364  3315 3364 3316
		3316 3364 3365  3316 3365 3317
		3317 3365 3366  3317 3366 3318
		3318 3366 3367  3318 3367 3319
		3319 3367 3368  3319 3368 3320
		3320 3368 3369  3320 3369 3321
		3321 3369 3370  3321 3370 3322
		3322 3370 3371  3322 3371 3323
		3323 3371 3372  3323 3372 3324
		3324 3372 3373  3324 3373 3325
		3325 3373 3374  3325 3374 3326
		3326 3374 3375  3326 3375 3327
		3327 3375 3376  3327 3376 3328
		3328 3376 3377  3328 3377 3329
		3329 3377 3378  3329 3378 3330
		3330 3378 3379  3330 3379 3331
		3331 3379 3380  3331 3380 3332
		3332 3380 3381  3332 3381 3333
		3333 3381 3382  3333 3382 3334
		3334 3382 3383  3334 3383 3335
		3335 3383 3384  3335 3384 3336
		3336 3384 3385  3336 3385 3337
		3337 3385 3386  3337 3386 3338
		3338 3386 3387  3338 3387 3339
		3339 3387 3388  3339 3388 3340
		3340 3388 3389  3340 3389 3341
		3341 3389 3390  3341 3390 3342
		3342 3390 3391  3342 3391 3343
		3343 3391 3392  3343 3392 3344
		3344 3392 3393  3344 3393 3345
		3345 3393 3394  3345 3394 3346
		3346 3394 3395  3346 3395 3347
		3347 3395 3396  3347 3396 3348
		3348 3396 3397  3348 3397 3349
		3349 3397 3398  3349 3398 3350
		3350 3398 3399  3350 3399 3351
		3351 3399 3400  3351 3400 3352
		3352 3400 3401  3352 3401 3353
		3353 3401 3402  3353 3402 3354
		3354 3402 3403  3354 3403 3355
		3355 3403 3404  3355 3404 3356
		3356 3404 3405  3356 3405 3357
		3357 3405 3406  3357 3406 3358
		3358 3406 3407  3358 3407 3359
		3359 3407 3360  3359 3360 3312
		3360 3408 3409  3360 3409 3361
		3361 3409 3410  3361 3410 3362
		3362 3410 3411  3362 3411 3363
		3363 3411 3412  3363 3412 3364
		3364 3412 3413  3364 3413 3365
		3365 3413 3414  3365 3414 3366
		3366 3414 3415  3366 3415 3367
		3367 3415 3416  3367 3416 3368
		3368 3416 3417  3368 3417 3369
		3369 3417 3418  3369 3418 3370
		3370 3418 3419  3370 3419 3371
		3371 3419 3420  3371 3420 3372
		3372 3420 3421  3372 3421 3373
		3373 3421 3422  3373 3422 3374
		3374 3422 3423  3374 3423 3375
		3375 3423 3424  3375 3424 3376
		3376 3424 3425  3376 3425 3377
		3377 3425 3426  3377 3426 3378
		3378 3426 3427  3378 3427 3379
		3379 3427 3428  3379 3428 3380
		3380 3428 3429  3380 3429 3381
		3381 3429 3430  3381 3430 3382
		3382 3430 3431  3382 3431 3383
		3383 3431 3432  3383 3432 3384
		3384 3432 3433  3384 3433 3385
		3385 3433 3434  3385 3434 3386
		3386 3434 3435  3386 3435 3387
		3387 3435 3436  3387 3436 3388
		3388 3436 3437  3388 3437 3389
		3389 3437 3438  3389 3438 3390
		3390 3438 3439  3390 3439 3391
		3391 3439 3440  3391 3440 3392
		3392 3440 3441  3392 3441 3393
		3393 3441 3442  3393 3442 3394
		3394 3442 3443  3394 3443 3395
		3395 3443 3444  3395 3444 3396
		3396 3444 3445  3396 3445 3397
		3397 3445 3446  3397 3446 3398
		3398 3446 3447  3398 3447 3399
		3399 3447 3448  3399 3448 3400
		3400 3448 3449  3400 3449 3401
		3401 3449 3450  3401 3450 3402
		3402 3450 3451  3402 3451 3403
		3403 3451 3452  3403 3452 3404
		3404 3452 3453  3404 3453 3405
		3405 3453 3454  3405 3454 3406
		3406 3454 3455  3406 3455 3407
		3407 3455 3408  3407 3408 3360
		3408 3456 3457  3408 3457 3409
		3409 3457 3458  3409 3458 3410
		3410 3458 3459  3410 3459 3411
		3411 3459 3460  3411 3460 3412
		3412 3460 3461  3412 3461 3413
		3413 3461 3462  3413 3462 3414
		3414 3462 3463  3414 3463 3415
		3415 3463 3464  3415 3464 3416
		3416 3464 3465  3416 3465 3417
		3417 3465 3466  3417 3466 3418
		3418 3466 3467  3418 3467 3419
		3419 3467 3468  3419 3468 3420
		3420 3468 3469  3420 3469 3421
		3421 3469 3470  3421 3470 3422
		3422 3470 3471  3422 3471 3423
		3423 3471 3472  3423 3472 3424
		3424 3472 3473  3424 3473 3425
		3425 3473 3474  3425 3474 3426
		3426 3474 3475  3426 3475 3427
		3427 3475 3476  3427 3476 3428
		3428 3476 3477  3428 3477 3429
		3429 3477 3478  3429 3478 3430
		3430 3478 3479  3430 3479 3431
		3431 3479 3480  3431 3480 3432
		3432 3480 3481  3432 3481 3433
		3433 3481 3482  3433 3482 3434
		3434 3482 3483  3434 3483 3435
		3435 3483 3484  3435 3484 3436
		3436 3484 3485  3436 3485 3437
		3437 3485 3486  3437 3486 3438
		3438 3486 3487  3438 3487 3439
		3439 3487 3488  3439 3488 3440
		3440 3488 3489  3440 3489 3441
		3441 3489 3490  3441 3490 3442
		3442 3490 3491  3442 3491 3443
		3443 3491 3492  3443 3492 3444
		3444 3492 3493  3444 3493 3445
		3445 3493 3494  3445 3494 3446
		3446 3494 3495  3446 3495 3447
		3447 3495 3496  3447 3496 3448
		3448 3496 3497  3448 3497 3449
		3449 3497 3498  3449 3498 3450
		3450 3498 3499  3450 3499 3451
		3451 3499 3500  3451 3500 3452
		3452 3500 3501  3452 3501 3453
		3453 3501 3502  3453 3502 3454
		3454 3502 3503  3454 3503 3455
		3455 3503 3456  3455 3456 3408
		3456 3504 3505  3456 3505 3457
		3457 3505 3506  3457 3506 3458
		3458 3506 3507  3458 3507 3459
		3459 3507 3508  3459 3508 3460
		3460 3508 3509  3460 3509 3461
		3461 3509 3510  3461 3510 3462
		3462 3510 3511  3462 3511 3463
		3463 3511 3512  3463 3512 3464
		3464 3512 3513  3464 3513 3465
		3465 3513 3514  3465 3514 3466
		3466 3514 3515  3466 3515 3467
		3467 3515 3516  3467 3516 3468
		3468 3516 3517  3468 3517 3469
		3469 3517 3518  3469 3518 3470
		3470 3518 3519  3470 3519 3471
		3471 3519 3520  3471 3520 3472
		3472 3520 3521  3472 3521 3473
		3473 3521 3522  3473 3522 3474
		3474 3522 3523  3474 3523 3475
		3475 3523 3524  3475 3524 3476
		3476 3524 3525  3476 3525 3477
		3477 3525 3526  3477 3526 3478
		3478 3526 3527  3478 3527 3479
		3479 3527 3528  3479 3528 3480
		3480 3528 3529  3480 3529 3481
		3481 3529 3530  3481 3530 3482
		3482 3530 3531  3482 3531 3483
		3483 3531 3532  3483 3532 3484
		3484 3532 3533  3484 3533 3485
		3485 3533 3534  3485 3534 3486
		3486 3534 3535  3486 3535 3487
		3487 3535 3536  3487 3536 3488
		3488 3536 3537  3488 3537 3489
		3489 3537 3538  3489 3538 3490
		3490 3538 3539  3490 3539 3491
		3491 3539 3540  3491 3540 3492
		3492 3540 3541  3492 3541 3493
		3493 3541 3542  3493 3542 3494
		3494 3542 3543  3494 3543 3495
		3495 3543 3544  3495 3544 3496
		3496 3544 3545  3496 3545 3497
		3497 3545 3546  3497 3546 3498
		3498 3546 3547  3498 3547 3499
		3499 3547 3548  3499 3548 3500
		3500 3548 3549  3500 3549 3501
		3501 3549 3550  3501 3550 3502
		3502 3550 3551  3502 3551 3503
		3503 3551 3504  3503 3504 3456
		3504 3552 3553  3504 3553 3505
		3505 3553 3554  3505 3554 3506
		3506 3554 3555  3506 3555 3507
		3507 3555 3556  3507 3556 3508
		3508 3556 3557  3508 3557 3509
		3509 3557 3558  3509 3558 3510
		3510 3558 3559  3510 3559 3511
		3511 3559 3560  3511 3560 3512
		3512 3560 3561  3512 3561 3513
		3513 3561 3562  3513 3562 3514
		3514 3562 3563  3514 3563 3515
		3515 3563 3564  3515 3564 3516
		3516 3564 3565  3516 3565 3517
		3517 3565 3566  3517 3566 3518
		3518 3566 3567  3518 3567 3519
		3519 3567 3568  3519 3568 3520
		3520 3568 3569  3520 3569 3521
		3521 3569 3570  3521 3570 3522
		3522 3570 3571  3522 3571 3523
		3523 3571 3572  3523 3572 3524
		3524 3572 3573  3524 3573 3525
		3525 3573 3574  3525 3574 3526
		3526 3574 3575  3526 3575 3527
		3527 3575 3576  3527 3576 3528
		3528 3576 3577  3528 3577 3529
		3529 3577 3578  3529 3578 3530
		3530 3578 3579  3530 3579 3531
		3531 3579 3580  3531 3580 3532
		3532 3580 3581  3532 3581 3533
		3533 3581 3582  3533 3582 3534
		3534 3582 3583  3534 3583 3535
		3535 3583 3584  3535 3584 3536
		3536 3584 3585  3536 3585 3537
		3537 3585 3586  3537 3586 3538
		3538 3586 3587  3538 3587 3539
		3539 3587 3588  3539 3588 3540
		3540 3588 3589  3540 3589 3541
		3541 3589 3590  3541 3590 3542
		3542 3590 3591  3542 3591 3543
		3543 3591 3592  3543 3592 3544
		3544 3592 3593  3544 3593 3545
		3545 3593 3594  3545 3594 3546
		3546 3594 3595  3546 3595 3547
		3547 3595 3596  3547 3596 3548
		3548 3596 3597  3548 3597 3549
		3549 3597 3598  3549 3598 3550
		3550 3598 3599  3550 3599 3551
		3551 3599 3552  3551 3552 3504
		3552 3600 3601  3552 3601 3553
		3553 3601 3602  3553 3602 3554
		3554 3602 3603  3554 3603 3555
		3555 3603 3604  3555 3604 3556
		3556 3604 3605  3556 3605 3557
		3557 3605 3606  3557 3606 3558
		3558 3606 3607  3558 3607 3559
		3559 3607 3608  3559 3608 3560
		3560 3608 3609  3560 3609 3561
		3561 3609 3610  3561 3610 3562
		3562 3610 3611  3562 3611 3563
		3563 3611 3612  3563 3612 3564
		3564 3612 3613  3564 3613 3565
		3565 3613 3614  3565 3614 3566
		3566 3614 3615  3566 3615 3567
		3567 3615 3616  3567 3616 3568
		3568 3616 3617  3568 3617 3569
		3569 3617 3618  3569 3618 3570
		3570 3618 3619  3570 3619 3571
		3571 3619 3620  3571 3620 3572
		3572 3620 3621  3572 3621 3573
		3573 3621 3622  3573 3622 3574
		3574 3622 3623  3574 3623 3575
		3575 3623 3624  3575 3624 3576
		3576 3624 3625  3576 3625 3577
		3577 3625 3626  3577 3626 3578
		3578 3626 3627  3578 3627 3579
		3579 3627 3628  3579 3628 3580
		3580 3628 3629  3580 3629 3581
		3581 3629 3630  3581 3630 3582
		3582 3630 3631  3582 3631 3583
		3583 3631 3632  3583 3632 3584
		3584 3632 3633  3584 3633 3585
		3585 3633 3634  3585 3634 3586
		3586 3634 3635  3586 3635 3587
		3587 3635 3636  3587 3636 3588
		3588 3636 3637  3588 3637 3589
		3589 3637 3638  3589 3638 3590
		3590 3638 3639  3590 3639 3591
		3591 3639 3640  3591 3640 3592
		3592 3640 3641  3592 3641 3593
		3593 3641 3642  3593 3642 3594
		3594 3642 3643  3594 3643 3595
		3595 3643 3644  3595 3644 3596
		3596 3644 3645  3596 3645 3597
		3597 3645 3646  3597 3646 3598
		3598 3646 3647  3598 3647 3599
		3599 3647 3600  3599 3600 3552
		3600 3648 3649  3600 3649 3601
		3601 3649 3650  3601 3650 3602
		3602 3650 3651  3602 3651 3603
		3603 3651 3652  3603 3652 3604
		3604 3652 3653  3604 3653 3605
		3605 3653 3654  3605 3654 3606
		3606 3654 3655  3606 3655 3607
		3607 3655 3656  3607 3656 3608
		3608 3656 3657  3608 3657 3609
		3609 3657 3658  3609 3658 3610
		3610 3658 3659  3610 3659 3611
		3611 3659 3660  3611 3660 3612
		3612 3660 3661  3612 3661 3613
		3613 3661 3662  3613 3662 3614
		3614 3662 3663  3614 3663 3615
		3615 3663 3664  3615 3664 3616
		3616 3664 3665  3616 3665 3617
		3617 3665 3666  3617 3666 3618
		3618 3666 3667  3618 3667 3619
		3619 3667 3668  3619 3668 3620
		3620 3668 3669  3620 3669 3621
		3621 3669 3670  3621 3670 3622
		3622 3670 3671  3622 3671 3623
		3623 3671 3672  3623 3672 3624
		3624 3672 3673  3624 3673 3625
		3625 3673 3674  3625 3674 3626
		3626 3674 3675  3626 3675 3627
		3627 3675 3676  3627 3676 3628
		3628 3676 3677  3628 3677 3629
		3629 3677 3678  3629 3678 3630
		3630 3678 3679  3630 3679 3631
		3631 3679 3680  3631 3680 3632
		3632 3680 3681  3632 3681 3633
		3633 3681 3682  3633 3682 3634
		3634 3682 3683  3634 3683 3635
		3635 3683 3684  3635 3684 3636
		3636 3684 3685  3636 3685 3637
		3637 3685 3686  3637 3686 3638
		3638 3686 3687  3638 3687 3639
		3639 3687 3688  3639 3688 3640
		3640 3688 3689  3640 3689 3641
		3641 3689 3690  3641 3690 3642
		3642 3690 3691  3642 3691 3643
		3643 3691 3692  3643 3692 3644
		3644 3692 3693  3644 3693 3645
		3645 3693 3694  3645 3694 3646
		3646 3694 3695  3646 3695 3647
		3647 3695 3648  3647 3648 3600
		3648 3696 3697  3648 3697 3649
		3649 3697 3698  3649 3698 3650
		3650 3698 3699  3650 3699 3651
		3651 3699 3700  3651 3700 3652
		3652 3700 3701  3652 3701 3653
		3653 3701 3702  3653 3702 3654
		3654 3702 3703  3654 3703 3655
		3655 3703 3704  3655 3704 3656
		3656 3704 3705  3656 3705 3657
		3657 3705 3706  3657 3706 3658
		3658 3706 3707  3658 3707 3659
		3659 3707 3708  3659 3708 3660
		3660 3708 3709  3660 3709 3661
		3661 3709 3710  3661 3710 3662
		3662 3710 3711  3662 3711 3663
		3663 3711 3712  3663 3712 3664
		3664 3712 3713  3664 3713 3665
		3665 3713 3714  3665 3714 3666
		3666 3714 3715  3666 3715 3667
		3667 3715 3716  3667 3716 3668
		3668 3716 3717  3668 3717 3669
		3669 3717 3718  3669 3718 3670
		3670 3718 3719  3670 3719 3671
		3671 3719 3720  3671 3720 3672
		3672 3720 3721  3672 3721 3673
		3673 3721 3722  3673 3722 3674
		3674 3722 3723  3674 3723 3675
		3675 3723 3724  3675 3724 3676
		3676 3724 3725  3676 3725 3677
		3677 3725 3726  3677 3726 3678
		3678 3726 3727  3678 3727 3679
		3679 3727 3728  3679 3728 3680
		3680 3728 3729  3680 3729 3681
		3681 3729 3730  3681 3730 3682
		3682 3730 3731  3682 3731 3683
		3683 3731 3732  3683 3732 3684
		3684 3732 3733  3684 3733 3685
		3685 3733 3734  3685 3734 3686
		3686 3734 3735  3686 3735 3687
		3687 3735 3736  3687 3736 3688
		3688 3736 3737  3688 3737 3689
		3689 3737 3738  3689 3738 3690
		3690 3738 3739  3690 3739 3691
		3691 3739 3740  3691 3740 3692
		3692 3740 3741  3692 3741 3693
		3693 3741 3742  3693 3742 3694
		3694 3742 3743  3694 3743 3695
		3695 3743 3696  3695 3696 3648
		3696 3744 3745  3696 3745 3697
		3697 3745 3746  3697 3746 3698
		3698 3746 3747  3698 3747 3699
		3699 3747 3748  3699 3748 3700
		3700 3748 3749  3700 3749 3701
		3701 3749 3750  3701 3750 3702
		3702 3750 3751  3702 3751 3703
		3703 3751 3752  3703 3752 3704
		3704 3752 3753  3704 3753 3705
		3705 3753 3754  3705 3754 3706
		3706 3754 3755  3706 3755 3707
		3707 3755 3756  3707 3756 3708
		3708 3756 3757  3708 3757 3709
		3709 3757 3758  3709 3758 3710
		3710 3758 3759  3710 3759 3711
		3711 3759 3760  3711 3760 3712
		3712 3760 3761  3712 3761 3713
		3713 3761 3762  3713 3762 3714
		3714 3762 3763  3714 3763 3715
		3715 3763 3764  3715 3764 3716
		3716 3764 3765  3716 3765 3717
		3717 3765 3766  3717 3766 3718
		3718 3766 3767  3718 3767 3719
		3719 3767 3768  3719 3768 3720
		3720 3768 3769  3720 3769 3721
		3721 3769 3770  3721 3770 3722
		3722 3770 3771  3722 3771 3723
		3723 3771 3772  3723 3772 3724
		3724 3772 3773  3724 3773 3725
		3725 3773 3774  3725 3774 3726
		3726 3774 3775  3726 3775 3727
		3727 3775 3776  3727 3776 3728
		3728 3776 3777  3728 3777 3729
		3729 3777 3778  3729 3778 3730
		3730 3778 3779  3730 3779 3731
		3731 3779 3780  3731 3780 3732
		3732 3780 3781  3732 3781 3733
		3733 3781 3782  3733 3782 3734
		3734 3782 3783  3734 3783 3735
		3735 3783 3784  3735 3784 3736
		3736 3784 3785  3736 3785 3737
		3737 3785 3786  3737 3786 3738
		3738 3786 3787  3738 3787 3739
		3739 3787 3788  3739 3788 3740
		3740 3788 3789  3740 3789 3741
		3741 3789 3790  3741 3790 3742
		3742 3790 3791  3742 3791 3743
		3743 3791 3744  3743 3744 3696
		3744 3792 3793  3744 3793 3745
		3745 3793 3794  3745 3794 3746
		3746 3794 3795  3746 3795 3747
		3747 3795 3796  3747 3796 3748
		3748 3796 3797  3748 3797 3749
		3749 3797 3798  3749 3798 3750
		3750 3798 3799  3750 3799 3751
		3751 3799 3800  3751 3800 3752
		3752 3800 3801  3752 3801 3753
		3753 3801 3802  3753 3802 3754
		3754 3802 3803  3754 3803 3755
		3755 3803 3804  3755 3804 3756
		3756 3804 3805  3756 3805 3757
		3757 3805 3806  3757 3806 3758
		3758 3806 3807  3758 3807 3759
		3759 3807 3808  3759 3808 3760
		3760 3808 3809  3760 3809 3761
		3761 3809 3810  3761 3810 3762
		3762 3810 3811  3762 3811 3763
		3763 3811 3812  3763 3812 3764
		3764 3812 3813  3764 3813 3765
		3765 3813 3814  3765 3814 3766
		3766 3814 3815  3766 3815 3767
		3767 3815 3816  3767 3816 3768
		3768 3816 3817  3768 3817 3769
		3769 3817 3818  3769 3818 3770
		3770 3818 3819  3770 3819 3771
		3771 3819 3820  3771 3820 3772
		3772 3820 3821  3772 3821 3773
		3773 3821 3822  3773 3822 3774
		3774 3822 3823  3774 3823 3775
		3775 3823 3824  3775 3824 3776
		3776 3824 3825  3776 3825 3777
		3777 3825 3826  3777 3826 3778
		3778 3826 3827  3778 3827 3779
		3779 3827 3828  3779 3828 3780
		3780 3828 3829  3780 3829 3781
		3781 3829 3830  3781 3830 3782
		3782 3830 3831  3782 3831 3783
		3783 3831 3832  3783 3832 3784
		3784 3832 3833  3784 3833 3785
		3785 3833 3834  3785 3834 3786
		3786 3834 3835  3786 3835 3787
		3787 3835 3836  3787 3836 3788
		3788 3836 3837  3788 3837 3789
		3789 3837 3838  3789 3838 3790
		3790 3838 3839  3790 3839 3791
		3791 3839 3792  3791 3792 3744
		3792 3840 3841  3792 3841 3793
		3793 3841 3842  3793 3842 3794
		3794 3842 3843  3794 3843 3795
		3795 3843 3844  3795 3844 3796
		3796 3844 3845  3796 3845 3797
		3797 3845 3846  3797 3846 3798
		3798 3846 3847  3798 3847 3799
		3799 3847 3848  3799 3848 3800
		3800 3848 3849  3800 3849 3801
		3801 3849 3850  3801 3850 3802
		3802 3850 3851  3802 3851 3803
		3803 3851 3852  3803 3852 3804
		3804 3852 3853  3804 3853 3805
		3805 3853 3854  3805 3854 3806
		3806 3854 3855  3806 3855 3807
		3807 3855 3856  3807 3856 3808
		3808 3856 3857  3808 3857 3809
		3809 3857 3858  3809 3858 3810
		3810 3858 3859  3810 3859 3811
		3811 3859 3860  3811 3860 3812
		3812 3860 3861  3812 3861 3813
		3813 3861 3862  3813 3862 3814
		3814 3862 3863  3814 3863 3815
		3815 3863 3864  3815 3864 3816
		3816 3864 3865  3816 3865 3817
		3817 3865 3866  3817 3866 3818
		3818 3866 3867  3818 3867 3819
		3819 3867 3868  3819 3868 3820
		3820 3868 3869  3820 3869 3821
		3821 3869 3870  3821 3870 3822
		3822 3870 3871  3822 3871 3823
		3823 3871 3872  3823 3872 3824
		3824 3872 3873  3824 3873 3825
		3825 3873 3874  3825 3874 3826
		3826 3874 3875  3826 3875 3827
		3827 3875 3876  3827 3876 3828
		3828 3876 3877  3828 3877 3829
		3829 3877 3878  3829 3878 3830
		3830 3878 3879  3830 3879 3831
		3831 3879 3880  3831 3880 3832
		3832 3880 3881  3832 3881 3833
		3833 3881 3882  3833 3882 3834
		3834 3882 3883  3834 3883 3835
		3835 3883 3884  3835 3884 3836
		3836 3884 3885  3836 3885 3837
		3837 3885 3886  3837 3886 3838
		3838 3886 3887  3838 3887 3839
		3839 3887 3840  3839 3840 3792
		3840 3888 3889  3840 3889 3841
		3841 3889 3890  3841 3890 3842
		3842 3890 3891  3842 3891 3843
		3843 3891 3892  3843 3892 3844
		3844 3892 3893  3844 3893 3845
		3845 3893 3894  3845 3894 3846
		3846 3894 3895  3846 3895 3847
		3847 3895 3896  3847 3896 3848
		3848 3896 3897  3848 3897 3849
		3849 3897 3898  3849 3898 3850
		3850 3898 3899  3850 3899 3851
		3851 3899 3900  3851 3900 3852
		3852 3900 3901  3852 3901 3853
		3853 3901 3902  3853 3902 3854
		3854 3902 3903  3854 3903 3855
		3855 3903 3904  3855 3904 3856
		3856 3904 3905  3856 3905 3857
		3857 3905 3906  3857 3906 3858
		3858 3906 3907  3858 3907 3859
		3859 3907 3908  3859 3908 3860
		3860 3908 3909  3860 3909 3861
		3861 3909 3910  3861 3910 3862
		3862 3910 3911  3862 3911 3863
		3863 3911 3912  3863 3912 3864
		3864 3912 3913  3864 3913 3865
		3865 3913 3914  3865 3914 3866
		3866 3914 3915  3866 3915 3867
		3867 3915 3916  3867 3916 3868
		3868 3916 3917  3868 3917 3869
		3869 3917 3918  3869 3918 3870
		3870 3918 3919  3870 3919 3871
		3871 3919 3920  3871 3920 3872
		3872 3920 3921  3872 3921 3873
		3873 3921 3922  3873 3922 3874
		3874 3922 3923  3874 3923 3875
		3875 3923 3924  3875 3924 3876
		3876 3924 3925  3876 3925 3877
		3877 3925 3926  3877 3926 3878
		3878 3926 3927  3878 3927 3879
		3879 3927 3928  3879 3928 3880
		3880 3928 3929  3880 3929 3881
		3881 3929 3930  3881 3930 3882
		3882 3930 3931  3882 3931 3883
		3883 3931 3932  3883 3932 3884
		3884 3932 3933  3884 3933 3885
		3885 3933 3934  3885 3934 3886
		3886 3934 3935  3886 3935 3887
		3887 3935 3888  3887 3888 3840
		3888 3936 3937  3888 3937 3889
		3889 3937 3938  3889 3938 3890
		3890 3938 3939  3890 3939 3891
		3891 3939 3940  3891 3940 3892
		3892 3940 3941  3892 3941 3893
		3893 3941 3942  3893 3942 3894
		3894 3942 3943  3894 3943 3895
		3895 3943 3944  3895 3944 3896
		3896 3944 3945  3896 3945 3897
		3897 3945 3946  3897 3946 3898
		3898 3946 3947  3898 3947 3899
		3899 3947 3948  3899 3948 3900
		3900 3948 3949  3900 3949 3901
		3901 3949 3950  3901 3950 3902
		3902 3950 3951  3902 3951 3903
		3903 3951 3952  3903 3952 3904
		3904 3952 3953  3904 3953 3905
		3905 3953 3954  3905 3954 3906
		3906 3954 3955  3906 3955 3907
		3907 3955 3956  3907 3956 3908
		3908 3956 3957  3908 3957 3909
		3909 3957 3958  3909 3958 3910
		3910 3958 3959  3910 3959 3911
		3911 3959 3960  3911 3960 3912
		3912 3960 3961  3912 3961 3913
		3913 3961 3962  3913 3962 3914
		3914 3962 3963  3914 3963 3915
		3915 3963 3964  3915 3964 3916
		3916 3964 3965  3916 3965 3917
		3917 3965 3966  3917 3966 3918
		3918 3966 3967  3918 3967 3919
		3919 3967 3968  3919 3968 3920
		3920 3968 3969  3920 3969 3921
		3921 3969 3970  3921 3970 3922
		3922 3970 3971  3922 3971 3923
		3923 3971 3972  3923 3972 3924
		3924 3972 3973  3924 3973 3925
		3925 3973 3974  3925 3974 3926
		3926 3974 3975  3926 3975 3927
		3927 3975 3976  3927 3976 3928
		3928 3976 3977  3928 3977 3929
		3929 3977 3978  3929 3978 3930
		3930 3978 3979  3930 3979 3931
		3931 3979 3980  3931 3980 3932
		3932 3980 3981  3932 3981 3933
		3933 3981 3982  3933 3982 3934
		3934 3982 3983  3934 3983 3935
		3935 3983 3936  3935 3936 3888
		3936 3984 3985  3936 3985 3937
		3937 3985 3986  3937 3986 3938
		3938 3986 3987  3938 3987 3939
		3939 3987 3988  3939 3988 3940
		3940 3988 3989  3940 3989 3941
		3941 3989 3990  3941 3990 3942
		3942 3990 3991  3942 3991 3943
		3943 3991 3992  3943 3992 3944
		3944 3992 3993  3944 3993 3945
		3945 3993 3994  3945 3994 3946
		3946 3994 3995  3946 3995 3947
		3947 3995 3996  3947 3996 3948
		3948 3996 3997  3948 3997 3949
		3949 3997 3998  3949 3998 3950
		3950 3998 3999  3950 3999 3951
		3951 3999 4000  3951 4000 3952
		3952 4000 4001  3952 4001 3953
		3953 4001 4002  3953 4002 3954
		3954 4002 4003  3954 4003 3955
		3955 4003 4004  3955 4004 3956
		3956 4004 4005  3956 4005 3957
		3957 4005 4006  3957 4006 3958
		3958 4006 4007  3958 4007 3959
		3959 4007 4008  3959 4008 3960
		3960 4008 4009  3960 4009 3961
		3961 4009 4010  3961 4010 3962
		3962 4010 4011  3962 4011 3963
		3963 4011 4012  3963 4012 3964
		3964 4012 4013  3964 4013 3965
		3965 4013 4014  3965 4014 3966
		3966 4014 4015  3966 4015 3967
		3967 4015 4016  3967 4016 3968
		3968 4016 4017  3968 4017 3969
		3969 4017 4018  3969 4018 3970
		3970 4018 4019  3970 4019 3971
		3971 4019 4020  3971 4020 3972
		3972 4020 4021  3972 4021 3973
		3973 4021 4022  3973 4022 3974
		3974 4022 4023  3974 4023 3975
		3975 4023 4024  3975 4024 3976
		3976 4024 4025  3976 4025 3977
		3977 4025 4026  3977 4026 3978
		3978 4026 4027  3978 4027 3979
		3979 4027 4028  3979 4028 3980
		3980 4028 4029  3980 4029 3981
		3981 4029 4030  3981 4030 3982
		3982 4030 4031  3982 4031 3983
		3983 4031 3984  3983 3984 3936
		3984 4032 4033  3984 4033 3985
		3985 4033 4034  3985 4034 3986
		3986 4034 4035  3986 4035 3987
		3987 4035 4036  3987 4036 3988
		3988 4036 4037  3988 4037 3989
		3989 4037 4038  3989 4038 3990
		3990 4038 4039  3990 4039 3991
		3991 4039 4040  3991 4040 3992
		3992 4040 4041  3992 4041 3993
		3993 4041 4042  3993 4042 3994
		3994 4042 4043  3994 4043 3995
		3995 4043 4044  3995 4044 3996
		3996 4044 4045  3996 4045 3997
		3997 4045 4046  3997 4046 3998
		3998 4046 4047  3998 4047 3999
		3999 4047 4048  3999 4048 4000
		4000 4048 4049  4000 4049 4001
		4001 4049 4050  4001 4050 4002
		4002 4050 4051  4002 4051 4003
		4003 4051 4052  4003 4052 4004
		4004 4052 4053  4004 4053 4005
		4005 4053 4054  4005 4054 4006
		4006 4054 4055  4006 4055 4007
		4007 4055 4056  4007 4056 4008
		4008 4056 4057  4008 4057 4009
		4009 4057 4058  4009 4058 4010
		4010 4058 4059  4010 4059 4011
		4011 4059 4060  4011 4060 4012
		4012 4060 4061  4012 4061 4013
		4013 4061 4062  4013 4062 4014
		4014 4062 4063  4014 4063 4015
		4015 4063 4064  4015 4064 4016
		4016 4064 4065  4016 4065 4017
		4017 4065 4066  4017 4066 4018
		4018 4066 4067  4018 4067 4019
		4019 4067 4068  4019 4068 4020
		4020 4068 4069  4020 4069 4021
		4021 4069 4070  4021 4070 4022
		4022 4070 4071  4022 4071 4023
		4023 4071 4072  4023 4072 4024
		4024 4072 4073  4024 4073 4025
		4025 4073 4074  4025 4074 4026
		4026 4074 4075  4026 4075 4027
		4027 4075 4076  4027 4076 4028
		4028 4076 4077  4028 4077 4029
		4029 4077 4078  4029 4078 4030
		4030 4078 4079  4030 4079 4031
		4031 4079 4032  4031 4032 3984
		4032 4080 4081  4032 4081 4033
		4033 4081 4082  4033 4082 4034
		4034 4082 4083  4034 4083 4035
		4035 4083 4084  4035 4084 4036
		4036 4084 4085  4036 4085 4037
		4037 4085 4086  4037 4086 4038
		4038 4086 4087  4038 4087 4039
		4039 4087 4088  4039 4088 4040
		4040 4088 4089  4040 4089 4041
		4041 4089 4090  4041 4090 4042
		4042 4090 4091  4042 4091 4043
		4043 4091 4092  4043 4092 4044
		4044 4092 4093  4044 4093 4045
		4045 4093 4094  4045 4094 4046
		4046 4094 4095  4046 4095 4047
		4047 4095 4096  4047 4096 4048
		4048 4096 4097  4048 4097 4049
		4049 4097 4098  4049 4098 4050
		4050 4098 4099  4050 4099 4051
		4051 4099 4100  4051 4100 4052
		4052 4100 4101  4052 4101 4053
		4053 4101 4102  4053 4102 4054
		4054 4102 4103  4054 4103 4055
		4055 4103 4104  4055 4104 4056
		4056 4104 4105  4056 4105 4057
		4057 4105 4106  4057 4106 4058
		4058 4106 4107  4058 4107 4059
		4059 4107 4108  4059 4108 4060
		4060 4108 4109  4060 4109 4061
		4061 4109 4110  4061 4110 4062
		4062 4110 4111  4062 4111 4063
		4063 4111 4112  4063 4112 4064
		4064 4112 4113  4064 4113 4065
		4065 4113 4114  4065 4114 4066
		4066 4114 4115  4066 4115 4067
		4067 4115 4116  4067 4116 4068
		4068 4116 4117  4068 4117 4069
		4069 4117 4118  4069 4118 4070
		4070 4118 4119  4070 4119 4071
		4071 4119 4120  4071 4120 4072
		4072 4120 4121  4072 4121 4073
		4073 4121 4122  4073 4122 4074
		4074 4122 4123  4074 4123 4075
		4075 4123 4124  4075 4124 4076
		4076 4124 4125  4076 4125 4077
		4077 4125 4126  4077 4126 4078
		4078 4126 4127  4078 4127 4079
		4079 4127 4080  4079 4080 4032
		4080 4128 4129  4080 4129 4081
		4081 4129 4130  4081 4130 4082
		4082 4130 4131  4082 4131 4083
		4083 4131 4132  4083 4132 4084
		4084 4132 4133  4084 4133 4085
		4085 4133 4134  4085 4134 4086
		4086 4134 4135  4086 4135 4087
		4087 4135 4136  4087 4136 4088
		4088 4136 4137  4088 4137 4089
		4089 4137 4138  4089 4138 4090
		4090 4138 4139  4090 4139 4091
		4091 4139 4140  4091 4140 4092
		4092 4140 4141  4092 4141 4093
		4093 4141 4142  4093 4142 4094
		4094 4142 4143  4094 4143 4095
		4095 4143 4144  4095 4144 4096
		4096 4144 4145  4096 4145 4097
		4097 4145 4146  4097 4146 4098
		4098 4146 4147  4098 4147 4099
		4099 4147 4148  4099 4148 4100
		4100 4148 4149  4100 4149 4101
		4101 4149 4150  4101 4150 4102
		4102 4150 4151  4102 4151 4103
		4103 4151 4152  4103 4152 4104
		4104 4152 4153  4104 4153 4105
		4105 4153 4154  4105 4154 4106
		4106 4154 4155  4106 4155 4107
		4107 4155 4156  4107 4156 4108
		4108 4156 4157  4108 4157 4109
		4109 4157 4158  4109 4158 4110
		4110 4158 4159  4110 4159 4111
		4111 4159 4160  4111 4160 4112
		4112 4160 4161  4112 4161 4113
		4113 4161 4162  4113 4162 4114
		4114 4162 4163  4114 4163 4115
		4115 4163 4164  4115 4164 4116
		4116 4164 4165  4116 4165 4117
		4117 4165 4166  4117 4166 4118
		4118 4166 4167  4118 4167 4119
		4119 4167 4168  4119 4168 4120
		4120 4168 4169  4120 4169 4121
		4121 4169 4170  4121 4170 4122
		4122 4170 4171  4122 4171 4123
		4123 4171 4172  4123 4172 4124
		4124 4172 4173  4124 4173 4125
		4125 4173 4174  4125 4174 4126
		4126 4174 4175  4126 4175 4127
		4127 4175 4128  4127 4128 4080
		4128 4176 4177  4128 4177 4129
		4129 4177 4178  4129 4178 4130
		4130 4178 4179  4130 4179 4131
		4131 4179 4180  4131 4180 4132
		4132 4180 4181  4132 4181 4133
		4133 4181 4182  4133 4182 4134
		4134 4182 4183  4134 4183 4135
		4135 4183 4184  4135 4184 4136
		4136 4184 4185  4136 4185 4137
		4137 4185 4186  4137 4186 4138
		4138 4186 4187  4138 4187 4139
		4139 4187 4188  4139 4188 4140
		4140 4188 4189  4140 4189 4141
		4141 4189 4190  4141 4190 4142
		4142 4190 4191  4142 4191 4143
		4143 4191 4192  4143 4192 4144
		4144 4192 4193  4144 4193 4145
		4145 4193 4194  4145 4194 4146
		4146 4194 4195  4146 4195 4147
		4147 4195 4196  4147 4196 4148
		4148 4196 4197  4148 4197 4149
		4149 4197 4198  4149 4198 4150
		4150 4198 4199  4150 4199 4151
		4151 4199 4200  4151 4200 4152
		4152 4200 4201  4152 4201 4153
		4153 4201 4202  4153 4202 4154
		4154 4202 4203  4154 4203 4155
		4155 4203 4204  4155 4204 4156
		4156 4204 4205  4156 4205 4157
		4157 4205 4206  4157 4206 4158
		4158 4206 4207  4158 4207 4159
		4159 4207 4208  4159 4208 4160
		4160 4208 4209  4160 4209 4161
		4161 4209 4210  4161 4210 4162
		4162 4210 4211  4162 4211 4163
		4163 4211 4212  4163 4212 4164
		4164 4212 4213  4164 4213 4165
		4165 4213 4214  4165 4214 4166
		4166 4214 4215  4166 4215 4167
		4167 4215 4216  4167 4216 4168
		4168 4216 4217  4168 4217 4169
		4169 4217 4218  4169 4218 4170
		4170 4218 4219  4170 4219 4171
		4171 4219 4220  4171 4220 4172
		4172 4220 4221  4172 4221 4173
		4173 4221 4222  4173 4222 4174
		4174 4222 4223  4174 4223 4175
		4175 4223 4176  4175 4176 4128
		4176 4224 4225  4176 4225 4177
		4177 4225 4226  4177 4226 4178
		4178 4226 4227  4178 4227 4179
		4179 4227 4228  4179 4228 4180
		4180 4228 4229  4180 4229 4181
		4181 4229 4230  4181 4230 4182
		4182 4230 4231  4182 4231 4183
		4183 4231 4232  4183 4232 4184
		4184 4232 4233  4184 4233 4185
		4185 4233 4234  4185 4234 4186
		4186 4234 4235  4186 4235 4187
		4187 4235 4236  4187 4236 4188
		4188 4236 4237  4188 4237 4189
		4189 4237 4238  4189 4238 4190
		4190 4238 4239  4190 4239 4191
		4191 4239 4240  4191 4240 4192
		4192 4240 4241  4192 4241 4193
		4193 4241 4242  4193 4242 4194
		4194 4242 4243  4194 4243 4195
		4195 4243 4244  4195 4244 4196
		4196 4244 4245  4196 4245 4197
		4197 4245 4246  4197 4246 4198
		4198 4246 4247  4198 4247 4199
		4199 4247 4248  4199 4248 4200
		4200 4248 4249  4200 4249 4201
		4201 4249 4250  4201 4250 4202
		4202 4250 4251  4202 4251 4203
		4203 4251 4252  4203 4252 4204
		4204 4252 4253  4204 4253 4205
		4205 4253 4254  4205 4254 4206
		4206 4254 4255  4206 4255 4207
		4207 4255 4256  4207 4256 4208
		4208 4256 4257  4208 4257 4209
		4209 4257 4258  4209 4258 4210
		4210 4258 4259  4210 4259 4211
		4211 4259 4260  4211 4260 4212
		4212 4260 4261  4212 4261 4213
		4213 4261 4262  4213 4262 4214
		4214 4262 4263  4214 4263 4215
		4215 4263 4264  4215 4264 4216
		4216 4264 4265  4216 4265 4217
		4217 4265 4266  4217 4266 4218
		4218 4266 4267  4218 4267 4219
		4219 4267 4268  4219 4268 4220
		4220 4268 4269  4220 4269 4221
		4221 4269 4270  4221 4270 4222
		4222 4270 4271  4222 4271 4223
		4223 4271 4224  4223 4224 4176
		4224 4272 4273  4224 4273 4225
		4225 4273 4274  4225 4274 4226
		4226 4274 4275  4226 4275 4227
		4227 4275 4276  4227 4276 4228
		4228 4276 4277  4228 4277 4229
		4229 4277 4278  4229 4278 4230
		4230 4278 4279  4230 4279 4231
		4231 4279 4280  4231 4280 4232
		4232 4280 4281  4232 4281 4233
		4233 4281 4282  4233 4282 4234
		4234 4282 4283  4234 4283 4235
		4235 4283 4284  4235 4284 4236
		4236 4284 4285  4236 4285 4237
		4237 4285 4286  4237 4286 4238
		4238 4286 4287  4238 4287 4239
		4239 4287 4288  4239 4288 4240
		4240 4288 4289  4240 4289 4241
		4241 4289 4290  4241 4290 4242
		4242 4290 4291  4242 4291 4243
		4243 4291 4292  4243 4292 4244
		4244 4292 4293  4244 4293 4245
		4245 4293 4294  4245 4294 4246
		4246 4294 4295  4246 4295 4247
		4247 4295 4296  4247 4296 4248
		4248 4296 4297  4248 4297 4249
		4249 4297 4298  4249 4298 4250
		4250 4298 4299  4250 4299 4251
		4251 4299 4300  4251 4300 4252
		4252 4300 4301  4252 4301 4253
		4253 4301 4302  4253 4302 4254
		4254 4302 4303  4254 4303 4255
		4255 4303 4304  4255 4304 4256
		4256 4304 4305  4256 4305 4257
		4257 4305 4306  4257 4306 4258
		4258 4306 4307  4258 4307 4259
		4259 4307 4308  4259 4308 4260
		4260 4308 4309  4260 4309 4261
		4261 4309 4310  4261 4310 4262
		4262 4310 4311  4262 4311 4263
		4263 4311 4312  4263 4312 4264
		4264 4312 4313  4264 4313 4265
		4265 4313 4314  4265 4314 4266
		4266 4314 4315  4266 4315 4267
		4267 4315 4316  4267 4316 4268
		4268 4316 4317  4268 4317 4269
		4269 4317 4318  4269 4318 4270
		4270 4318 4319  4270 4319 4271
		4271 4319 4272  4271 4272 4224
		4272 4320 4321  4272 4321 4273
		4273 4321 4322  4273 4322 4274
		4274 4322 4323  4274 4323 4275
		4275 4323 4324  4275 4324 4276
		4276 4324 4325  4276 4325 4277
		4277 4325 4326  4277 4326 4278
		4278 4326 4327  4278 4327 4279
		4279 4327 4328  4279 4328 4280
		4280 4328 4329  4280 4329 4281
		4281 4329 4330  4281 4330 4282
		4282 4330 4331  4282 4331 4283
		4283 4331 4332  4283 4332 4284
		4284 4332 4333  4284 4333 4285
		4285 4333 4334  4285 4334 4286
		4286 4334 4335  4286 4335 4287
		4287 4335 4336  4287 4336 4288
		4288 4336 4337  4288 4337 4289
		4289 4337 4338  4289 4338 4290
		4290 4338 4339  4290 4339 4291
		4291 4339 4340  4291 4340 4292
		4292 4340 4341  4292 4341 4293
		4293 4341 4342  4293 4342 4294
		4294 4342 4343  4294 4343 4295
		4295 4343 4344  4295 4344 4296
		4296 4344 4345  4296 4345 4297
		4297 4345 4346  4297 4346 4298
		4298 4346 4347  4298 4347 4299
		4299 4347 4348  4299 4348 4300
		4300 4348 4349  4300 4349 4301
		4301 4349 4350  4301 4350 4302
		4302 4350 4351  4302 4351 4303
		4303 4351 4352  4303 4352 4304
		4304 4352 4353  4304 4353 4305
		4305 4353 4354  4305 4354 4306
		4306 4354 4355  4306 4355 4307
		4307 4355 4356  4307 4356 4308
		4308 4356 4357  4308 4357 4309
		4309 4357 4358  4309 4358 4310
		4310 4358 4359  4310 4359 4311
		4311 4359 4360  4311 4360 4312
		4312 4360 4361  4312 4361 4313
		4313 4361 4362  4313 4362 4314
		4314 4362 4363  4314 4363 4315
		4315 4363 4364  4315 4364 4316
		4316 4364 4365  4316 4365 4317
		4317 4365 4366  4317 4366 4318
		4318 4366 4367  4318 4367 4319
		4319 4367 4320  4319 4320 4272
		4320 4368 4369  4320 4369 4321
		4321 4369 4370  4321 4370 4322
		4322 4370 4371  4322 4371 4323
		4323 4371 4372  4323 4372 4324
		4324 4372 4373  4324 4373 4325
		4325 4373 4374  4325 4374 4326
		4326 4374 4375  4326 4375 4327
		4327 4375 4376  4327 4376 4328
		4328 4376 4377  4328 4377 4329
		4329 4377 4378  4329 4378 4330
		4330 4378 4379  4330 4379 4331
		4331 4379 4380  4331 4380 4332
		4332 4380 4381  4332 4381 4333
		4333 4381 4382  4333 4382 4334
		4334 4382 4383  4334 4383 4335
		4335 4383 4384  4335 4384 4336
		4336 4384 4385  4336 4385 4337
		4337 4385 4386  4337 4386 4338
		4338 4386 4387  4338 4387 4339
		4339 4387 4388  4339 4388 4340
		4340 4388 4389  4340 4389 4341
		4341 4389 4390  4341 4390 4342
		4342 4390 4391  4342 4391 4343
		4343 4391 4392  4343 4392 4344
		4344 4392 4393  4344 4393 4345
		4345 4393 4394  4345 4394 4346
		4346 4394 4395  4346 4395 4347
		4347 4395 4396  4347 4396 4348
		4348 4396 4397  4348 4397 4349
		4349 4397 4398  4349 4398 4350
		4350 4398 4399  4350 4399 4351
		4351 4399 4400  4351 4400 4352
		4352 4400 4401  4352 4401 4353
		4353 4401 4402  4353 4402 4354
		4354 4402 4403  4354 4403 4355
		4355 4403 4404  4355 4404 4356
		4356 4404 4405  4356 4405 4357
		4357 4405 4406  4357 4406 4358
		4358 4406 4407  4358 4407 4359
		4359 4407 4408  4359 4408 4360
		4360 4408 4409  4360 4409 4361
		4361 4409 4410  4361 4410 4362
		4362 4410 4411  4362 4411 4363
		4363 4411 4412  4363 4412 4364
		4364 4412 4413  4364 4413 4365
		4365 4413 4414  4365 4414 4366
		4366 4414 4415  4366 4415 4367
		4367 4415 4368  4367 4368 4320
		4368 4416 4417  4368 4417 4369
		4369 4417 4418  4369 4418 4370
		4370 4418 4419  4370 4419 4371
		4371 4419 4420  4371 4420 4372
		4372 4420 4421  4372 4421 4373
		4373 4421 4422  4373 4422 4374
		4374 4422 4423  4374 4423 4375
		4375 4423 4424  4375 4424 4376
		4376 4424 4425  4376 4425 4377
		4377 4425 4426  4377 4426 4378
		4378 4426 4427  4378 4427 4379
		4379 4427 4428  4379 4428 4380
		4380 4428 4429  4380 4429 4381
		4381 4429 4430  4381 4430 4382
		4382 4430 4431  4382 4431 4383
		4383 4431 4432  4383 4432 4384
		4384 4432 4433  4384 4433 4385
		4385 4433 4434  4385 4434 4386
		4386 4434 4435  4386 4435 4387
		4387 4435 4436  4387 4436 4388
		4388 4436 4437  4388 4437 4389
		4389 4437 4438  4389 4438 4390
		4390 4438 4439  4390 4439 4391
		4391 4439 4440  4391 4440 4392
		4392 4440 4441  4392 4441 4393
		4393 4441 4442  4393 4442 4394
		4394 4442 4443  4394 4443 4395
		4395 4443 4444  4395 4444 4396
		4396 4444 4445  4396 4445 4397
		4397 4445 4446  4397 4446 4398
		4398 4446 4447  4398 4447 4399
		4399 4447 4448  4399 4448 4400
		4400 4448 4449  4400 4449 4401
		4401 4449 4450  4401 4450 4402
		4402 4450 4451  4402 4451 4403
		4403 4451 4452  4403 4452 4404
		4404 4452 4453  4404 4453 4405
		4405 4453 4454  4405 4454 4406
		4406 4454 4455  4406 4455 4407
		4407 4455 4456  4407 4456 4408
		4408 4456 4457  4408 4457 4409
		4409 4457 4458  4409 4458 4410
		4410 4458 4459  4410 4459 4411
		4411 4459 4460  4411 4460 4412
		4412 4460 4461  4412 4461 4413
		4413 4461 4462  4413 4462 4414
		4414 4462 4463  4414 4463 4415
		4415 4463 4416  4415 4416 4368
		4416 4464 4465  4416 4465 4417
		4417 4465 4466  4417 4466 4418
		4418 4466 4467  4418 4467 4419
		4419 4467 4468  4419 4468 4420
		4420 4468 4469  4420 4469 4421
		4421 4469 4470  4421 4470 4422
		4422 4470 4471  4422 4471 4423
		4423 4471 4472  4423 4472 4424
		4424 4472 4473  4424 4473 4425
		4425 4473 4474  4425 4474 4426
		4426 4474 4475  4426 4475 4427
		4427 4475 4476  4427 4476 4428
		4428 4476 4477  4428 4477 4429
		4429 4477 4478  4429 4478 4430
		4430 4478 4479  4430 4479 4431
		4431 4479 4480  4431 4480 4432
		4432 4480 4481  4432 4481 4433
		4433 4481 4482  4433 4482 4434
		4434 4482 4483  4434 4483 4435
		4435 4483 4484  4435 4484 4436
		4436 4484 4485  4436 4485 4437
		4437 4485 4486  4437 4486 4438
		4438 4486 4487  4438 4487 4439
		4439 4487 4488  4439 4488 4440
		4440 4488 4489  4440 4489 4441
		4441 4489 4490  4441 4490 4442
		4442 4490 4491  4442 4491 4443
		4443 4491 4492  4443 4492 4444
		4444 4492 4493  4444 4493 4445
		4445 4493 4494  4445 4494 4446
		4446 4494 4495  4446 4495 4447
		4447 4495 4496  4447 4496 4448
		4448 4496 4497  4448 4497 4449
		4449 4497 4498  4449 4498 4450
		4450 4498 4499  4450 4499 4451
		4451 4499 4500  4451 4500 4452
		4452 4500 4501  4452 4501 4453
		4453 4501 4502  4453 4502 4454
		4454 4502 4503  4454 4503 4455
		4455 4503 4504  4455 4504 4456
		4456 4504 4505  4456 4505 4457
		4457 4505 4506  4457 4506 4458
		4458 4506 4507  4458 4507 4459
		4459 4507 4508  4459 4508 4460
		4460 4508 4509  4460 4509 4461
		4461 4509 4510  4461 4510 4462
		4462 4510 4511  4462 4511 4463
		4463 4511 4464  4463 4464 4416
		4464 4512 4513  4464 4513 4465
		4465 4513 4514  4465 4514 4466
		4466 4514 4515  4466 4515 4467
		4467 4515 4516  4467 4516 4468
		4468 4516 4517  4468 4517 4469
		4469 4517 4518  4469 4518 4470
		4470 4518 4519  4470 4519 4471
		4471 4519 4520  4471 4520 4472
		4472 4520 4521  4472 4521 4473
		4473 4521 4522  4473 4522 4474
		4474 4522 4523  4474 4523 4475
		4475 4523 4524  4475 4524 4476
		4476 4524 4525  4476 4525 4477
		4477 4525 4526  4477 4526 4478
		4478 4526 4527  4478 4527 4479
		4479 4527 4528  4479 4528 4480
		4480 4528 4529  4480 4529 4481
		4481 4529 4530  4481 4530 4482
		4482 4530 4531  4482 4531 4483
		4483 4531 4532  4483 4532 4484
		4484 4532 4533  4484 4533 4485
		4485 4533 4534  4485 4534 4486
		4486 4534 4535  4486 4535 4487
		4487 4535 4536  4487 4536 4488
		4488 4536 4537  4488 4537 4489
		4489 4537 4538  4489 4538 4490
		4490 4538 4539  4490 4539 4491
		4491 4539 4540  4491 4540 4492
		4492 4540 4541  4492 4541 4493
		4493 4541 4542  4493 4542 4494
		4494 4542 4543  4494 4543 4495
		4495 4543 4544  4495 4544 4496
		4496 4544 4545  4496 4545 4497
		4497 4545 4546  4497 4546 4498
		4498 4546 4547  4498 4547 4499
		4499 4547 4548  4499 4548 4500
		4500 4548 4549  4500 4549 4501
		4501 4549 4550  4501 4550 4502
		4502 4550 4551  4502 4551 4503
		4503 4551 4552  4503 4552 4504
		4504 4552 4553  4504 4553 4505
		4505 4553 4554  4505 4554 4506
		4506 4554 4555  4506 4555 4507
		4507 4555 4556  4507 4556 4508
		4508 4556 4557  4508 4557 4509
		4509 4557 4558  4509 4558 4510
		4510 4558 4559  4510 4559 4511
		4511 4559 4512  4511 4512 4464
		4512 4560 4561  4512 4561 4513
		4513 4561 4562  4513 4562 4514
		4514 4562 4563  4514 4563 4515
		4515 4563 4564  4515 4564 4516
		4516 4564 4565  4516 4565 4517
		4517 4565 4566  4517 4566 4518
		4518 4566 4567  4518 4567 4519
		4519 4567 4568  4519 4568 4520
		4520 4568 4569  4520 4569 4521
		4521 4569 4570  4521 4570 4522
		4522 4570 4571  4522 4571 4523
		4523 4571 4572  4523 4572 4524
		4524 4572 4573  4524 4573 4525
		4525 4573 4574  4525 4574 4526
		4526 4574 4575  4526 4575 4527
		4527 4575 4576  4527 4576 4528
		4528 4576 4577  4528 4577 4529
		4529 4577 4578  4529 4578 4530
		4530 4578 4579  4530 4579 4531
		4531 4579 4580  4531 4580 4532
		4532 4580 4581  4532 4581 4533
		4533 4581 4582  4533 4582 4534
		4534 4582 4583  4534 4583 4535
		4535 4583 4584  4535 4584 4536
		4536 4584 4585  4536 4585 4537
		4537 4585 4586  4537 4586 4538
		4538 4586 4587  4538 4587 4539
		4539 4587 4588  4539 4588 4540
		4540 4588 4589  4540 4589 4541
		4541 4589 4590  4541 4590 4542
		4542 4590 4591  4542 4591 4543
		4543 4591 4592  4543 4592 4544
		4544 4592 4593  4544 4593 4545
		4545 4593 4594  4545 4594 4546
		4546 4594 4595  4546 4595 4547
		4547 4595 4596  4547 4596 4548
		4548 4596 4597  4548 4597 4549
		4549 4597 4598  4549 4598 4550
		4550 4598 4599  4550 4599 4551
		4551 4599 4600  4551 4600 4552
		4552 4600 4601  4552 4601 4553
		4553 4601 4602  4553 4602 4554
		4554 4602 4603  4554 4603 4555
		4555 4603 4604  4555 4604 4556
		4556 4604 4605  4556 4605 4557
		4557 4605 4606  4557 4606 4558
		4558 4606 4607  4558 4607 4559
		4559 4607 4560  4559 4560 4512
		4560 0 47  4560 47 4561
		4561 47 46  4561 46 4562
		4562 46 45  4562 45 4563
		4563 45 44  4563 44 4564
		4564 44 43  4564 43 4565
		4565 43 42  4565 42 4566
		4566 42 41  4566 41 4567
		4567 41 40  4567 40 4568
		4568 40 39  4568 39 4569
		4569 39 38  4569 38 4570
		4570 38 37  4570 37 4571
		4571 37 36  4571 36 4572
		4572 36 35  4572 35 4573
		4573 35 34  4573 34 4574
		4574 34 33  4574 33 4575
		4575 33 32  4575 32 4576
		4576 32 31  4576 31 4577
		4577 31 30  4577 30 4578
		4578 30 29  4578 29 4579
		4579 29 28  4579 28 4580
		4580 28 27  4580 27 4581
		4581 27 26  4581 26 4582
		4582 26 25  4582 25 4583
		4583 25 24  4583 24 4584
		4584 24 23  4584 23 4585
		4585 23 22  4585 22 4586
		4586 22 21  4586 21 4587
		4587 21 20  4587 20 4588
		4588 20 19  4588 19 4589
		4589 19 18  4589 18 4590
		4590 18 17  4590 17 4591
		4591 17 16  4591 16 4592
		4592 16 15  4592 15 4593
		4593 15 14  4593 14 4594
		4594 14 13  4594 13 4595
		4595 13 12  4595 12 4596
		4596 12 11  4596 11 4597
		4597 11 10  4597 10 4598
		4598 10 9  4598 9 4599
		4599 9 8  4599 8 4600
		4600 8 7  4600 7 4601
		4601 7 6  4601 6 4602
		4602 6 5  4602 5 4603
		4603 5 4  4603 4 4604
		4604 4 3  4604 3 4605
		4605 3 2  4605 2 4606
		4606 2 1  4606 1 4607
		4607 1 0  4607 0 4560
	}
	*Reflectivity {0.4}
	//*TwoSided{}
}
